S.No.,State Code,State Name,Local Body Code,Local Body Version,Local Body Name (In English),Local Body Name (In Local),Localbody Type Code,Census 2011 Code
1,35,Andaman And Nicobar Islands,253098,6,Port Blair,Port Blair,5,804041
2,28,Andhra Pradesh,257868,3,Addanki,Addanki,5,0
3,28,Andhra Pradesh,251792,2,Adoni,Adoni,5,803003
4,28,Andhra Pradesh,296256,2,Akiveedu,AKIVEEDU,7,0
5,28,Andhra Pradesh,253272,5,Allagadda,Allagadda,5,0
6,28,Andhra Pradesh,299713,1,Alluru,Alluru,7,0
7,28,Andhra Pradesh,251699,3,Amadalavalasa,Amadalavalasa,5,802941
8,28,Andhra Pradesh,251735,3,Amalapuram,Amalapuram,5,802958
9,28,Andhra Pradesh,248112,3,Anantapur,Anantapur,4,803009
10,28,Andhra Pradesh,258033,4,Atmakur,Atmakur,5,0
11,28,Andhra Pradesh,253270,5,Atmakur (Kurnool),Atmakur (Kurnool),5,0
12,28,Andhra Pradesh,248111,2,Badvel,Badvel,5,802994
13,28,Andhra Pradesh,251760,2,Bapatla,Bapatla,5,802984
14,28,Andhra Pradesh,296260,2,Bethamcherla,BETHAMCHERLA,7,0
15,28,Andhra Pradesh,251741,3,Bhimavaram,Bhimavaram,5,802964
16,28,Andhra Pradesh,299714,1,B Kothakota,B Kothakota,7,0
17,28,Andhra Pradesh,251702,2,Bobbili,Bobbili,5,802944
18,28,Andhra Pradesh,296328,2,Buchireddypalem,Buchireddypalem,7,0
19,28,Andhra Pradesh,251756,5,Chilakaluripeta,Chilakaluripeta,5,802980
20,28,Andhra Pradesh,253274,8,Chimakurthy,Chimakurthy,5,0
21,28,Andhra Pradesh,299715,1,Chinthalapudi,Chinthalapudi,7,0
22,28,Andhra Pradesh,251763,2,Chirala,Chirala,5,802987
23,28,Andhra Pradesh,248122,12,Chittoor,Chittoor,4,803019
24,28,Andhra Pradesh,251782,2,Cuddapah,Cuddapah,4,802998
25,28,Andhra Pradesh,296261,2,Dachepalli,DACHEPALLI,7,0
26,28,Andhra Pradesh,296263,2,Darsi,DARSI,7,0
27,28,Andhra Pradesh,248115,2,Dharmavaram,Dharmavaram,5,803010
28,28,Andhra Pradesh,253169,3,Dhone(M),Dhone(M),5,803005
29,28,Andhra Pradesh,251739,4,Eluru,Eluru,4,802962
30,28,Andhra Pradesh,257869,2,Giddalur,Giddalur,7,0
31,28,Andhra Pradesh,277316,3,Gollaprolu,Gollaprolu,7,0
32,28,Andhra Pradesh,251797,4,Gooty,Gooty,5,0
33,28,Andhra Pradesh,251747,7,Gudivada,Gudivada,5,802970
34,28,Andhra Pradesh,263068,5,Gudur,GUDUR,5,802992
35,28,Andhra Pradesh,251773,7,Gudur (Kurnool),Gudur (Kurnool),7,0
36,28,Andhra Pradesh,248113,2,Guntakal,Guntakal,5,803007
37,28,Andhra Pradesh,251757,12,Guntur,Guntur,4,802981
38,28,Andhra Pradesh,296262,2,Gurajala,GURAJALA,7,0
39,28,Andhra Pradesh,248118,2,Hindupur,Hindupur,5,803012
40,28,Andhra Pradesh,251696,3,Ichapuram,Ichapuram,5,802939
41,28,Andhra Pradesh,277319,2,Jaggiahpet,Jaggiahpet,5,0
42,28,Andhra Pradesh,251780,3,Jammalamadugu,Jammalamadugu,7,802996
43,28,Andhra Pradesh,257906,3,Jangareddygudem,Jangareddygudem,5,0
44,28,Andhra Pradesh,248116,2,Kadiri,Kadiri,5,803011
45,28,Andhra Pradesh,251731,4,Kakinada,Kakinada,4,802955
46,28,Andhra Pradesh,251799,3,Kalyandurg,Kalyandurg,5,0
47,28,Andhra Pradesh,296259,2,Kamalapuram,KAMALAPURAM,7,0
48,28,Andhra Pradesh,251768,5,Kandukur,Kandukur,5,802989
49,28,Andhra Pradesh,253295,5,Kanigiri,Kanigiri,5,0
50,28,Andhra Pradesh,251770,4,Kavali,Kavali,5,802990
51,28,Andhra Pradesh,296264,3,Kondapalli,KONDAPALLI,5,0
52,28,Andhra Pradesh,251736,3,Kovvur,Kovvur,5,802959
53,28,Andhra Pradesh,296257,5,Kuppam,KUPPAM,5,0
54,28,Andhra Pradesh,251789,4,Kurnool,Kurnool,4,803002
55,28,Andhra Pradesh,251751,2,Macherla,మంచేరియాల్,5,802973
56,28,Andhra Pradesh,251750,3,Machilipatnam Municipal Corporation,Machilipatnam Municipal Corporation,4,802972
57,28,Andhra Pradesh,253253,4,Madakasira,Madakasira,7,0
58,28,Andhra Pradesh,248119,2,Madanapalli,Madanapalli,5,803015
59,28,Andhra Pradesh,251732,2,Mandapeta,Mandapeta,5,802956
60,28,Andhra Pradesh,251752,7,Mangalagiri Tadepalli,Mangalagiri Tadepalli,4,802976
61,28,Andhra Pradesh,251762,2,Markapur,Markapur,5,802986
62,28,Andhra Pradesh,277315,4,Mummidivaram,Mummidivaram,7,0
63,28,Andhra Pradesh,253297,3,Mydukur,Mydukur,5,0
64,28,Andhra Pradesh,248125,2,Nagari,Nagari,5,803016
65,28,Andhra Pradesh,257831,4,Naidupeta,Naidupeta,5,0
66,28,Andhra Pradesh,254922,4,Nandigama,Nandigama,5,0
67,28,Andhra Pradesh,253273,5,Nandikotkur,Nandikotkur,5,0
68,28,Andhra Pradesh,251795,6,Nandyal,Nandyal,5,803004
69,28,Andhra Pradesh,251742,2,Narasapur,Narasapur,5,802965
70,28,Andhra Pradesh,251755,4,Narasaraopeta,Narasaraopeta,5,802979
71,28,Andhra Pradesh,251716,4,Narsipatnam,Narsipatnam,5,0
72,28,Andhra Pradesh,251711,4,Nellimarla,Nellimarla,7,0
73,28,Andhra Pradesh,251772,6,Nellore Municipal Corporation,నెల్లూరు నగరపాలక సంస్థ,4,802991
74,28,Andhra Pradesh,251737,2,Nidadavole,Nidadavole,5,802960
75,28,Andhra Pradesh,251745,2,Nuzvid,Nuzvid,5,802968
76,28,Andhra Pradesh,251766,5,Ongole,Ongole,4,802988
77,28,Andhra Pradesh,251743,6,Palacole,Palacole,5,802966
78,28,Andhra Pradesh,257967,2,Palakonda,Palakonda,7,0
79,28,Andhra Pradesh,248123,2,Palamaner,Palamaner,5,803020
80,28,Andhra Pradesh,251695,3,Palasa Kasibugga,Palasa Kasibugga,5,802938
81,28,Andhra Pradesh,253252,3,Pamidi,,7,0
82,28,Andhra Pradesh,251701,3,Parvathipuram,Parvathipuram,5,802943
83,28,Andhra Pradesh,251749,3,Pedana,Pedana,5,802971
84,28,Andhra Pradesh,251724,2,Peddapuram,Peddapuram,5,802951
85,28,Andhra Pradesh,296250,2,Penukonda,PENUKONDA,7,0
86,28,Andhra Pradesh,253167,2,Piduguralla,Piduguralla,5,802974
87,28,Andhra Pradesh,251728,2,Pithapuram,Pithapuram,5,802954
88,28,Andhra Pradesh,299716,1,Podili,Podili,7,0
89,28,Andhra Pradesh,251759,2,Ponnuru,Ponnuru,5,802983
90,28,Andhra Pradesh,251778,2,Proddatur,Proddatur,5,802995
91,28,Andhra Pradesh,253101,2,Pulivendula,Pulivendula,5,802997
92,28,Andhra Pradesh,248120,2,Punganur,Punganur,5,803018
93,28,Andhra Pradesh,253254,5,Puttaparthi,Puttaparthi,5,0
94,28,Andhra Pradesh,248126,2,Puttur,Puttur,5,803017
95,28,Andhra Pradesh,251725,13,Rajahmundry,Rajahmundry,4,802952
96,28,Andhra Pradesh,251698,3,Rajam,Rajam,5,802940
97,28,Andhra Pradesh,253102,2,Rajampet,Rajampet,5,803000
98,28,Andhra Pradesh,251733,2,Ramachandrapuram,Ramachandrapuram,5,802957
99,28,Andhra Pradesh,251786,2,Rayachoti,Rayachoti,5,802999
100,28,Andhra Pradesh,248117,2,Rayadurg,Rayadurg,5,803006
101,28,Andhra Pradesh,251761,2,Repalle,Repalle,5,802985
102,28,Andhra Pradesh,251703,2,Salur,Salur,5,802945
103,28,Andhra Pradesh,251727,2,Samalkot,Samalkot,5,802953
104,28,Andhra Pradesh,251753,2,Sattenapalle,Sattenapalle,5,802977
105,28,Andhra Pradesh,251700,7,Srikakulam,Srikakulam,4,802942
106,28,Andhra Pradesh,248124,3,Srikalahasti,Srikalahasti,5,803013
107,28,Andhra Pradesh,253227,4,Sullurupeta,Sullurupeta,5,0
108,28,Andhra Pradesh,251738,4,Tadepalligudem,Tadepalligudem,5,802961
109,28,Andhra Pradesh,248114,2,Tadipatri,Tadipatri,5,803008
110,28,Andhra Pradesh,251740,3,Tanuku,Tanuku,5,802963
111,28,Andhra Pradesh,251758,2,Tenali,Tenali,5,802982
112,28,Andhra Pradesh,248121,9,Tirupati,Tirupati,4,803014
113,28,Andhra Pradesh,254924,3,Tiruvuru,Tiruvuru,7,0
114,28,Andhra Pradesh,251722,2,Tuni,Tuni,5,802950
115,28,Andhra Pradesh,251774,5,Venkatagiri,Venkatagiri,5,802993
116,28,Andhra Pradesh,251746,4,Vijayawada Municipal Corporation,విజయవాడ నగరపాలక సంస్థ,4,802969
117,28,Andhra Pradesh,251754,3,Vinukonda,Vinukonda,5,802978
118,28,Andhra Pradesh,251719,8,Visakhapatnam,Visakhapatnam,4,802947
119,28,Andhra Pradesh,251709,6,Vizianagaram Municipal Corporation,Vizianagaram Municipal Corporation,4,802946
120,28,Andhra Pradesh,254923,2,Vuyyuru,Vuyyuru,7,0
121,28,Andhra Pradesh,258054,3,Yelamanchili,Yelamanchili,5,0
122,28,Andhra Pradesh,277317,2,Yeleswaram,Yeleswaram,7,0
123,28,Andhra Pradesh,251787,3,Yemmiganur,Yemmiganur,5,803001
124,28,Andhra Pradesh,251781,3,Yerraguntla,Yerraguntla,7,0
125,28,Andhra Pradesh,299612,1,Ysr Tadigadapa,Ysr Tadigadapa,5,0
126,12,Arunachal Pradesh,249705,3,Along,Along,7,801432
127,12,Arunachal Pradesh,249706,3,Basar,Basar,7,801433
128,12,Arunachal Pradesh,249699,2,Bomdila,Bomdila,7,801426
129,12,Arunachal Pradesh,299586,1,Bordumsa,BORDUMSA,7,0
130,12,Arunachal Pradesh,249711,1,Changlang,Changlang,7,801437
131,12,Arunachal Pradesh,299587,2,Chayangtajo,CHAYANGTAJO,7,0
132,12,Arunachal Pradesh,249704,3,Daporijo,Daporijo,7,801431
133,12,Arunachal Pradesh,249713,3,Deomali,Deomali,7,801440
134,12,Arunachal Pradesh,299584,1,Doimukh,DOIMUKH,7,0
135,12,Arunachal Pradesh,299582,1,Dumporijo,DUMPORIJO,7,0
136,12,Arunachal Pradesh,299588,1,Hayuliang,HAYULIANG,7,0
137,12,Arunachal Pradesh,249701,2,Itanagar,Itanagar,7,801428
138,12,Arunachal Pradesh,276621,3,Itanagar,ITANAGAR,4,0
139,12,Arunachal Pradesh,249712,2,Jairampur,Jairampur,7,801438
140,12,Arunachal Pradesh,299589,2,Kalaktang,KALAKTANG,7,0
141,12,Arunachal Pradesh,299590,1,Kharsang,KHARSANG,7,0
142,12,Arunachal Pradesh,249714,2,Khonsa,Khonsa,7,801441
143,12,Arunachal Pradesh,299583,1,Kimin,KIMIN,7,0
144,12,Arunachal Pradesh,299591,1,Lemmi,LEMMI,7,0
145,12,Arunachal Pradesh,299597,1,Mechuka,MECHUKA,7,0
146,12,Arunachal Pradesh,249702,2,Naharlagun,Naharlagun,7,801429
147,12,Arunachal Pradesh,249710,3,Namsai,Namsai,7,801448
148,12,Arunachal Pradesh,249707,3,Pasighat,Pasighat,7,801435
149,12,Arunachal Pradesh,276622,2,Pasighat,PASIGHAT,5,0
150,12,Arunachal Pradesh,299585,1,Raga,RAGA,7,0
151,12,Arunachal Pradesh,249708,4,Roing,Roing,7,801446
152,12,Arunachal Pradesh,299592,1,Ruksin,RUKSIN,7,0
153,12,Arunachal Pradesh,299593,2,Rupa,RUPA,7,0
154,12,Arunachal Pradesh,299594,1,Sangram,SANGRAM,7,0
155,12,Arunachal Pradesh,249700,2,Seppa,Seppa,7,801427
156,12,Arunachal Pradesh,299595,1,Tato,TATO,7,0
157,12,Arunachal Pradesh,249698,1,Tawang,Tawang,7,801424
158,12,Arunachal Pradesh,249709,3,Tezu,Tezu,7,801447
159,12,Arunachal Pradesh,299596,2,Yachuli,YACHULI,7,0
160,12,Arunachal Pradesh,249703,2,Ziro,Ziro,7,801443
161,18,Assam,249838,1,Abhayapuri,Abhayapuri,7,801621
162,18,Assam,249906,1,Amguri,Amguri,5,801590
163,18,Assam,249941,1,Badarpur,Badarpur,7,801617
164,18,Assam,301400,1,Baithalangso,Baithalangso,7,0
165,18,Assam,253264,5,Bakalia,Bakalia,7,0
166,18,Assam,249922,1,Barpathar,Barpathar,7,801603
167,18,Assam,249843,2,Barpeta,Barpeta,5,801557
168,18,Assam,249841,2,Barpeta Road,Barpeta Road,5,801555
169,18,Assam,249823,2,Basugaon,Basugaon,7,801622
170,18,Assam,249881,2,Bihpuria,Bihpuria,5,801576
171,18,Assam,249839,2,Bijni,Bijni,7,801623
172,18,Assam,300488,1,Bilasipara Tc,Bilasipara Tc,7,0
173,18,Assam,249879,3,Biswanath Chariali,Biswanath Chariali,5,801573
174,18,Assam,249926,3,Bokajan,Bokajan,7,801607
175,18,Assam,277144,1,Bokakhat,Bokakhat,5,801599
176,18,Assam,300494,1,Bokakhat Tc,Bokakhat Tc,7,0
177,18,Assam,249836,2,Bongaigaon,Bongaigaon,5,801620
178,18,Assam,249898,1,Chabua,Chabua,7,801587
179,18,Assam,259861,1,Chapakhowa,Chapakhowa,7,0
180,18,Assam,300489,1,Chapar Tc,Chapar Tc,7,0
181,18,Assam,300490,1,Chapar Tc,Chapar Tc,7,0
182,18,Assam,299966,1,Deithor Town Committee,Deithor Town Committee,7,0
183,18,Assam,277146,1,Demow,Demow,7,0
184,18,Assam,249918,2,Dergaon,Dergaon,5,801600
185,18,Assam,253211,1,Dhakuakhana,Dhakuakhana,7,801578
186,18,Assam,249875,2,Dhekiajuli,Dhekiajuli,5,801570
187,18,Assam,249883,1,Dhemaji,Dhemaji,7,801579
188,18,Assam,277145,1,Dhing,Dhing,5,0
189,18,Assam,249827,3,Dhubri,Dhubri,5,801549
190,18,Assam,249896,1,Dibrugarh,Dibrugarh,5,801586
191,18,Assam,249890,1,Digboi,Digboi,7,801584
192,18,Assam,249925,3,Diphu,Diphu,7,801606
193,18,Assam,249871,2,Doboka,Doboka,7,801567
194,18,Assam,249928,2,Dokmoka,Dokmoka,7,801609
195,18,Assam,299967,1,Dolamara Town Committee,Dolamara Town Committee,7,0
196,18,Assam,249924,2,Donkamokam,Donkamokam,7,801605
197,18,Assam,249886,1,Doom Dooma,Doom Dooma,7,801581
198,18,Assam,249826,2,Gauripur,Gauripur,7,801548
199,18,Assam,249834,1,Goalpara,Goalpara,5,801554
200,18,Assam,249880,2,Gohpur,Gohpur,7,801574
201,18,Assam,249919,1,Golaghat,Golaghat,5,801601
202,18,Assam,300491,1,Golokganj Tc,Golokganj Tc,7,0
203,18,Assam,277147,2,Goreswar,Goreswar,7,0
204,18,Assam,249821,1,Gossaigaon,Gossaigaon,7,801546
205,18,Assam,249854,1,Guwahati,Guwahati,4,801627
206,18,Assam,249930,2,Haflong,Haflong,7,801611
207,18,Assam,249944,1,Hailakandi,Hailakandi,5,801618
208,18,Assam,249923,2,Hamren,Hamren,7,801604
209,18,Assam,249870,2,Hojai,Hojai,5,801566
210,18,Assam,249844,2,Howli,Howli,7,801558
211,18,Assam,249927,1,Howraghat,Howraghat,7,801608
212,18,Assam,296973,2,Jamugurihat Mb,Jamugurihat MB,5,0
213,18,Assam,300493,1,Jamugurihat Tc,Jamugurihat Tc,7,0
214,18,Assam,249912,1,Jorhat,Jorhat,5,801595
215,18,Assam,296999,1,Kajalgaon Tc,KAJALGAON TC,7,0
216,18,Assam,249869,1,Kampur Town,Kampur Town,7,801565
217,18,Assam,249940,2,Karimganj,Karimganj,5,801616
218,18,Assam,249861,1,Kharupatia,Kharupatia,7,801631
219,18,Assam,300487,1,Kokrajhar Mb,Kokrajhar Mb,5,0
220,18,Assam,249939,3,Lakhipur Municipality,Lakhipur Municipality,5,801615
221,18,Assam,300492,1,Lakhipur Tc,Lakhipur Tc,7,0
222,18,Assam,249945,1,Lala,Lala,7,801619
223,18,Assam,277148,1,Langhin,Langhin,7,0
224,18,Assam,300495,1,Lanka Mb,Lanka Mb,7,0
225,18,Assam,249872,2,Lumding,Lumding,5,801568
226,18,Assam,249931,1,Mahur,Mahur,7,801612
227,18,Assam,249932,2,Maibong,Maibong,7,801613
228,18,Assam,249887,1,Makum,Makum,7,801582
229,18,Assam,249860,1,Mangaldoi,Mangaldoi,5,801630
230,18,Assam,299968,1,Manja Town Committee,Manja Town Committee,7,0
231,18,Assam,249892,1,Margherita,Margherita,7,801585
232,18,Assam,249915,1,Mariani,Mariani,7,801598
233,18,Assam,249864,2,Marigaon,Marigaon,5,801561
234,18,Assam,249902,3,Moran Town,Moran Town,5,0
235,18,Assam,249866,1,Nagaon,Nagaon,5,801563
236,18,Assam,249903,1,Naharkatiya,Naharkatiya,7,801588
237,18,Assam,249858,1,Nalbari,Nalbari,5,801629
238,18,Assam,249904,1,Namrup,Namrup,7,0
239,18,Assam,253212,1,Narayanpur,Narayanpur,7,801575
240,18,Assam,249907,1,Nazira,Nazira,5,801591
241,18,Assam,249855,2,North Guwahati,North Guwahati,7,801626
242,18,Assam,249882,1,North Lakhimpur,North Lakhimpur,5,801577
243,18,Assam,249851,1,Palasbari,Palasbari,5,801625
244,18,Assam,262892,2,Patacharkuchi,Patacharkuchi,7,0
245,18,Assam,302545,1,Patharkandi,,5,0
246,18,Assam,249847,3,Pathsala,Pathsala,7,801560
247,18,Assam,299969,1,Phuloni Centre Town Committee,Phuloni Centre Town Committee,7,0
248,18,Assam,271990,1,Raha,Raha,7,801564
249,18,Assam,289553,2,Ramkrishnanagar,Ramkrishnanagar,5,0
250,18,Assam,277150,2,Ramkrishna Nagar,Ramkrishna Nagar,7,0
251,18,Assam,249876,2,Rangapara,Rangapara,7,801571
252,18,Assam,277143,2,Rangia,Rangia,5,0
253,18,Assam,299970,1,Rongmongve Town Committee,Rongmongve Town Committee,7,0
254,18,Assam,299971,1,Samelangso Town Committee,Samelangso Town Committee,7,0
255,18,Assam,249828,2,Sapatgram,Sapatgram,7,801550
256,18,Assam,249842,2,Sarbhog,Sarbhog,7,801556
257,18,Assam,249846,2,Sarthebari,Sarthebari,7,801559
258,18,Assam,249921,1,Sarupathar,Sarupathar,7,801602
259,18,Assam,249905,1,Sibsagar,Sibsagar,5,801589
260,18,Assam,249884,1,Silapathar,Silapathar,7,801580
261,18,Assam,249933,1,Silchar,Silchar,5,801614
262,18,Assam,253214,1,Simaluguri,Simaluguri,7,801592
263,18,Assam,296992,4,Sipajhar Mb,SIPAJHAR MB,5,0
264,18,Assam,277152,1,Sonai,Sonai,7,0
265,18,Assam,289552,1,Sonai,Sonai,5,0
266,18,Assam,249908,3,Sonari,Sonari,5,801593
267,18,Assam,277151,2,Sootea,Sootea,7,0
268,18,Assam,249859,1,Tangla,Tangla,7,801632
269,18,Assam,263017,1,Teoktc,Teok,7,0
270,18,Assam,249877,1,Tezpur,Tezpur,5,801572
271,18,Assam,249857,2,Tihu,Tihu,7,801628
272,18,Assam,249888,1,Tinsukia,Tinsukia,5,801583
273,18,Assam,249916,1,Titabor Town,Titabor Town,7,801597
274,18,Assam,249862,1,Udalguri,Udalguri,7,801633
275,18,Assam,249929,2,Umrangso,Umrangso,7,801610
276,10,Bihar,299131,3,Akbarnagar,अकबरनगर,7,0
277,10,Bihar,299227,1,Alamnagar,आलमनगर,7,0
278,10,Bihar,299218,2,Alauli,अलौली,7,0
279,10,Bihar,249632,5,Amarpur,अमरपुर,7,801355
280,10,Bihar,301385,2,AMDABAD,अमदाबाद,7,0
281,10,Bihar,299232,2,Amour,अमौर,7,0
282,10,Bihar,299134,1,Andar,आंदर,7,0
283,10,Bihar,249587,2,Araria,अररिया,5,801307
284,10,Bihar,249570,3,Areraj,अरेराज,7,801286
285,10,Bihar,249659,3,Arrah,आरा,4,801385
286,10,Bihar,253281,2,Arwal,अरवल,5,801415
287,10,Bihar,300549,2,Asarganj,असरगंज,7,0
288,10,Bihar,299293,1,Asthawan,अस्थावां,7,0
289,10,Bihar,290025,2,Aurangabad,औरंगाबाद,5,801401
290,10,Bihar,249562,3,Bagaha,बगहा,5,801279
291,10,Bihar,249589,3,Bahadurganj,बहादुरगंज,7,801309
292,10,Bihar,301283,2,Baheri,बहेड़ी,7,0
293,10,Bihar,249573,4,Bairgania,बैरगनिया,5,801293
294,10,Bihar,299120,4,Baisi ,बायसी,7,0
295,10,Bihar,277129,4,Bakhri,बखरी,5,801347
296,10,Bihar,277098,2,Bakhtiyarpur,बख्तियारपुर,5,801381
297,10,Bihar,277136,3,Balia,बलिया,5,801348
298,10,Bihar,299212,1,Balrampur,बलरामपुर,7,0
299,10,Bihar,300558,1,Bangaon,बनगांव,7,0
300,10,Bihar,249633,4,Banka,बांका,5,801356
301,10,Bihar,277133,4,Banmankhi,बनमनखी,5,801311
302,10,Bihar,299234,3,Banmankhi,बनमनखी,5,0
303,10,Bihar,249638,4,Barahiya,बड़हिया,5,801360
304,10,Bihar,301330,2,BARARI,बरारी,7,0
305,10,Bihar,277131,3,Barauli,बरौली,5,801328
306,10,Bihar,300544,3,Barauni,बरौनी,5,0
307,10,Bihar,277103,3,Barbigha,बरबीघा,5,801362
308,10,Bihar,249656,2,Barh,बाढ़,5,801382
309,10,Bihar,299143,4,Barharia,बडहरिया,7,0
310,10,Bihar,276406,1,Barsoi,बारसोई,7,0
311,10,Bihar,299118,1,Barun,बारुन,7,0
312,10,Bihar,300564,2,Baruraaj,बरुराज,7,0
313,10,Bihar,299139,1,Basantpur,बसंतपुर ,7,0
314,10,Bihar,249624,5,Begusarai,बेगुसराय,4,801346
315,10,Bihar,249661,3,Behea,बिहियाँ,7,801387
316,10,Bihar,299214,2,Beldaur,बेलदौर,7,0
317,10,Bihar,249574,3,Belsand,बेलसंड,7,801294
318,10,Bihar,299291,2,Benipatti,बेनीपट्टी,7,0
319,10,Bihar,276642,2,Benipur,बेनीपुर,5,801320
320,10,Bihar,249564,6,Bettiah,बेतिया,4,801281
321,10,Bihar,249666,3,Bhabua,भभुआ,5,801392
322,10,Bihar,249630,1,Bhagalpur,भागलपुर,4,801354
323,10,Bihar,299170,2,Bharwara,भरवारा,7,0
324,10,Bihar,299237,1,Bhawanipur,भवानीपुर,7,0
325,10,Bihar,299224,1,Bihariganj,बिहारीगंज ,7,0
326,10,Bihar,249642,5,Biharsharif,बिहारशरीफ,4,801364
327,10,Bihar,276643,3,Bihat,बीहट,5,801345
328,10,Bihar,299176,2,Bihta,बिहटा ,5,0
329,10,Bihar,276644,3,Bikarm,बिक्रम,7,801377
330,10,Bihar,249668,5,Bikramganj,विक्रमगंज,5,801394
331,10,Bihar,301284,1,Biraul,बिरौल,7,0
332,10,Bihar,249583,3,Birpur,बीरपुर,7,801303
333,10,Bihar,260469,2,Bisahi,BISAHI,5,0
334,10,Bihar,249683,6,Bodh Gaya,बोधगया,5,801406
335,10,Bihar,300565,2,Bounsi,बौंसी,7,0
336,10,Bihar,300545,2,Brahmpur,ब्रहम्पुर,7,0
337,10,Bihar,249665,3,Buxar,बक्सर,5,801391
338,10,Bihar,249571,3,Chakia,चकिया,5,801288
339,10,Bihar,299272,1,Champanagar,चम्पानगर,7,0
340,10,Bihar,299288,1,Chandi,चंडी ,7,0
341,10,Bihar,249563,3,Chanpatia,चनपटिया,7,801280
342,10,Bihar,249612,3,Chapra,छपरा,4,801333
343,10,Bihar,300546,4,Chausa,चौसा,7,0
344,10,Bihar,299307,1,Chenari,चेनारी,7,0
345,10,Bihar,299151,1,Chewara,चेवाड़ा,7,0
346,10,Bihar,249621,5,Dalsinghsarai,दलसिंहसराय,5,801341
347,10,Bihar,249648,3,Danapur,दानापुर,5,801370
348,10,Bihar,249600,3,Darbhanga,दरभंगा,4,801319
349,10,Bihar,249674,4,Daudnagar,दाउदनगर,5,801399
350,10,Bihar,249671,4,Dehri Dalmianagar,डिहरी डालमियानगर,5,801398
351,10,Bihar,299117,2,Deo,देव,7,0
352,10,Bihar,249567,6,Dhaka,ढाका,5,801284
353,10,Bihar,299236,1,Dhamdaha,धमदाहा,7,0
354,10,Bihar,249614,3,Dighwara,दिघवारा,7,801335
355,10,Bihar,299306,2,Dinara,दिनारा,7,0
356,10,Bihar,299185,1,Dobhi,डोभी ,7,0
357,10,Bihar,249664,3,Dumraon,डुमरांव,5,801390
358,10,Bihar,299301,2,Ekangarsarai,एकंगरसराय,7,0
359,10,Bihar,265438,3,Ekma Bazar,एकमा बाजार,7,0
360,10,Bihar,299188,2,Fatehpur,फतेहपुर,7,0
361,10,Bihar,249653,4,Fatuha,फतुहा,5,801379
362,10,Bihar,249586,1,Forbesganj,फारबिसगंज,5,801306
363,10,Bihar,299146,1,Garhani,गढ़हनी  ,7,0
364,10,Bihar,249680,3,Gaya,गया,4,801404
365,10,Bihar,301285,2,GHANSHYAMPUR,घनश्यामपुर,7,0
366,10,Bihar,249581,3,Ghoghardiha,घोघरडीहा,7,801301
367,10,Bihar,300548,2,Ghoshi,घोषी,7,0
368,10,Bihar,299285,3,Giriak,गिरियक ,7,0
369,10,Bihar,249626,6,Gogri Jamalpur,गोगरी जमालपुर,5,801350
370,10,Bihar,249606,2,Gopalganj,गोपालगंज,5,801327
371,10,Bihar,300561,1,Gopalpur,गोपालपुर,7,0
372,10,Bihar,300563,3,Goraul,गोरौल,7,0
373,10,Bihar,299136,2,Guthani,गुठनी ,7,0
374,10,Bihar,299123,1,Habibpur,हबीबपुर,7,0
375,10,Bihar,249617,3,Hajipur,हाजीपुर,5,801338
376,10,Bihar,276429,5,Harnaut,हरनौत,7,0
377,10,Bihar,299133,1,Hasanpura,हसनपुरा,7,0
378,10,Bihar,299203,1,Hata,हाटा,7,0
379,10,Bihar,299138,4,Hathua,हथुआ,7,0
380,10,Bihar,299171,2,Haweli Kharagpur,हवेली खरगपुर ,5,0
381,10,Bihar,301277,1,HAYAGHAT,हायाघाट,7,0
382,10,Bihar,249643,3,Hilsa,हिलसा,5,801365
383,10,Bihar,249686,7,Hisua,हिसुआ,5,801409
384,10,Bihar,299132,2,Hussainganj,हुसैनगंज,7,0
385,10,Bihar,299186,1,Imamganj,इमामगंज,7,0
386,10,Bihar,249644,4,Islampur,ईसलामपुर,5,801366
387,10,Bihar,300547,2,Itarhi,इटाढ़ी,7,0
388,10,Bihar,249662,2,Jagdishpur,जगदीशपुर,7,801388
389,10,Bihar,249578,2,Jainagar,जयनगर,7,801298
390,10,Bihar,299159,1,Jalalpur,जलालपुर ,7,0
391,10,Bihar,301286,3,Jale,जाले,5,0
392,10,Bihar,249635,2,Jamalpur,जमालपुर,5,801358
393,10,Bihar,305270,1,JAMHAUR,,7,0
394,10,Bihar,249687,3,Jamui,जमुई,5,801411
395,10,Bihar,249577,4,Janakpur Road,जनकपुर रोड,5,801297
396,10,Bihar,299273,1,Jandaha,जन्दाहा,7,0
397,10,Bihar,300557,2,Jankinagar,जानकीनगर,7,0
398,10,Bihar,249672,4,Jehanabad,जहानाबाद,5,801413
399,10,Bihar,249688,5,Jhajha,झाझा,5,801412
400,10,Bihar,249580,3,Jhanjharpur,झंझारपुर,5,801300
401,10,Bihar,249585,5,Jogabani,जोगबनी,5,801305
402,10,Bihar,299113,1,Jokihat,जोकीहाट,7,0
403,10,Bihar,277134,2,Kahalgaon,कहलगांव,7,801352
404,10,Bihar,299162,2,Kahra,कहरा,7,0
405,10,Bihar,301334,1,KAKO,काको,7,0
406,10,Bihar,299158,3,KAMTAUL Ahiyari,कमतौल अहियारी,7,0
407,10,Bihar,249602,4,Kanti,कांटी,5,801323
408,10,Bihar,299304,1,Karakat,काराकाट,7,0
409,10,Bihar,299233,2,Kasba,कसबा,5,0
410,10,Bihar,249604,3,Kataiya,कटैया,7,801325
411,10,Bihar,249595,3,Katihar,कटिहार,4,801314
412,10,Bihar,299121,2,Katoria,कटोरिया,7,0
413,10,Bihar,277126,3,Kesaria,केसरिया,7,801287
414,10,Bihar,249625,5,Khagaria,खगड़िया,5,801349
415,10,Bihar,249649,2,Khagaul,खगौल,5,801372
416,10,Bihar,299187,2,Khizarsarai,खिज़रसराय,7,0
417,10,Bihar,249654,3,Khusrupur,खुशरूपुर,7,801380
418,10,Bihar,249590,2,Kishanganj,किशनगंज,5,801310
419,10,Bihar,249667,4,Koath,कोथ,7,801393
420,10,Bihar,276405,2,Kochas,कोचस,7,0
421,10,Bihar,249660,3,Koilwar,कोईलवर,7,801386
422,10,Bihar,300560,2,Kopa,कोपा,7,0
423,10,Bihar,299210,1,Korha,कोरहा,7,0
424,10,Bihar,299204,1,Kudra,कुदरा ,7,0
425,10,Bihar,299230,2,Kurhani,कुर्हानी ,7,0
426,10,Bihar,299209,1,Kursela,कुर्सेला,7,0
427,10,Bihar,299116,1,Kurtha,कुर्था,7,0
428,10,Bihar,301276,1,KUSHESWAR ASTHAN EAST,कुशेश्वरस्थान पूर्वी,7,0
429,10,Bihar,249639,2,Lakhisarai,लखीसराय,5,801361
430,10,Bihar,249616,4,Lalganj,लालगंज,5,801337
431,10,Bihar,300555,3,Lauria,लौरिया,7,0
432,10,Bihar,300556,3,Macharganwa,मच्छरगांवा,7,0
433,10,Bihar,249597,3,Madhepura,मधेपुरा,5,801316
434,10,Bihar,300551,2,Madhopur Susta,माधोपुर सुस्ता,7,0
435,10,Bihar,249579,5,Madhubani,मधुबनी,4,801299
436,10,Bihar,249609,3,Maharajganj,महराजगंज,7,801330
437,10,Bihar,249618,3,Mahnar,महनार,5,801339
438,10,Bihar,277125,3,Mahua,महुआ,5,0
439,10,Bihar,249610,3,Mairwa,मैरवा,7,801331
440,10,Bihar,249673,4,Makhdumpur,मखदुमपुर,7,801414
441,10,Bihar,249647,4,Maner,मनेर,5,801369
442,10,Bihar,249596,3,Manihari,मनिहारी,7,801315
443,10,Bihar,299156,1,Manjhi,मांझी ,7,0
444,10,Bihar,299216,2,Mansi,मानसी,7,0
445,10,Bihar,249613,3,Marhaura,मढौरा,7,801334
446,10,Bihar,249652,7,Masaurhi,मसौढ़ी,5,801378
447,10,Bihar,299157,1,Mashrakh,मशरख ,7,0
448,10,Bihar,277128,2,Mehsi,मेहसी,7,801291
449,10,Bihar,299223,2,Minapur,मीनापुर ,7,0
450,10,Bihar,249605,5,Mirganj,मीरगंज,5,801326
451,10,Bihar,299271,1,Mirganj,मीरगंज,7,0
452,10,Bihar,276648,2,Mohaniya,मोहनियाँ,7,0
453,10,Bihar,249657,3,Mokama,मोकामा,5,801383
454,10,Bihar,249568,5,Motihari,मोतिहारी,4,801285
455,10,Bihar,249601,4,Motipur,मोतीपुर,5,801322
456,10,Bihar,249634,3,Munger,मुंगेर,4,801357
457,10,Bihar,300552,1,Muraul,मुरौल,7,0
458,10,Bihar,249598,3,Murliganj,मुरलीगंज,7,801317
459,10,Bihar,300559,1,Musri Gharari,मुसरी घरारी,7,0
460,10,Bihar,249603,3,Muzaffarpur,मुजफ्फरपुर,4,801324
461,10,Bihar,249678,4,Nabinagar,नवीनगर,7,801402
462,10,Bihar,299454,2,Nalanda,नालंदा,7,0
463,10,Bihar,249561,4,Narkatiaganj,नरकटियागंज,5,801278
464,10,Bihar,299112,1,Narpatganj,नरपतगंज,7,0
465,10,Bihar,276646,2,Nasriganj,नासरीगंज,7,801395
466,10,Bihar,276645,3,Naubatpur,नौबतपुर,7,801376
467,10,Bihar,249627,4,Naugachhia,नवगछिया,5,801351
468,10,Bihar,299160,1,Nauhatta,नवहटटा,7,0
469,10,Bihar,249684,5,Nawada,नवादा,5,801407
470,10,Bihar,249582,3,Nirmali,निर्मली,7,801302
471,10,Bihar,249669,4,Nokha,नोखा,5,801396
472,10,Bihar,299337,1,Noorsarai,नूरसराय ,7,0
473,10,Bihar,277127,1,Pakri Dayal,पकरीदयाल,7,801289
474,10,Bihar,299205,3,Paliganj,पालीगंज ,7,0
475,10,Bihar,299296,1,Parbalpur,परवलपुर ,7,0
476,10,Bihar,299215,2,Parbatta,परबत्ता,7,0
477,10,Bihar,265437,3,Parsa Bazar,परसा बाजार,7,0
478,10,Bihar,299127,2,Patepur,पातेपुर,7,0
479,10,Bihar,249650,5,Patna,पटना,4,801373
480,10,Bihar,299298,1,Pauakhali,पौआखाली,7,0
481,10,Bihar,300553,1,Pawapuri,पावापुरी,7,0
482,10,Bihar,299284,1,Phulparas,फुलपरास,7,0
483,10,Bihar,249651,5,Phulwari Sharif,फुलवारीशरीफ,5,801374
484,10,Bihar,299129,1,Pipra,पिपरा,7,0
485,10,Bihar,249663,4,Piro,पीरो,5,801389
486,10,Bihar,299135,1,Pirpainti,पीरपैंती,7,0
487,10,Bihar,299196,2,Punpun,पुनपुन ,7,0
488,10,Bihar,299149,1,Pupri,पुपरी ,5,0
489,10,Bihar,249592,3,Purnea,पूर्णियां,4,801312
490,10,Bihar,249675,3,Rafiganj,रफीगंज,7,801400
491,10,Bihar,299300,2,Rahui,रहुई,7,0
492,10,Bihar,300554,2,Rajauli,रजौली,7,0
493,10,Bihar,299316,2,Rajgir,राजगीर ,5,0
494,10,Bihar,299206,3,Ramgarh,रामगढ,7,0
495,10,Bihar,249560,3,Ramnagar,रामनगर,7,801277
496,10,Bihar,299114,1,Raniganj,रानीगंज,7,0
497,10,Bihar,249565,2,Raxaul,रक्सौल,5,801282
498,10,Bihar,249611,3,Rivilganj,रिविलगंज,7,801332
499,10,Bihar,301296,1,ROHTAS,रोहतास,7,0
500,10,Bihar,249622,4,Rosera,रोसड़ा,5,801342
501,10,Bihar,299238,1,Rupauli,रुपौली,7,0
502,10,Bihar,299126,1,Sabour,सबौर,7,0
503,10,Bihar,249599,5,Saharsa,सहरसा,4,801318
504,10,Bihar,253219,4,Sahebganj,साहेबगंज,5,801321
505,10,Bihar,299240,2,Sakra,सकरा,7,0
506,10,Bihar,249619,5,Samastipur,समस्तीपुर,4,801340
507,10,Bihar,299178,3,Sampatchak,सम्पतचक ,5,0
508,10,Bihar,300550,3,Sangrampur,संग्रामपुर,7,0
509,10,Bihar,299173,3,Sarairanjan,सरायरंजन,7,0
510,10,Bihar,299228,3,Saraiya,सरैया ,7,0
511,10,Bihar,299297,1,Sarmera,सरमेरा ,7,0
512,10,Bihar,249670,6,Sasaram,सासाराम,4,801397
513,10,Bihar,249658,3,Shahpur,शाहपुर,7,801384
514,10,Bihar,299229,3,Shahpur Patori,शाहपुर पटोरी,5,0
515,10,Bihar,299150,1,Sheikhopur Sarai,शेखोपुरसारय,7,0
516,10,Bihar,249641,4,Sheikhpura,शेखपुरा,5,801363
517,10,Bihar,299145,2,Sheohar,शिवहर ,5,0
518,10,Bihar,249682,5,Sherghati,शेरघाटी,5,801405
519,10,Bihar,299198,1,Sikandra,सिकन्दरा,7,0
520,10,Bihar,249646,4,Silao,सिलाव,7,801368
521,10,Bihar,300562,3,Simrahi,सिमराही,7,0
522,10,Bihar,299164,2,Simri Bakhtiarpur,सिमरी बख्तियारपुर ,5,0
523,10,Bihar,299225,3,Singheshwar,सिंघेश्वर  ,7,0
524,10,Bihar,299195,3,Singhia,सिंघिया,7,0
525,10,Bihar,301272,2,SINGHWARA,सिंहवाड़ा,7,0
526,10,Bihar,249575,6,Sitamarhi,सीतामढ़ी,4,801295
527,10,Bihar,249608,6,Siwan,सिवान,5,801329
528,10,Bihar,299161,1,Sonbarsa,सोनवर्षा ,7,0
529,10,Bihar,249615,4,Sonepur,सोनपुर,5,801336
530,10,Bihar,299163,1,Sour Bazar,सौरबाज़ार ,7,0
531,10,Bihar,249566,3,Sugauli,सुगौली,7,801283
532,10,Bihar,249629,4,Sultanganj,सुल्तानगंज,5,801353
533,10,Bihar,249584,2,Supaul,सुपौल,5,801304
534,10,Bihar,290059,2,Sursand,सुरसण्ड ,7,0
535,10,Bihar,299148,1,Suryagadha,सूर्यगढ़ा,5,0
536,10,Bihar,299448,2,Tajpur,ताजपुर,5,0
537,10,Bihar,299175,3,Tarapur,तारापुर ,7,0
538,10,Bihar,277130,3,Teghara,तेघड़ा,5,801344
539,10,Bihar,249679,5,Tekari,टेकरी,5,801403
540,10,Bihar,249588,3,Thakurganj,ठाकुरगंज,7,801308
541,10,Bihar,299128,1,Tribeniganj,त्रिबेणीगंज ,5,0
542,10,Bihar,299226,3,Udakishunganj,उदाकिशुनगंज,5,0
543,10,Bihar,249685,5,Warisaliganj,वारसलीगंज,5,801408
544,10,Bihar,299189,1,Wazirganj,वजीरगंज,7,0
545,4,Chandigarh,276386,15,Chandigarh,CHANDIGARH,4,800286
546,22,Chhattisgarh,253106,5,Aamdi,आमदी,7,802051
547,22,Chhattisgarh,253177,4,Abhanpur,अभनपुर,5,802030
548,22,Chhattisgarh,253289,4,Adbhar,अड्भर,7,801963
549,22,Chhattisgarh,250635,4,Ahiwara,अहिवारा,5,802004
550,22,Chhattisgarh,250603,3,Akaltara,अकलतरा,5,801951
551,22,Chhattisgarh,250631,5,Ambagarh Chowki,अम्बागढ़ चौकी,7,801994
552,22,Chhattisgarh,250588,7,Ambikapur,अंबिकापुर,4,801927
553,22,Chhattisgarh,299657,7,Amleshwar,अमलेश्वर,5,0
554,22,Chhattisgarh,253248,4,Antagarh,अंतागढ़,7,802058
555,22,Chhattisgarh,250650,5,Arang,आरंग,5,802029
556,22,Chhattisgarh,253155,4,Arjunda,अर्जुन्दा,7,802012
557,22,Chhattisgarh,250670,3,Bade Bacheli,बड़े बचेली,5,802068
558,22,Chhattisgarh,305259,1,Badekareli,बड़ीकरेली,7,0
559,22,Chhattisgarh,250662,4,Bagbahara,बागबहरा,5,802047
560,22,Chhattisgarh,253200,5,Bagicha,बागीचा,7,801931
561,22,Chhattisgarh,250579,15,Baikunthpur,बैकुंठपूर,5,801911
562,22,Chhattisgarh,250642,4,Balod,बालोद,5,802015
563,22,Chhattisgarh,250601,3,Baloda,बलोदा,7,801952
564,22,Chhattisgarh,250648,5,Baloda Bazar,बलोदा बाज़ार,5,802022
565,22,Chhattisgarh,253119,5,Balrampur,बलरामपुर,5,801918
566,22,Chhattisgarh,301919,3,Bamhanidih,बम्हनीडीह,7,0
567,22,Chhattisgarh,301510,5,Banki Mongra,बांकी मोंगरा,5,0
568,22,Chhattisgarh,253276,5,Baramkela,बरमकेला,7,801944
569,22,Chhattisgarh,301522,2,Barela,बरेला,7,0
570,22,Chhattisgarh,253215,3,Barsoor,बारसूर,7,802069
571,22,Chhattisgarh,250658,2,Basna,बसना,7,802042
572,22,Chhattisgarh,248143,6,Bastar,नगर पंचायत बस्तर,7,802065
573,22,Chhattisgarh,250632,7,Bemetara,बेमेतरा,5,801997
574,22,Chhattisgarh,253152,4,Berla,बेरला,7,802002
575,22,Chhattisgarh,253245,5,Bhairamgarh,भैरमगढ़,7,802077
576,22,Chhattisgarh,253107,4,Bhakhara,भाखरा,7,802048
577,22,Chhattisgarh,253145,3,Bhanupratappur,भानुप्रतापपुर,7,802055
578,22,Chhattisgarh,250651,5,Bhatapara,भाटापारा,5,802021
579,22,Chhattisgarh,253114,6,Bhatgaon,भटगांव,7,802027
580,22,Chhattisgarh,253183,3,Bhatgaon,भटगांव,7,801925
581,22,Chhattisgarh,250639,4,Bhilai,भिलाई नगर,4,802008
582,22,Chhattisgarh,250638,4,Bhilai Charoda,भिलाई चरोदा,4,802007
583,22,Chhattisgarh,301511,2,Bhinbhouree,भिंभौरी,7,0
584,22,Chhattisgarh,253246,2,Bhopalpatnam,भोपाल पटनम,7,802075
585,22,Chhattisgarh,253244,4,Bijapur,बीजापुर,5,802076
586,22,Chhattisgarh,250656,4,Bilaigarh,बिलाई गढ़,7,802028
587,22,Chhattisgarh,250616,14,Bilaspur,बिलासपुर,4,801975
588,22,Chhattisgarh,250622,4,Bilha,बिल्हा,7,801980
589,22,Chhattisgarh,253179,5,Birgaon,बिरगांव,4,802033
590,22,Chhattisgarh,273466,3,Bodla,बोडला,7,801983
591,22,Chhattisgarh,250621,7,Bodri,बोडरी,5,801979
592,22,Chhattisgarh,250605,3,Champa,चाम्पा,5,801955
593,22,Chhattisgarh,298991,4,Chandkhuri,चंदखुरी ,7,0
594,22,Chhattisgarh,253285,3,Chandrapur,चंद्रपुर,7,801962
595,22,Chhattisgarh,253144,3,Charama,चारामाँ,7,802054
596,22,Chhattisgarh,250626,3,Chhuikhadan,छुईखदान,7,801988
597,22,Chhattisgarh,253112,4,Chhuriya,छुरिया,7,801992
598,22,Chhattisgarh,253157,3,Chikhlakasa,चिखलाकसा,7,802017
599,22,Chhattisgarh,250578,6,Chirimiri,चिरमिरी,4,801916
600,22,Chhattisgarh,253111,4,Churikala,चुरीकला,7,801946
601,22,Chhattisgarh,253181,2,Churra,छुरा,7,802041
602,22,Chhattisgarh,301508,2,Dadhi,दाढ़ी,7,0
603,22,Chhattisgarh,250643,3,Dalli Rajhara,दल्ली रजहरा,5,802016
604,22,Chhattisgarh,250669,2,Dantewada,दंतेवाडा,5,802067
605,22,Chhattisgarh,301812,2,Devbhog,,7,0
606,22,Chhattisgarh,253151,5,Devkar,देवकर,7,801999
607,22,Chhattisgarh,253286,3,Dhabhara,डभरा,7,801961
608,22,Chhattisgarh,250634,3,Dhamdha,धमधा,7,802003
609,22,Chhattisgarh,248062,6,Dhamtari,धमतरी,4,802052
610,22,Chhattisgarh,250592,5,Dharamjaigarh,धरमजैगढ़,7,801935
611,22,Chhattisgarh,250599,5,Dipka,दीपका,5,801947
612,22,Chhattisgarh,253156,2,Dondi,डोंडी,7,802018
613,22,Chhattisgarh,253159,3,Dondilohara,डोंडीलोहरा,7,802014
614,22,Chhattisgarh,250630,8,Dongargaon,डोंगरगांव,7,801993
615,22,Chhattisgarh,250628,3,Dongargarh,डोंगरगढ़,5,801990
616,22,Chhattisgarh,253218,2,Dornapal,दोरनापाल,7,802072
617,22,Chhattisgarh,250640,7,Durg,दुर्ग,4,802009
618,22,Chhattisgarh,265121,5,Farasgaon,फरसगांव,7,802063
619,22,Chhattisgarh,253180,4,Fingeswar,फिंगेश्वर,7,802036
620,22,Chhattisgarh,250625,4,Gandai,गन्दी,7,801987
621,22,Chhattisgarh,253182,4,Gariabandh,गरियाबंद,5,802040
622,22,Chhattisgarh,250610,3,Gaurella,गौरेल्ला,5,801965
623,22,Chhattisgarh,250668,3,Geedam,गीदम,7,802070
624,22,Chhattisgarh,250593,3,Gharghoda,घरघोड़ा,7,801937
625,22,Chhattisgarh,301920,3,Ghumka,घुमका,7,0
626,22,Chhattisgarh,250649,4,Gobra Nawapara,गोबर नवापारा,5,802031
627,22,Chhattisgarh,253154,4,Gunderdehi,गुंडरदेही,7,802013
628,22,Chhattisgarh,253158,2,Gurur,गुरुर,7,802019
629,22,Chhattisgarh,301507,2,Indouri,इंदौरी,7,0
630,22,Chhattisgarh,250665,6,Jagdalpur,जगदलपूर,4,802064
631,22,Chhattisgarh,253284,4,Jaijaipur,जैजैपुर,7,801964
632,22,Chhattisgarh,250636,5,Jamul,जामुल,5,802006
633,22,Chhattisgarh,301515,2,Janakpur,जनकपुर,7,0
634,22,Chhattisgarh,301630,2,Jarhagaon,जरहागांव,7,0
635,22,Chhattisgarh,253115,3,Jarhi,जारही,7,801921
636,22,Chhattisgarh,250590,3,Jashpur Nagar,जशपुर नगर,5,801932
637,22,Chhattisgarh,250582,4,Jhagrakhand,झगराखंड,7,801914
638,22,Chhattisgarh,250663,2,Kanker,कांकेर,5,802056
639,22,Chhattisgarh,250645,6,Kasdol,कसडोल,7,802026
640,22,Chhattisgarh,250597,6,Katghora,कटघोरा,5,801945
641,22,Chhattisgarh,250623,5,Kawardha,कवर्धा,5,801981
642,22,Chhattisgarh,248063,5,Keshkal,नगर पंचायत केशकाल,7,802060
643,22,Chhattisgarh,262094,7,Khairagarh Municipality,खैरागढ़,5,801989
644,22,Chhattisgarh,250608,4,Kharod,खरोद,7,801960
645,22,Chhattisgarh,250652,3,Kharora,खरोरा,7,802039
646,22,Chhattisgarh,250595,6,Kharsia,खरसिया,5,801941
647,22,Chhattisgarh,250581,7,Khongapani,खोंगापानी,7,801913
648,22,Chhattisgarh,250671,1,Kirandul,किरन्दुल,5,802071
649,22,Chhattisgarh,253280,5,Kirodimal Nagar,किरोड़ीमल नगर,7,801938
650,22,Chhattisgarh,250664,3,Kondagaon,कोंड़ागांव,5,802062
651,22,Chhattisgarh,253217,5,Konta,कोंटा,7,802073
652,22,Chhattisgarh,301514,2,Kopra,कोपरा,7,0
653,22,Chhattisgarh,250598,13,Korba,कोरबा,4,801949
654,22,Chhattisgarh,250613,4,Kota,कोटा,7,801968
655,22,Chhattisgarh,253199,3,Kotba,कोतबा,7,801934
656,22,Chhattisgarh,250637,5,Kumhari,कुम्हारी,5,802005
657,22,Chhattisgarh,253198,2,Kunkuri,कुनकुरी,7,434068
658,22,Chhattisgarh,250646,4,Kurra,कुर्रा,7,802032
659,22,Chhattisgarh,248061,5,Kurud,नगर पंचायत कुरूद,5,802049
660,22,Chhattisgarh,253118,3,Kusmi,कुसमी,7,801922
661,22,Chhattisgarh,301834,1,Kusmi,,7,0
662,22,Chhattisgarh,253279,3,Lailunga,लैलूंगा,7,801936
663,22,Chhattisgarh,253121,2,Lakhanpur,लखनपुर,7,801928
664,22,Chhattisgarh,301808,2,Lal Bahadur Nagar,लाल बहादुर नगर,7,0
665,22,Chhattisgarh,253184,6,Lavan,लवन,7,802023
666,22,Chhattisgarh,250611,6,Lormi,लोरमी,5,801967
667,22,Chhattisgarh,253108,1,Magarlod,मगरलोड,7,802050
668,22,Chhattisgarh,250661,2,Mahasamund,महासमुंद,5,802045
669,22,Chhattisgarh,253174,5,Malhar,मल्हार,7,801978
670,22,Chhattisgarh,250655,2,Mana Camp,माना कैंप,7,802035
671,22,Chhattisgarh,300355,4,Mandir Hasod,मंदिर हसौद,5,0
672,22,Chhattisgarh,250580,7,Manendragarh,महेंद्रगढ़,5,801912
673,22,Chhattisgarh,253160,5,Maro,मरो,7,801996
674,22,Chhattisgarh,301513,2,Marwahi,मरवाही,7,0
675,22,Chhattisgarh,250614,6,Mungeli,मुंगली,5,801970
676,22,Chhattisgarh,253109,7,Nagri,नगरी,7,802053
677,22,Chhattisgarh,253220,4,Nai Ladri,नै लड्री,7,801915
678,22,Chhattisgarh,250602,3,Naila Janjgir,नाला जांजगीर,5,801950
679,22,Chhattisgarh,248064,6,Narayanpur,नारायणपूर,5,802066
680,22,Chhattisgarh,253249,4,Narharpur,नरहरपूर,7,802057
681,22,Chhattisgarh,301526,2,Nariyara,नरियरा,7,0
682,22,Chhattisgarh,253148,4,Nawagarh,नवागढ़,7,801995
683,22,Chhattisgarh,253283,5,Nawagarh,नवागढ़,7,801953
684,22,Chhattisgarh,250607,3,Naya Baradwar,नया बाराद्वार,7,801958
685,22,Chhattisgarh,253146,4,Pakhajur,पखांजूर,7,802059
686,22,Chhattisgarh,250647,6,Palari,पलारी,7,802024
687,22,Chhattisgarh,305304,1,Palari.,पलारी.,7,0
688,22,Chhattisgarh,253110,3,Pali,पाली,7,801948
689,22,Chhattisgarh,301512,3,Pamgarh,पामगढ़,7,0
690,22,Chhattisgarh,250624,6,Pandariya,पंडरिया,5,801985
691,22,Chhattisgarh,273467,3,Pandatarai,पन्दतारै,7,801986
692,22,Chhattisgarh,253150,6,Parpodi,परपोदी,7,802000
693,22,Chhattisgarh,250641,6,Patan,पाटन,7,802011
694,22,Chhattisgarh,250591,4,Pathalgaon,पथलगांव,5,801933
695,22,Chhattisgarh,253172,6,Pathariya,पथरिया,7,801971
696,22,Chhattisgarh,301809,2,Patna,पटना,7,0
697,22,Chhattisgarh,301527,2,Pawni,पवनी ,7,0
698,22,Chhattisgarh,250609,5,Pendra,पेंड्रा,5,801966
699,22,Chhattisgarh,273465,3,Pipariya,पिपरिया,7,801982
700,22,Chhattisgarh,250660,2,Pithora,पिथोरा,7,802046
701,22,Chhattisgarh,253123,3,Pratappur,प्रतापपुर,7,801920
702,22,Chhattisgarh,253191,3,Premnagar,प्रेमनगर,7,801926
703,22,Chhattisgarh,253278,4,Pussore,पुस्सौर,7,801940
704,22,Chhattisgarh,253288,3,Rahoud,राहौद,7,801959
705,22,Chhattisgarh,250594,21,Raigarh,रायगढ़,4,801939
706,22,Chhattisgarh,250653,7,Raipur,रायपुर,4,802034
707,22,Chhattisgarh,253178,6,Rajim,राजिम,7,802037
708,22,Chhattisgarh,250629,7,Rajnandgaon,राजनांदगांव,4,801991
709,22,Chhattisgarh,253117,3,Rajpur,राजपुर,7,801929
710,22,Chhattisgarh,250583,5,Ramanujganj,रामानुजगंज,5,801917
711,22,Chhattisgarh,250612,5,Ratanpur,रतनपुर,5,801969
712,22,Chhattisgarh,296874,2,Risali,रिसाली,4,0
713,22,Chhattisgarh,301528,2,Rohansi,रोहांसी,7,0
714,22,Chhattisgarh,273468,3,Sahaspur-Lohara,सहसपुर-लोहारा,7,801984
715,22,Chhattisgarh,253149,4,Saja,साजा,7,801998
716,22,Chhattisgarh,250606,7,Sakti,सकती,5,801957
717,22,Chhattisgarh,298990,8,Samoda,समोदा,7,0
718,22,Chhattisgarh,253287,3,Saragaon,सारागांव,7,801956
719,22,Chhattisgarh,250659,3,Saraipali,सरईपाली,5,802043
720,22,Chhattisgarh,250596,7,Sarangarh,सारंगगढ़,5,801942
721,22,Chhattisgarh,253176,7,Sargaon,सरगांव,7,801972
722,22,Chhattisgarh,253277,3,Saria,सरिया,7,801943
723,22,Chhattisgarh,301509,3,Sarsiwan,सरसींवा,7,0
724,22,Chhattisgarh,301867,1,Shivnandanpur,,7,0
725,22,Chhattisgarh,259685,3,Shivpur Charcha,शिवपुर चर्च,5,801910
726,22,Chhattisgarh,250604,3,Shivrinarayan,शिवरीनारायण,7,801954
727,22,Chhattisgarh,250644,8,Simga,सिमगा,5,802020
728,22,Chhattisgarh,253120,1,Sitapur,सीतापुर,7,801930
729,22,Chhattisgarh,253216,6,Sukma,सुकमा,5,802074
730,22,Chhattisgarh,250585,5,Surajpur,सूरजपुर,5,801923
731,22,Chhattisgarh,250615,5,Takhatpur,तखतपुर,5,801973
732,22,Chhattisgarh,305193,1,Tamnar,तमनार,7,0
733,22,Chhattisgarh,250633,2,Than Khamharia,थान खम्हरिया,7,802001
734,22,Chhattisgarh,250657,4,Tilda Newra,तिल्दा नेवरा,5,802038
735,22,Chhattisgarh,253105,2,Tumgaon,तुमगांव,7,802044
736,22,Chhattisgarh,250654,4,Tundra,टुंड्रा,7,802025
737,22,Chhattisgarh,253153,2,Utai,उतई,7,802010
738,22,Chhattisgarh,250586,5,Vishrampur,विश्रामपुर,7,802061
739,22,Chhattisgarh,253116,4,Wadrafnagar,वाड्रफनगर,7,801919
740,7,Delhi,276400,1,East Delhi Municipal Corporation,East Delhi Municipal Corporation,4,800441
741,7,Delhi,276447,1,New Delhi Municipal Council,New Delhi Municipal Council,21,800442
742,7,Delhi,276401,2,North Delhi Municipal Corporation,North Delhi Municipal Corporation,4,800441
743,7,Delhi,276402,2,South Delhi Municipal Corporation,South Delhi Municipal Corporation,4,800441
744,30,Goa,252075,2,Bicholim,Bicholim,5,803244
745,30,Goa,252100,12,Canacona,Canacona,5,803254
746,30,Goa,252071,3,City Corporation Panaji,City Corporation Panaji,4,803243
747,30,Goa,252095,2,Cuncolim,Cuncolim,5,803250
748,30,Goa,252096,6,Curchorem Cacora,Curchorem Cacora,5,803252
749,30,Goa,252061,7,Mapusa,Mapusa,5,803242
750,30,Goa,252087,3,Margao,Margao,5,803249
751,30,Goa,252084,3,Mormugao,Mormugao,5,803248
752,30,Goa,252057,3,Pernem,Pernem,5,803241
753,30,Goa,252082,4,Ponda,Ponda,5,803247
754,30,Goa,252097,7,Quepem,Quepem,5,803251
755,30,Goa,252099,5,Sanguem,Sanguem,5,803253
756,30,Goa,252077,4,Sankhali,Sankhali,5,803245
757,30,Goa,252079,2,Valpoi,Valpoi,5,803246
758,24,Gujarat,251096,8,Ahmadabad,Ahmadabad,4,802484
759,24,Gujarat,253223,1,Amod,Amod,5,802605
760,24,Gujarat,251157,2,Amreli,Amreli,5,802542
761,24,Gujarat,251174,7,Anand,Anand,4,802562
762,24,Gujarat,251046,1,Anjar,Anjar,5,802444
763,24,Gujarat,251182,1,Anklav,Anklav,5,802570
764,24,Gujarat,251225,1,Anklesvar,Anklesvar,5,802608
765,24,Gujarat,253147,2,Babra,Babra,5,802539
766,24,Gujarat,251158,1,Bagasara,Bagasara,5,802543
767,24,Gujarat,251184,1,Balasinor,Balasinor,5,802572
768,24,Gujarat,251143,1,Bantwa,Bantwa,5,802526
769,24,Gujarat,251243,2,Bardoli,Bardoli,5,802634
770,24,Gujarat,277165,1,Bareja,Bareja,5,802485
771,24,Gujarat,253241,1,Barwala,Barwala,5,802488
772,24,Gujarat,251109,1,Bavla,Bavla,5,802487
773,24,Gujarat,253127,2,Bayad,Bayad,5,802473
774,24,Gujarat,305191,1,Bechar-Becharaji,,5,0
775,24,Gujarat,253103,3,Bhabhar,Bhabhar,5,802452
776,24,Gujarat,251045,1,Bhachau,Bhachau,5,802443
777,24,Gujarat,251136,2,Bhanvad,Bhanvad,5,802520
778,24,Gujarat,251222,4,Bharuch,Bharuch,5,802607
779,24,Gujarat,251165,10,Bhavnagar,Bhavnagar,4,802551
780,24,Gujarat,251123,1,Bhayavadar,Bhayavadar,5,802505
781,24,Gujarat,251047,1,Bhuj,Bhuj,5,802445
782,24,Gujarat,251251,1,Bilimora,Bilimora,5,802617
783,24,Gujarat,305192,1,Bodeli,,5,0
784,24,Gujarat,251172,3,Boriavi,Boriavi,5,802560
785,24,Gujarat,251180,1,Borsad,Borsad,5,802568
786,24,Gujarat,251163,3,Botad,Botad,5,802548
787,24,Gujarat,251188,2,Chaklasi,Chaklasi,5,802577
788,24,Gujarat,251159,1,Chalala,Chalala,5,802544
789,24,Gujarat,251062,3,Chanasma,Chanasma,5,802458
790,24,Gujarat,251211,2,Chhota-Udepur,છોટા-ઉદેપુર,5,802599
791,24,Gujarat,251151,1,Chorvad,Chorvad,5,802533
792,24,Gujarat,253137,1,Chotila,Chotila,5,802496
793,24,Gujarat,251213,1,Dabhoi,Dabhoi,5,802600
794,24,Gujarat,251199,1,Dahod,Dahod,5,802590
795,24,Gujarat,251190,2,Dakor,Dakor,5,802581
796,24,Gujarat,251156,2,Damnagar,Damnagar,5,802541
797,24,Gujarat,251057,6,Deesa,Deesa,5,802451
798,24,Gujarat,251088,1,Dehgam,Dehgam,5,802480
799,24,Gujarat,251200,1,Devgadbaria,Devgadbaria,5,802591
800,24,Gujarat,251110,2,Dhandhuka,Dhandhuka,5,802489
801,24,Gujarat,251053,2,Dhanera,Dhanera,5,802449
802,24,Gujarat,251261,1,Dharampur,Dharampur,5,802620
803,24,Gujarat,302660,1,DHARI,,5,0
804,24,Gujarat,251108,1,Dholka,Dholka,5,802486
805,24,Gujarat,251125,1,Dhoraji,Dhoraji,5,802507
806,24,Gujarat,251112,1,Dhrangadhra,Dhrangadhra,5,802491
807,24,Gujarat,251134,1,Dhrol,Dhrol,5,802517
808,24,Gujarat,251129,1,Dwarka,Dwarka,5,802510
809,24,Gujarat,251164,1,Gadhada,Gadhada,5,802550
810,24,Gujarat,251249,2,Gandevi,Gandevi,5,802616
811,24,Gujarat,251050,6,Gandhidham,Gandhidham,4,802447
812,24,Gujarat,276440,3,Gandhinagar,Gandhinagar,4,0
813,24,Gujarat,251167,2,Gariadhar,Gariadhar,5,802553
814,24,Gujarat,251193,2,Godhra,Godhra,5,802585
815,24,Gujarat,251122,3,Gondal,Gondal,5,802504
816,24,Gujarat,251196,2,Halol,Halol,5,802588
817,24,Gujarat,251111,1,Halvad,Halvad,5,802490
818,24,Gujarat,251061,1,Harij,Harij,5,802457
819,24,Gujarat,251074,3,Himatnagar,હિંમતનગર,5,802469
820,24,Gujarat,251072,1,Idar,Idar,5,802468
821,24,Gujarat,251161,1,Jafrabad,Jafrabad,5,802546
822,24,Gujarat,251219,1,Jambusar,Jambusar,5,802604
823,24,Gujarat,251137,1,Jamjodhpur,Jamjodhpur,5,802521
824,24,Gujarat,251133,3,Jamnagar,Jamnagar,4,802516
825,24,Gujarat,251121,2,Jasdan,Jasdan,5,802503
826,24,Gujarat,251126,5,Jetpur Navagadh,Jetpur Navagadh,5,802508
827,24,Gujarat,251197,3,Jhalod,Jhalod,5,802589
828,24,Gujarat,251147,3,Junagadh,Junagadh,4,802529
829,24,Gujarat,251194,2,Kaalol,Kaalol,5,802586
830,24,Gujarat,251070,2,Kadi,Kadi,5,802465
831,24,Gujarat,276024,2,Kadodara,Kadodara,5,0
832,24,Gujarat,251135,1,Kalavad,Kalavad,5,802518
833,24,Gujarat,251081,6,Kalol,Kalol,5,802475
834,24,Gujarat,253226,2,Kanajari,કણજરી,5,802578
835,24,Gujarat,251183,2,Kapadvanj,Kapadvanj,5,802571
836,24,Gujarat,251215,1,Karjan,Karjan,5,802602
837,24,Gujarat,253225,2,Kathlal,Kathlal,5,802573
838,24,Gujarat,251149,1,Keshod,Keshod,5,802531
839,24,Gujarat,251131,2,Khambhalia,Khambhalia,5,802512
840,24,Gujarat,251179,1,Khambhat,Khambhat,5,802567
841,24,Gujarat,251186,1,Kheda,Kheda,5,802575
842,24,Gujarat,251071,2,Khedbrahma,Khedbrahma,5,802466
843,24,Gujarat,251063,1,Kheralu,Kheralu,5,802459
844,24,Gujarat,251153,1,Kodinar,Kodinar,5,802537
845,24,Gujarat,251142,1,Kutiyana,Kutiyana,5,802525
846,24,Gujarat,251155,1,Lathi,Lathi,5,802540
847,24,Gujarat,251117,1,Limbdi,Limbdi,5,802497
848,24,Gujarat,251192,2,Lunawada,Lunawada,5,802583
849,24,Gujarat,251068,8,Mahesana,Mahesana,4,802464
850,24,Gujarat,251189,1,Mahudha,Mahudha,5,802579
851,24,Gujarat,251170,1,Mahuva,Mahuva,5,802557
852,24,Gujarat,253135,2,Maliya Miyana,Maliya Miyana,5,802498
853,24,Gujarat,251144,1,Manavadar,Manavadar,5,802527
854,24,Gujarat,251048,3,Mandvi,Mandvi,5,802628
855,24,Gujarat,277169,1,Mandvi Kachchh,Mandvi Kachchh,5,802446
856,24,Gujarat,251150,1,Mangrol,Mangrol,5,802532
857,24,Gujarat,251082,1,Mansa,Mansa,5,802477
858,24,Gujarat,251185,1,Mehmedabad,Mehmedabad,5,802574
859,24,Gujarat,251077,1,Modasa,Modasa,5,802472
860,24,Gujarat,251118,5,Morbi,Morbi,4,802499
861,24,Gujarat,297099,4,Mundra-Baroi,Mundra-Baroi,5,0
862,24,Gujarat,251187,4,Nadiad,Nadiad,4,802576
863,24,Gujarat,301161,1,Nakhatrana,Nakhtrana,5,0
864,24,Gujarat,251245,9,Navsari-Vijalpor,Navsari-Vijalpor,4,802614
865,24,Gujarat,251173,1,Ode,Ode,5,802561
866,24,Gujarat,251127,2,Okha,Okha,5,802509
867,24,Gujarat,251214,3,Padra,Padra,5,802601
868,24,Gujarat,251055,4,Palanpur,Palanpur,5,802450
869,24,Gujarat,251168,5,Palitana,Palitana,5,802554
870,24,Gujarat,251262,5,Pardi,Pardi,5,802621
871,24,Gujarat,251060,12,Patan,Patan,5,802456
872,24,Gujarat,253138,1,Patdi,Patdi,5,802492
873,24,Gujarat,251178,1,Petlad,Petlad,5,802566
874,24,Gujarat,251138,8,Porbandar,Porbandar-Chhaya,4,802522
875,24,Gujarat,251075,1,Prantij,BJP Gujarati,5,802470
876,24,Gujarat,251058,1,Radhanpur,Radhanpur,5,802454
877,24,Gujarat,251120,3,Rajkot,Rajkot,4,802501
878,24,Gujarat,251216,3,Rajpipla,Rajpipla,5,802603
879,24,Gujarat,251162,1,Rajula,Rajula,5,802547
880,24,Gujarat,251141,1,Ranavav,Ranavav,5,802524
881,24,Gujarat,251044,1,Rapar,Rapar,5,802442
882,24,Gujarat,253143,5,Raval,રાવલ,5,802519
883,24,Gujarat,251130,2,Salaya,Salaya,5,802511
884,24,Gujarat,251090,1,Sanand,Sanand,5,802482
885,24,Gujarat,251191,2,Santrampur,Santrampur,5,802582
886,24,Gujarat,277167,1,Saputara,Saputara,6,802613
887,24,Gujarat,251160,1,Savarkundla,Savarkundla,5,802545
888,24,Gujarat,253247,2,Savli,Savli,5,802592
889,24,Gujarat,248076,1,Shahera,Shahera,5,802584
890,24,Gujarat,251059,1,Sidhpur,Sidhpur,5,802455
891,24,Gujarat,251166,2,Sihor,Sihor,5,802552
892,24,Gujarat,251132,2,Sikka,Sikka,5,802513
893,24,Gujarat,253230,2,Sojitra,Sojitra,5,802558
894,24,Gujarat,251230,2,Songadh,Songadh,5,802635
895,24,Gujarat,251231,7,Surat,Surat,4,802629
896,24,Gujarat,251114,6,Surendranagar,Surendranagar-Dudhrej-Wadhwan,4,802493
897,24,Gujarat,277171,1,Sutrapada,Sutrapada,5,802536
898,24,Gujarat,251169,4,Talaja,Talaja,5,802555
899,24,Gujarat,277170,1,Talala,Talala,5,802534
900,24,Gujarat,251076,1,Talod,Talod,5,802471
901,24,Gujarat,302662,4,TANKARA,,5,0
902,24,Gujarat,305197,1,Tarapur,તારાપુર ,5,0
903,24,Gujarat,276026,3,Tarsadi,Tarsadi,5,802627
904,24,Gujarat,251116,2,Thangadh,Thangadh,5,802495
905,24,Gujarat,253164,5,Thara,Thara,5,802453
906,24,Gujarat,251052,4,Tharad,થરાદ,5,802448
907,24,Gujarat,253224,1,Thasra,Thasra,5,802580
908,24,Gujarat,251269,3,Ummargam,ઉમરગામ,5,802625
909,24,Gujarat,251171,1,Umreth,Umreth,5,802559
910,24,Gujarat,251154,2,Una,Una,5,802538
911,24,Gujarat,251064,1,Unjha,Unjha,5,802460
912,24,Gujarat,251124,1,Upleta,Upleta,5,802506
913,24,Gujarat,253128,1,Vadali,Vadali,5,802467
914,24,Gujarat,251066,1,Vadnagar,Vadnagar,5,802462
915,24,Gujarat,251209,6,Vadodara,Vadodara,4,802596
916,24,Gujarat,305196,3,Vaghodiya,વાઘોડિયા,5,0
917,24,Gujarat,253126,1,Vallabhipur,Vallabhipur,5,802549
918,24,Gujarat,251254,1,Valsad,Valsad,5,802618
919,24,Gujarat,251145,1,Vanthali,Vanthali,5,802528
920,24,Gujarat,251264,5,Vapi,Vapi,4,802622
921,24,Gujarat,251152,4,Veraval,Veraval,5,802535
922,24,Gujarat,251067,1,Vijapur,Vijapur,5,802463
923,24,Gujarat,251089,3,Viramgam,Viramgam,5,802481
924,24,Gujarat,251148,1,Visavadar,Visavadar,5,802530
925,24,Gujarat,251065,1,Visnagar,Visnagar,5,802461
926,24,Gujarat,251244,2,Vyara,Vyara,5,802636
927,24,Gujarat,251119,1,Wankaner,Wankaner,5,802500
928,6,Haryana,248491,11,Ambala,Ambala,4,800365
929,6,Haryana,290431,4,Ambala Sadar,Ambala Sadar,6,0
930,6,Haryana,248519,1,Assandh,Assandh,5,800383
931,6,Haryana,248565,1,Ateli,Ateli,5,800422
932,6,Haryana,248560,2,Bahadurgarh,Bahadurgarh,6,800418
933,6,Haryana,272866,1,Barara,Barara,5,0
934,6,Haryana,248545,1,Barwala,Barwala,5,800404
935,6,Haryana,248571,1,Bawal,Bawal,5,800426
936,6,Haryana,248549,1,Bawani Khera,Bawani Khera,5,800408
937,6,Haryana,248558,2,Beri,Beri,5,800417
938,6,Haryana,248550,1,Bhiwani,Bhiwani,6,800409
939,6,Haryana,262120,2,Bhuna,Bhuna,5,0
940,6,Haryana,248554,6,Charkhi Dadri,Charkhi Dadri,6,800412
941,6,Haryana,248510,1,Cheeka,Cheeka,5,800374
942,6,Haryana,248568,1,Dharuhera,Dharuhera,5,800424
943,6,Haryana,248543,2,Ellenabad,Ellenabad,5,800403
944,6,Haryana,248585,31,Faridabad,Faridabad,4,800436
945,6,Haryana,248574,2,Farrukhnagar,Farrukhnagar,5,800430
946,6,Haryana,248538,5,Fatehabad,Fatehabad,6,800398
947,6,Haryana,248582,1,Ferozepur Jhirka,Ferozepur Jhirka,5,800434
948,6,Haryana,248528,1,Ganaur,Ganaur,5,800388
949,6,Haryana,248520,2,Gharaunda,Gharaunda,5,800384
950,6,Haryana,248527,2,Gohana,Gohana,6,800387
951,6,Haryana,248576,12,Gurugram,Gurugram,4,800429
952,6,Haryana,248548,4,Hansi,Hansi,6,800407
953,6,Haryana,248587,1,Hathin,Hathin,5,800438
954,6,Haryana,248546,6,Hisar,Hisar,4,800405
955,6,Haryana,248589,4,Hodal,Hodal,6,800440
956,6,Haryana,248516,1,Indri,Indri,5,800380
957,6,Haryana,289253,1,Ismailabad,Ismailabad,5,0
958,6,Haryana,276399,3,Jakhal Mandi,JAKHAL MANDI,5,0
959,6,Haryana,248562,2,Jhajjar,Jhajjar,6,800419
960,6,Haryana,248533,2,Jind,Jind,6,800393
961,6,Haryana,248534,1,Julana,Julana,5,800394
962,6,Haryana,248511,3,Kaithal,Kaithal,6,800375
963,6,Haryana,248556,2,Kalanaur,Kalanaur,5,800415
964,6,Haryana,248540,1,Kalanwali,Kalanwali,5,800400
965,6,Haryana,248512,2,Kalayat,Kalayat,5,800376
966,6,Haryana,248487,5,Kalka,Kalka,6,800361
967,6,Haryana,248563,2,Kanina,Kanina,5,800420
968,6,Haryana,248517,2,Karnal,Karnal,4,800381
969,6,Haryana,248530,3,Kharkhoda,Kharkhoda,5,800390
970,6,Haryana,289251,1,Kundli,Kundli,5,0
971,6,Haryana,248509,2,Ladwa,Ladwa,5,800373
972,6,Haryana,248553,1,Loharu,Loharu,5,800411
973,6,Haryana,248564,1,Mahendragarh,Mahendragarh,5,800421
974,6,Haryana,248539,2,Mandi Dabwali,Mandi Dabwali,6,800399
975,6,Haryana,297117,14,Manesar,Manesar,4,0
976,6,Haryana,248555,1,Meham,Meham,5,800413
977,6,Haryana,259688,5,Nangal Chaudhary,Nangal Chaudhary,5,0
978,6,Haryana,248490,1,Naraingarh,Naraingarh,5,800364
979,6,Haryana,248566,13,Narnaul,Narnaul,6,800423
980,6,Haryana,248547,3,Narnaund,Narnaund,5,800406
981,6,Haryana,248531,1,Narwana,Narwana,6,800391
982,6,Haryana,248514,1,Nilokheri,Nilokheri,5,800378
983,6,Haryana,253296,1,Nissing,Nissing,5,800382
984,6,Haryana,248581,4,Nuh,Nuh,6,800433
985,6,Haryana,248586,6,Palwal,Palwal,6,800437
986,6,Haryana,248489,8,Panchkula,Panchkula,4,800363
987,6,Haryana,248521,4,Panipat,Panipat,4,800385
988,6,Haryana,248573,16,Pataudi Jatauli Mandi,Pataudi Jatauli Mandi,6,800428
989,6,Haryana,248507,1,Pehowa,Pehowa,5,800371
990,6,Haryana,248583,2,Punahana,Punahana,5,800435
991,6,Haryana,248513,1,Pundri,Pundri,5,800377
992,6,Haryana,274458,3,Radaur,Radaur,5,0
993,6,Haryana,262119,5,Rajound,Rajound,5,0
994,6,Haryana,248542,2,Rania,Rania,5,800402
995,6,Haryana,248536,3,Ratia,Ratia,5,800396
996,6,Haryana,248569,5,Rewari,Rewari,6,800425
997,6,Haryana,248557,1,Rohtak,Rohtak,4,800414
998,6,Haryana,289254,2,Sadhaura,Sadhaura,5,0
999,6,Haryana,248535,1,Safidon,Safidon,5,800395
1000,6,Haryana,248526,3,Samalkha,Samalkha,6,800386
1001,6,Haryana,253298,1,Sampla,Sampla,5,800416
1002,6,Haryana,248506,1,Shahbad,Shahbad,5,800370
1003,6,Haryana,248541,6,Sirsa,Sirsa,6,800401
1004,6,Haryana,299095,4,Siwan,SIWAN,5,0
1005,6,Haryana,248552,1,Siwani,Siwani,5,800410
1006,6,Haryana,248579,8,Sohna,Sohna,6,800431
1007,6,Haryana,248529,12,Sonipat,Sonipat,4,800389
1008,6,Haryana,248580,2,Taoru,Taoru,5,800432
1009,6,Haryana,248515,1,Taraori,Taraori,5,800379
1010,6,Haryana,248508,3,Thanesar,Thanesar,6,800372
1011,6,Haryana,248537,2,Tohana,Tohana,6,800397
1012,6,Haryana,248532,2,Uchana,Uchana,5,800392
1013,6,Haryana,248544,4,Uklanamandi,Uklanamandi,5,0
1014,6,Haryana,248500,3,Yamunanagar,Yamunanagar,4,800369
1015,2,Himachal Pradesh,297009,2,Amb,Amb,7,0
1016,2,Himachal Pradesh,248240,1,Arki,Arki,7,800122
1017,2,Himachal Pradesh,248242,2,Baddi,Baddi,5,800124
1018,2,Himachal Pradesh,274797,4,Baijnath-Paprola,Baijnah-Paprola,7,0
1019,2,Himachal Pradesh,248221,1,Banjar,Banjar,7,800103
1020,2,Himachal Pradesh,248230,1,Bhota,Bhota,7,800112
1021,2,Himachal Pradesh,248220,1,Bhuntar,Bhuntar,7,800102
1022,2,Himachal Pradesh,248239,1,Bilaspur,Bilaspur,5,800121
1023,2,Himachal Pradesh,248046,6,Chamba,Chamba,5,800091
1024,2,Himachal Pradesh,297013,3,Chirgaon,Chirgaon,7,0
1025,2,Himachal Pradesh,248250,2,Chopal,Chopal,7,800139
1026,2,Himachal Pradesh,276627,4,Chowari,Chowari,7,800090
1027,2,Himachal Pradesh,248044,2,Dalhousie,Dalhousie,5,800088
1028,2,Himachal Pradesh,248231,2,Daulatpur,Daulatpur,7,800113
1029,2,Himachal Pradesh,276626,3,Dehra,Dera Gopipur,5,800097
1030,2,Himachal Pradesh,248211,7,Dharamshala,Dharamshala,4,800093
1031,2,Himachal Pradesh,248232,1,Gagret,Gagret,7,800114
1032,2,Himachal Pradesh,248236,4,Ghumarwin,Ghumarwin,5,800118
1033,2,Himachal Pradesh,248229,2,Hamirpur,Hamirpur,5,800111
1034,2,Himachal Pradesh,248216,4,Jawalamukhi,Jawalamukhi,5,800098
1035,2,Himachal Pradesh,275535,7,Jawali,Jawali,7,0
1036,2,Himachal Pradesh,248222,2,Jogindarnagar,Jogindarnagar,5,800104
1037,2,Himachal Pradesh,248251,2,Jubbal,Jubbal,7,800140
1038,2,Himachal Pradesh,297010,1,Kandaghat,Kandaghat,7,0
1039,2,Himachal Pradesh,248213,2,Kangra,Kangra,5,800095
1040,2,Himachal Pradesh,276625,6,Karsog,Karsog,7,0
1041,2,Himachal Pradesh,248252,6,Kotkhai,Kotkhai,7,800141
1042,2,Himachal Pradesh,248219,1,Kullu,Kullu,5,800101
1043,2,Himachal Pradesh,248218,2,Manali,Manali,5,800100
1044,2,Himachal Pradesh,248225,14,Mandi,Mandi,4,800107
1045,2,Himachal Pradesh,248234,2,Mehatpur Basdehra,Mehatpur Basdehra,5,800116
1046,2,Himachal Pradesh,248228,1,Nadaun,Nadaun,7,800110
1047,2,Himachal Pradesh,248214,2,Nagrota Bagwan,Nagrota Bagwan,5,800096
1048,2,Himachal Pradesh,248043,2,Nahan,Nahan,5,800131
1049,2,Himachal Pradesh,248238,2,Naina Devi,Naina Devi,5,800120
1050,2,Himachal Pradesh,248241,1,Nalagarh,Nalagarh,5,800123
1051,2,Himachal Pradesh,248246,1,Narkanda,Narkanda,7,800134
1052,2,Himachal Pradesh,274794,5,Nerchowk,Nerchowk,5,0
1053,2,Himachal Pradesh,297014,1,Nerwa,Nerwa,7,0
1054,2,Himachal Pradesh,297011,1,Nirmand,Nirmand,7,0
1055,2,Himachal Pradesh,248210,3,Nurpur,Nurpur,5,800092
1056,2,Himachal Pradesh,248217,24,Palampur,Palampur,4,800099
1057,2,Himachal Pradesh,248045,2,Paonta Sahib,Paonta Sahib,5,800132
1058,2,Himachal Pradesh,248243,3,Parwanoo,Parwanoo,5,800126
1059,2,Himachal Pradesh,248047,2,Rajgarh,Rajgarh,7,800130
1060,2,Himachal Pradesh,248245,5,Rampur,Rampur,5,800133
1061,2,Himachal Pradesh,248226,1,Rawalsar,Rawalsar,7,800108
1062,2,Himachal Pradesh,248253,3,Rohru,Rohru,5,800142
1063,2,Himachal Pradesh,248235,2,Santokhgarh,Santokhgarh,5,800117
1064,2,Himachal Pradesh,248223,2,Sarkaghat,Sarkaghat,5,800105
1065,2,Himachal Pradesh,297015,3,Shahpur,Shahpur,7,0
1066,2,Himachal Pradesh,248248,10,Shimla,Shimla,4,800137
1067,2,Himachal Pradesh,248244,2,Solan,Solan,4,800128
1068,2,Himachal Pradesh,248224,2,Sundernagar,Sundernagar,5,800106
1069,2,Himachal Pradesh,248247,3,Suni,Suni,7,800135
1070,2,Himachal Pradesh,276639,1,Tahliwal,Tahliwal,7,0
1071,2,Himachal Pradesh,248237,2,Talai,Talai,7,800119
1072,2,Himachal Pradesh,248249,6,Theog,Theog,5,800138
1073,2,Himachal Pradesh,248227,2,Tira Sujanpur,Tira Sujanpur,5,800109
1074,2,Himachal Pradesh,248233,1,Una,Una,5,800115
1075,1,Jammu And Kashmir,248194,20,Jammu Municipal Corporation,Jammu Municipal Corporation,4,800071
1076,1,Jammu And Kashmir,248172,3,Municipal Committee Achabal,Municipal Committee Achabal,5,800034
1077,1,Jammu And Kashmir,248192,3,Municipal Committee Akhnoor,Municipal Committee Akhnoor,5,800069
1078,1,Jammu And Kashmir,248198,3,Municipal Committee Arnia,Municipal Committee Arnia,5,800076
1079,1,Jammu And Kashmir,296990,2,Municipal Committee Ashmuqam,Municipal Committee Ashmuqam,5,0
1080,1,Jammu And Kashmir,248165,4,Municipal Committee Awantipora,Municipal Committee Awantipora,5,800024
1081,1,Jammu And Kashmir,248036,4,Municipal Committee Banihal,Municipal Committee Banihal,5,800051
1082,1,Jammu And Kashmir,248199,2,Municipal Committee Bari Brahmana,Municipal Committee Bari Brahmana,5,800077
1083,1,Jammu And Kashmir,276585,1,Municipal Committee Basohli,Municipal Committee Basohli,5,0
1084,1,Jammu And Kashmir,248039,3,Municipal Committee Batote,Municipal Committee Batote,5,800053
1085,1,Jammu And Kashmir,248158,4,Municipal Committee Beerwah,Municipal Committee Beerwah,5,800017
1086,1,Jammu And Kashmir,248040,3,Municipal Committee Bhaderwah,Municipal Committee Bhaderwah,5,800050
1087,1,Jammu And Kashmir,248169,3,Municipal Committee Bijbehara,Municipal Committee Bijbehara,5,800030
1088,1,Jammu And Kashmir,248204,3,Municipal Committee Billawar,Municipal Committee Billawar,5,800081
1089,1,Jammu And Kashmir,248197,4,Municipal Committee Bishnah,Municipal Committee Bishnah,5,800075
1090,1,Jammu And Kashmir,253136,4,Municipal Committee Chadoora,Municipal Committee Chadoora,5,800020
1091,1,Jammu And Kashmir,276588,1,Municipal Committee Chenani,Municipal Committee Chenani,5,0
1092,1,Jammu And Kashmir,248161,5,Municipal Committee Chrari Sharief,Municipal Committee Chrari Sharief,5,800021
1093,1,Jammu And Kashmir,296987,1,Municipal Committee Devsar,Municipal Committee Devsar,5,0
1094,1,Jammu And Kashmir,248176,4,Municipal Committee Dooru Verinag,Municipal Committee Dooru Verinag,5,800039
1095,1,Jammu And Kashmir,296989,2,Municipal Committee Frisal,Municipal Committee Frisal,5,0
1096,1,Jammu And Kashmir,248195,4,Municipal Committee Ghou-Manhasan,Municipal Committee Ghou-Manhasan,5,800073
1097,1,Jammu And Kashmir,248154,3,Municipal Committee Gulmarg Tangmarg,Municipal Committee Gulmarg Tangmarg,5,800009
1098,1,Jammu And Kashmir,248147,3,Municipal Committee Hajin,Municipal Committee Hajin,5,800011
1099,1,Jammu And Kashmir,248035,5,Municipal Committee Handwara,Municipal Committee Handwara,5,800002
1100,1,Jammu And Kashmir,276594,1,Municipal Committee Hiranagar,Municipal Committee Hiranagar,5,0
1101,1,Jammu And Kashmir,248191,5,Municipal Committee Jourian,Municipal Committee Jourian,5,800068
1102,1,Jammu And Kashmir,296984,2,Municipal Committee Kalakote,Municipal Committee Kalakote,5,0
1103,1,Jammu And Kashmir,276591,3,Municipal Committee Katra,Municipal Committee Katra,5,0
1104,1,Jammu And Kashmir,248160,6,Municipal Committee Khansahib,Municipal Committee Khansahib,5,800018
1105,1,Jammu And Kashmir,248193,5,Municipal Committee Khour,Municipal Committee Khour,5,800070
1106,1,Jammu And Kashmir,248163,2,Municipal Committee Khrew,Municipal Committee Khrew,5,800023
1107,1,Jammu And Kashmir,248173,3,Municipal Committee Kokernag,Municipal Committee Kokernag,5,800037
1108,1,Jammu And Kashmir,248153,4,Municipal Committee Kunzer,Municipal Committee Kunzer,5,800008
1109,1,Jammu And Kashmir,276584,1,Municipal Committee Lakhanpur,Municipal Committee Lakhanpur,5,0
1110,1,Jammu And Kashmir,248139,5,Municipal Committee Langate,Municipal Committee Langate,5,0
1111,1,Jammu And Kashmir,248157,4,Municipal Committee Magam,Municipal Committee Magam,5,800016
1112,1,Jammu And Kashmir,248170,3,Municipal Committee Mattan,Municipal Committee Mattan,5,800032
1113,1,Jammu And Kashmir,276593,1,Municipal Committee Nowshera,Municipal Committee Nowshera,5,0
1114,1,Jammu And Kashmir,248168,3,Municipal Committee Pahalgam,Municipal Committee Pahalgam,5,800028
1115,1,Jammu And Kashmir,248162,3,Municipal Committee Pampore,Municipal Committee Pampore,5,800022
1116,1,Jammu And Kashmir,276586,4,Municipal Committee Parole,Municipal Committee Parole,5,0
1117,1,Jammu And Kashmir,248150,3,Municipal Committee Pattan,Municipal Committee Pattan,5,800005
1118,1,Jammu And Kashmir,248175,3,Municipal Committee Qazigund,Municipal Committee Qazigund,5,800038
1119,1,Jammu And Kashmir,248203,4,Municipal Committee Ramgarh,Municipal Committee Ramgarh,5,800080
1120,1,Jammu And Kashmir,276589,1,Municipal Committee Ramnagar,Municipal Committee Ramnagar,5,0
1121,1,Jammu And Kashmir,248196,3,Municipal Committee R S Pura,Municipal Committee R S Pura,5,800074
1122,1,Jammu And Kashmir,296991,2,Municipal Committee Seer Hamdan,Municipal Committee Seer Hamdan,5,0
1123,1,Jammu And Kashmir,248148,2,Municipal Committee Sumbal,Municipal Committee Sumbal,5,800012
1124,1,Jammu And Kashmir,248190,4,Municipal Committee Sunderbani,Municipal Committee Sunderbani,5,800067
1125,1,Jammu And Kashmir,253142,2,Municipal Committee Surankote,Municipal Committee Surankote,5,800063
1126,1,Jammu And Kashmir,248187,5,Municipal Committee Thanamandi,Municipal Committee Thanamandi,5,800064
1127,1,Jammu And Kashmir,254926,5,Municipal Committee Thathri,Municipal Committee Thathri,5,0
1128,1,Jammu And Kashmir,248164,3,Municipal Committee Tral,Municipal Committee Tral,5,800025
1129,1,Jammu And Kashmir,248152,4,Municipal Committee Uri,Municipal Committee Uri,5,800007
1130,1,Jammu And Kashmir,248201,3,Municipal Committee Vijaypur,Municipal Committee Vijaypur,5,800078
1131,1,Jammu And Kashmir,296985,4,Municipal Committee Watergam,Municipal Committee Watergam,5,0
1132,1,Jammu And Kashmir,296988,2,Municipal Committee Yaripora,Municipal Committee Yaripora,5,0
1133,1,Jammu And Kashmir,248171,5,Municipal Council Anantnag,Municipal Council Anantnag,6,800033
1134,1,Jammu And Kashmir,248146,5,Municipal Council Bandipora,Municipal Council Bandipora,6,800010
1135,1,Jammu And Kashmir,248151,4,Municipal Council Baramulla,Municipal Council Baramulla,6,800006
1136,1,Jammu And Kashmir,248159,7,Municipal Council Budgam,Municipal Council Budgam,6,800019
1137,1,Jammu And Kashmir,248038,4,Municipal Council Doda,Municipal Council Doda,6,800049
1138,1,Jammu And Kashmir,248155,4,Municipal Council Ganderbal,Municipal Council Ganderbal,6,800015
1139,1,Jammu And Kashmir,276581,3,Municipal Council Kathua,Municipal Council Kathua,6,0
1140,1,Jammu And Kashmir,248041,4,Municipal Council Kishtwar,Municipal Council Kishtwar,6,800054
1141,1,Jammu And Kashmir,248174,2,Municipal Council Kulgam,Municipal Council Kulgam,6,800040
1142,1,Jammu And Kashmir,248034,4,Municipal Council Kupwara,Municipal Council Kupwara,6,800001
1143,1,Jammu And Kashmir,248042,3,Municipal Council Poonch,Municipal Council Poonch,6,800062
1144,1,Jammu And Kashmir,248166,3,Municipal Council Pulwama,Municipal Council Pulwama,6,800026
1145,1,Jammu And Kashmir,276592,7,Municipal Council Rajouri,Municipal Council Rajouri,6,0
1146,1,Jammu And Kashmir,248037,4,Municipal Council Ramban,Municipal Council Ramban,6,800052
1147,1,Jammu And Kashmir,276590,3,Municipal Council Reasi,Municipal Council Reasi,6,0
1148,1,Jammu And Kashmir,248202,7,Municipal Council Samba,Municipal Council Samba,6,800079
1149,1,Jammu And Kashmir,248167,4,Municipal Council Shopian,Municipal Council Shopian,6,800027
1150,1,Jammu And Kashmir,248149,3,Municipal Council Sopore,Municipal Council Sopore,6,800003
1151,1,Jammu And Kashmir,276587,15,Municipal Council Udhampur,Municipal Council Udhampur,6,0
1152,1,Jammu And Kashmir,248156,23,Srinagar Municipal Corporation,Srinagar Municipal Corporation,4,800013
1153,20,Jharkhand,253166,2,Adityapur,आदित्यपुर,4,801801
1154,20,Jharkhand,290364,9,Badaki Suriya,बड़की सरैया,7,352566
1155,20,Jharkhand,277137,5,Barharwa,बरहरवा,7,359741
1156,20,Jharkhand,250352,1,Basukinath,वासुकिनाथ,7,801790
1157,20,Jharkhand,253231,1,Bishrampur,बिश्रामपुर,5,801785
1158,20,Jharkhand,250415,1,Bundu,बुंडू,7,801795
1159,20,Jharkhand,250430,1,Chaibasa,चाईबासा,5,801800
1160,20,Jharkhand,250416,1,Chakradharpur,चक्रधरपुर,5,801799
1161,20,Jharkhand,250445,2,Chakulia,चाकुलिया,7,801783
1162,20,Jharkhand,248056,5,Chas,चास,4,801778
1163,20,Jharkhand,248129,1,Chatra,चतरा,5,801765
1164,20,Jharkhand,300374,2,Chhatarpur ,Chhatarpur Municipal Corporation,7,0
1165,20,Jharkhand,248055,3,Chirkunda,Chirkunda,5,801776
1166,20,Jharkhand,248049,3,Deoghar,देवघर,4,801769
1167,20,Jharkhand,250378,1,Dhanbad,धनबाद,4,801775
1168,20,Jharkhand,277138,2,Dhanwar,धनवार,7,0
1169,20,Jharkhand,277135,7,Domchanch,डोमचांच,7,0
1170,20,Jharkhand,248054,1,Dumka,दुमका,5,801791
1171,20,Jharkhand,248128,2,Garhwa,गढ़वा,5,801764
1172,20,Jharkhand,250349,19,Giridih Municipal Corporation,गिरिडीह,4,801768
1173,20,Jharkhand,248051,2,Godda,गोड्डा,5,801771
1174,20,Jharkhand,248057,2,Gumla,गुमला,5,801797
1175,20,Jharkhand,300371,1,Hariharganj Municipal Corporation,Hariharganj Municipal Corporation,4,0
1176,20,Jharkhand,248130,6,Hazaribag,हजारीबाग,4,801788
1177,20,Jharkhand,250323,1,Hussainabad,हुस्सैनाबाद,7,801784
1178,20,Jharkhand,250434,1,Jamshedpur,Jamshedpur,6,801781
1179,20,Jharkhand,248134,1,Jamtara,जामताड़ा,7,801792
1180,20,Jharkhand,248132,1,Jhumri Telaiya,झुमरी तेलैया,5,801767
1181,20,Jharkhand,250435,1,Jugsalai,Jugsalai,5,801782
1182,20,Jharkhand,276352,2,Kapali,कपाली,5,0
1183,20,Jharkhand,250414,1,Khunti,खूंटी,7,801796
1184,20,Jharkhand,248131,2,Kodarma,कोडरमा,7,801766
1185,20,Jharkhand,250326,1,Latehar,लातेहार,7,801787
1186,20,Jharkhand,248137,1,Lohardaga,लोहरदगा,5,801779
1187,20,Jharkhand,248050,1,Madhupur,मधुपुर,5,801770
1188,20,Jharkhand,300370,2,Mahagama Municipal Corporation,Mahagama Municipal Corporation,7,0
1189,20,Jharkhand,250433,2,Mango,Mango,4,801780
1190,20,Jharkhand,253228,1,Manjhiaon,Manjhiaon,7,801763
1191,20,Jharkhand,250324,7,Medininagar (Daltonganj) Municipal Corporation,मेदिनीनगर,4,801786
1192,20,Jharkhand,248135,1,Mihijam,मिहिजाम,5,801793
1193,20,Jharkhand,274815,4,Nagar Untari Nagar Panchayat,नगर उन्तरी नगर पंचयात,7,0
1194,20,Jharkhand,248133,2,Pakur,Pakur,5,801774
1195,20,Jharkhand,248136,1,Phusro,फुसरो,5,801777
1196,20,Jharkhand,248053,1,Rajmahal,राजमहल,7,801773
1197,20,Jharkhand,274814,14,Ramgarh Nagar Parishad,रामगढ़ नगर परिषद,5,801789
1198,20,Jharkhand,250413,1,Ranchi,रांची,4,801794
1199,20,Jharkhand,248052,1,Sahibganj,साहिबगंज,5,801772
1200,20,Jharkhand,250423,1,Seraikella,सराइकेला,7,801802
1201,20,Jharkhand,248138,2,Simdega,Simdega,5,801798
1202,29,Karnataka,251849,4,Afzalpur,Afzalpur,25,803206
1203,29,Karnataka,276618,5,Ainapur,AINAPUR,7,0
1204,29,Karnataka,296977,2,Ajjampura,Ajjampura,7,0
1205,29,Karnataka,276540,3,Alamela,ALAMELA,7,0
1206,29,Karnataka,251848,2,Aland,Aland,25,803205
1207,29,Karnataka,251894,1,Alnavar,Alnavar,7,803084
1208,29,Karnataka,252013,2,Alur,Alur,7,803175
1209,29,Karnataka,276597,2,Aminagad,AMINAGAD,7,0
1210,29,Karnataka,299181,7,Anavatti,Anavatti,7,0
1211,29,Karnataka,253189,6,Anekal,Anekal,25,803163
1212,29,Karnataka,299329,1,Ankalagi-Akkathangerahal,Ankalagi-Akkathangerahal,7,0
1213,29,Karnataka,251906,6,Ankola,Ankola,25,803095
1214,29,Karnataka,251896,3,Annigeri,Annigeri,25,803086
1215,29,Karnataka,276577,5,Arabhavi,ARABHAVI,7,0
1216,29,Karnataka,252014,1,Arkalgud,Arkalgud,7,803176
1217,29,Karnataka,252010,3,Arsikere,Arsikere,24,803173
1218,29,Karnataka,251812,2,Athni,Athni,25,803024
1219,29,Karnataka,276539,3,Attibele,ATTIBELE,25,0
1220,29,Karnataka,251866,3,Aurad,Aurad,7,803059
1221,29,Karnataka,299327,1,Babaleshwar,Babaleshwar,7,0
1222,29,Karnataka,251837,3,Badami,Badami,25,803046
1223,29,Karnataka,251839,3,Bagalkot,Bagalkot,24,803048
1224,29,Karnataka,251981,6,Bagepalli,Bagepalli,25,803229
1225,29,Karnataka,251827,4,Bail Hongal,Bail Hongal,25,803036
1226,29,Karnataka,297129,5,Bainduru,ಬೈಂದೂರು,7,0
1227,29,Karnataka,299320,5,Bajape,Bajape,7,0
1228,29,Karnataka,276523,3,Balaganur,BALAGANUR,7,0
1229,29,Karnataka,251927,4,Ballari,Ballari,4,803114
1230,29,Karnataka,299416,1,Bangarpete,Bangarpete,25,0
1231,29,Karnataka,251913,2,Bankapura,Bankapura,25,803101
1232,29,Karnataka,252051,2,Bannur,Bannur,25,803198
1233,29,Karnataka,252033,2,Bantval,Bantval,25,803183
1234,29,Karnataka,251864,3,Basavakalyan,Basavakalyan,24,803057
1235,29,Karnataka,251845,3,Basavana Bagevadi,Basavana Bagevadi,25,803054
1236,29,Karnataka,299169,1,Bashettihalli,Bashettihalli,7,0
1237,29,Karnataka,276600,19,Bbmp,BBMP,4,803162
1238,29,Karnataka,276529,2,Belagali,BELAGALI,7,0
1239,29,Karnataka,251824,7,Belagavi,Belagavi,4,803033
1240,29,Karnataka,276602,3,Belluru,BELLURU,7,0
1241,29,Karnataka,252034,1,Beltangadi,Beltangadi,7,803184
1242,29,Karnataka,252009,2,Belur,Belur,25,803172
1243,29,Karnataka,251952,6,Bhadravati,Bhadravati,24,803138
1244,29,Karnataka,276604,2,Bhagyanagara,BHAGYANAGARA,7,0
1245,29,Karnataka,251865,3,Bhalki,Bhalki,25,803058
1246,29,Karnataka,251911,2,Bhatkal,Bhatkal,25,803099
1247,29,Karnataka,251860,3,Bhimarayanagudi,Bhimarayanagudi,6,803216
1248,29,Karnataka,276526,5,Bidadi,BIDADI,25,0
1249,29,Karnataka,251867,4,Bidar,Bidar,24,803060
1250,29,Karnataka,251834,1,Bilgi,Bilgi,7,803043
1251,29,Karnataka,251963,2,Birur,Birur,25,803147
1252,29,Karnataka,299334,4,Bogadi,Bogadi,7,0
1253,29,Karnataka,276537,4,Bommasandra,BOMMASANDRA,25,0
1254,29,Karnataka,276583,4,Boragaon,BORAGAON,7,0
1255,29,Karnataka,251917,3,Byadgi,Byadgi,25,803105
1256,29,Karnataka,276559,6,Chadachana,CHADACHANA,7,0
1257,29,Karnataka,251933,3,Challakere,Challakere,24,803119
1258,29,Karnataka,252054,4,Chamarajanagar,Chamarajanagar,24,803201
1259,29,Karnataka,276533,4,Chandapura,CHANDAPURA,25,0
1260,29,Karnataka,251943,4,Channagiri,Channagiri,25,803129
1261,29,Karnataka,253185,5,Channapatna,Channapatna,24,803239
1262,29,Karnataka,252016,4,Channarayapatna,Channarayapatna,25,803178
1263,29,Karnataka,276578,4,Chennammana Kittur,CHENNAMMANA KITTUR,7,0
1264,29,Karnataka,251979,6,Chik Ballapur,Chik Ballapur,24,803227
1265,29,Karnataka,299318,2,Chikkabanavara,Chikkabanavara,25,0
1266,29,Karnataka,251965,4,Chikkamagaluru,Chikkamagaluru,24,803149
1267,29,Karnataka,251968,4,Chiknayakanhalli,Chiknayakanhalli,25,803152
1268,29,Karnataka,251811,3,Chikodi,Chikodi,25,803023
1269,29,Karnataka,276477,4,Chinchali,CHINCHALI,7,0
1270,29,Karnataka,276568,6,Chinchali,CHINCHALI,25,0
1271,29,Karnataka,251983,7,Chintamani,Chintamani,24,803231
1272,29,Karnataka,251869,3,Chitgoppa,Chitgoppa,25,803062
1273,29,Karnataka,251934,3,Chitradurga,Chitradurga,24,803120
1274,29,Karnataka,251853,6,Chittapura,Chittapura,25,803210
1275,29,Karnataka,251899,2,Dandeli,Dandeli,24,803089
1276,29,Karnataka,251941,3,Davanagere,Davanagere,4,803127
1277,29,Karnataka,251874,5,Devadurga,Devadurga,25,803066
1278,29,Karnataka,251994,3,Devanahalli,Devanahalli,25,803235
1279,29,Karnataka,276558,5,Devarahipparagi,DEVARAHIPPARAGI,7,0
1280,29,Karnataka,251992,4,Dod Ballapur,Dod Ballapur,24,803233
1281,29,Karnataka,301176,4,Doddathoguru,Doddathoguru,7,0
1282,29,Karnataka,276575,3,Examba,EXAMBA,7,0
1283,29,Karnataka,251888,3,Gadag-Betigeri,Gadag-Betigeri,24,803078
1284,29,Karnataka,251886,2,Gajendragarh,Gajendragarh,25,803076
1285,29,Karnataka,251881,3,Gangawati,Gangawati,24,803072
1286,29,Karnataka,251978,5,Gauribidanur,Gauribidanur,24,803226
1287,29,Karnataka,276574,6,Ghataprabha,Ghataprabha,25,0
1288,29,Karnataka,251818,4,Gokak,Gokak,24,803030
1289,29,Karnataka,251974,3,Gubbi,Gubbi,7,803158
1290,29,Karnataka,251980,2,Gudibanda,Gudibanda,7,803228
1291,29,Karnataka,251838,3,Guledgudda,Guledgudda,25,803047
1292,29,Karnataka,252053,3,Gundlupet,Gundlupet,25,803200
1293,29,Karnataka,251862,6,Gurmatkal,Gurmatkal,25,803218
1294,29,Karnataka,276521,2,Guttal,GUTTAL,7,0
1295,29,Karnataka,276535,8,Hagaribommanahalli,HAGARIBOMMANAHALLI,25,0
1296,29,Karnataka,251901,7,Haliyal,Haliyal,25,803091
1297,29,Karnataka,277668,2,Hallikheda (B),ಹಳ್ಳಿಖೇಡ (ಬಿ),25,0
1298,29,Karnataka,251915,3,Hangal,Hangal,25,803103
1299,29,Karnataka,253130,3,Hanur,Hanur,7,803204
1300,29,Karnataka,251939,5,Harapanahalli,Harapanahalli,25,803125
1301,29,Karnataka,251938,6,Harihar,Harihar,24,803124
1302,29,Karnataka,276569,4,Harogeri,HAROGERI,25,0
1303,29,Karnataka,299326,3,Harohalli,Harohalli,7,0
1304,29,Karnataka,252012,6,Hassan,Hassan,24,803174
1305,29,Karnataka,251873,5,Hatti,Hatti,7,0
1306,29,Karnataka,251872,2,Hatti Gold Mines,Hatti Gold Mines,6,803065
1307,29,Karnataka,251916,2,Haveri,Haveri,24,803104
1308,29,Karnataka,276463,6,Hebbugodi,HEBBUGODI,24,0
1309,29,Karnataka,252049,3,Heggadadevankote,Heggadadevankote,25,803195
1310,29,Karnataka,251918,2,Hirekerur,Hirekerur,7,803106
1311,29,Karnataka,251937,3,Hiriyur,Hiriyur,24,803123
1312,29,Karnataka,251935,3,Holalkere,Holalkere,25,803121
1313,29,Karnataka,299180,2,Holehonnuru,Holehonnuru,7,0
1314,29,Karnataka,252015,4,Hole Narsipur,Hole Narsipur,25,803177
1315,29,Karnataka,251868,5,Homnabad,Homnabad,25,803061
1316,29,Karnataka,251909,1,Honavar,Honavar,7,803098
1317,29,Karnataka,251942,5,Honnali,Honnali,25,803128
1318,29,Karnataka,299335,1,Hootagalli,Hootagalli,24,0
1319,29,Karnataka,251921,6,Hoovina Hadagalli,Hoovina Hadagalli,25,803108
1320,29,Karnataka,251995,2,Hosakote,Hosakote,24,803236
1321,29,Karnataka,251949,1,Hosanagara,Hosanagara,7,803135
1322,29,Karnataka,251922,7,Hosapete,Hosapete,24,803109
1323,29,Karnataka,251936,4,Hosdurga,Hosdurga,25,803122
1324,29,Karnataka,251893,9,Hubballi-Dharwad,Hubballi-Dharwad,4,803083
1325,29,Karnataka,251820,3,Hukeri,Hukeri,25,803032
1326,29,Karnataka,297133,1,Huliyaru,ಹುಳಿಯಾರು,7,0
1327,29,Karnataka,296976,1,Hunasagi,Hunasagi,7,0
1328,29,Karnataka,299319,1,Hunasamaranahalli,Hunasamaranahalli,25,0
1329,29,Karnataka,251840,3,Hungund,Hungund,25,803049
1330,29,Karnataka,252043,4,Hunsur,Hunsur,24,803192
1331,29,Karnataka,251841,2,Ilkal,Ilkal,24,803050
1332,29,Karnataka,251843,3,Indi,Indi,25,803052
1333,29,Karnataka,276572,3,Jaali,JAALI,7,0
1334,29,Karnataka,251940,2,Jagalur,Jagalur,7,803126
1335,29,Karnataka,251832,2,Jamkhandi,Jamkhandi,24,803041
1336,29,Karnataka,251858,4,Jevargi,Jevargi,25,803214
1337,29,Karnataka,276464,7,Jigani,JIGANI,25,0
1338,29,Karnataka,263293,2,Jog-Kargal,Jog-Kargal,7,803130
1339,29,Karnataka,276483,3,Kabbur,KABBUR,7,0
1340,29,Karnataka,296954,1,Kadaba,Kadaba,7,0
1341,29,Karnataka,299323,2,Kadakola,Kadakola,7,0
1342,29,Karnataka,251964,4,Kadur,Kadur,25,803148
1343,29,Karnataka,299331,1,Kagawada,Kagawada,7,0
1344,29,Karnataka,276560,6,Kakkera,KAKKERA,25,0
1345,29,Karnataka,248127,3,Kalaburagi City Corporation,Kalaburagi City Corporation,4,803207
1346,29,Karnataka,296978,1,Kalagi,Kalagi,7,0
1347,29,Karnataka,251897,1,Kalghatgi,Kalghatgi,7,803087
1348,29,Karnataka,276576,4,Kallolli,KALLOLLI,7,0
1349,29,Karnataka,276611,3,Kamalapura,KAMALAPURA,25,0
1350,29,Karnataka,301080,2,Kamalapura Kalburgi,Kamalapura kalburgi,7,0
1351,29,Karnataka,301079,1,Kamatagi,Kamatagi,7,0
1352,29,Karnataka,251924,5,Kampli,Kampli,25,803111
1353,29,Karnataka,276599,5,Kanakgiri,KANAKGIRI,7,0
1354,29,Karnataka,253188,4,Kanakpura,Kanakpura,24,0
1355,29,Karnataka,276567,3,Kankanavadi,KANKANAVADI,7,0
1356,29,Karnataka,301055,1,Kapu,Kapu,25,0
1357,29,Karnataka,276496,6,Karatagi,KATARAGI,25,0
1358,29,Karnataka,251958,2,Karkal,Karkal,25,803142
1359,29,Karnataka,251900,4,Karwar,Karwar,24,803090
1360,29,Karnataka,276522,3,Kavital,KAVITAL,7,0
1361,29,Karnataka,276516,3,Kembhavi,KEMBHAVI,25,0
1362,29,Karnataka,251836,1,Kerur,Kerur,7,803045
1363,29,Karnataka,251825,3,Khanapur,Khanapur,7,803035
1364,29,Karnataka,299321,1,Kinnigoli,Kinnigoli,7,0
1365,29,Karnataka,251985,5,Kolar,Kolar,24,803221
1366,29,Karnataka,276543,4,Kolhara,KOLAHRA,7,0
1367,29,Karnataka,252056,5,Kollegal,Kollegal,24,803203
1368,29,Karnataka,301790,3,Konappanaagrahara,Konappanaagrahara,25,0
1369,29,Karnataka,251816,3,Konnur,Konnur,25,803028
1370,29,Karnataka,251960,1,Koppa,Koppa,7,803144
1371,29,Karnataka,251882,3,Koppal,Koppal,24,803073
1372,29,Karnataka,251972,2,Koratagere,Koratagere,7,803156
1373,29,Karnataka,276555,4,Kotekar,KOTEKAR,7,0
1374,29,Karnataka,251931,2,Kotturu,Kotturu,7,803117
1375,29,Karnataka,252001,5,Krishnarajpet,Krishnarajpet,25,803164
1376,29,Karnataka,301081,1,Kr Nagar,KR Nagar,25,0
1377,29,Karnataka,251813,3,Kudchi,Kudchi,25,803025
1378,29,Karnataka,251930,2,Kudligi,Kudligi,7,803116
1379,29,Karnataka,251967,2,Kudremukh,Kudremukh,6,803151
1380,29,Karnataka,276534,4,Kudutini,KUDUTINI,7,0
1381,29,Karnataka,276497,4,Kukanooru,KUKANOORU,7,0
1382,29,Karnataka,251907,4,Kumta,Kumta,25,803096
1383,29,Karnataka,251953,2,Kundapura,Kundapura,25,803139
1384,29,Karnataka,251898,2,Kundgol,Kundgol,7,803088
1385,29,Karnataka,251977,4,Kunigal,Kunigal,25,803161
1386,29,Karnataka,276538,4,Kurekuppa,KUREKUPPA,25,0
1387,29,Karnataka,276532,5,Kurugodu,KURUGODU,25,0
1388,29,Karnataka,252039,3,Kushalnagar,Kushalnagar,25,803189
1389,29,Karnataka,251880,3,Kushtagi,Kushtagi,25,803071
1390,29,Karnataka,251891,2,Lakshmeshwar,Lakshmeshwar,25,803081
1391,29,Karnataka,251871,7,Lingasugur,Lingasugur,25,803064
1392,29,Karnataka,299317,2,Lokapura,Lokapura,7,0
1393,29,Karnataka,299332,2,Machhe,Machhe,7,0
1394,29,Karnataka,296975,9,Madanayakanahalli,Madanayakanahalli,24,0
1395,29,Karnataka,252006,3,Maddur,Maddur,25,803169
1396,29,Karnataka,251971,4,Madhugiri,Madhugiri,25,803155
1397,29,Karnataka,252037,2,Madikeri,Madikeri,24,803187
1398,29,Karnataka,251996,7,Magadi,Magadi,25,803237
1399,29,Karnataka,251830,3,Mahalingpur,Mahalingpur,25,803039
1400,29,Karnataka,252007,2,Malavalli,Malavalli,25,803170
1401,29,Karnataka,276556,3,Malebennuru,MALEBENNURU,25,0
1402,29,Karnataka,251986,4,Malur,Malur,25,803222
1403,29,Karnataka,276541,2,Managuli,MANAGULI,7,0
1404,29,Karnataka,252005,4,Mandya,Mandya,24,803168
1405,29,Karnataka,252021,6,Mangaluru,Mangaluru,4,803181
1406,29,Karnataka,299328,1,Manki,Manki,7,0
1407,29,Karnataka,251877,2,Manvi,Manvi,25,803068
1408,29,Karnataka,276474,3,Mariyammanahalli,MARIYAMMANAHALLI,7,0
1409,29,Karnataka,276519,4,Maski,MASKI,25,0
1410,29,Karnataka,299417,2,Mkhubballi,Mkhubballi,7,0
1411,29,Karnataka,251932,1,Molakalmuru,Molakalmuru,7,803118
1412,29,Karnataka,251815,3,Mudalgi,Mudalgi,25,803027
1413,29,Karnataka,252018,2,Mudbidri,Mudbidri,25,803180
1414,29,Karnataka,251846,5,Muddebihal,Muddebihal,25,803055
1415,29,Karnataka,251870,4,Mudgal,Mudgal,25,803063
1416,29,Karnataka,251835,5,Mudhol,Mudhol,24,803044
1417,29,Karnataka,301082,1,Mudigere,Mudigere,7,0
1418,29,Karnataka,276563,4,Mugalakoda,MUGALAKODA,25,0
1419,29,Karnataka,251989,2,Mulbagal,Mulbagal,24,803225
1420,29,Karnataka,251889,1,Mulgund,Mulgund,7,803079
1421,29,Karnataka,252017,1,Mulki,Mulki,7,803179
1422,29,Karnataka,276564,5,Munavalli,MUNAVALLI,25,0
1423,29,Karnataka,251892,4,Mundargi,Mundargi,25,803082
1424,29,Karnataka,251904,1,Mundgod,Mundgod,7,803093
1425,29,Karnataka,252045,6,Mysuru,Mysuru,4,803194
1426,29,Karnataka,252002,8,Nagamangala,Nagamangala,25,803165
1427,29,Karnataka,301061,1,Naganur,Naganur,7,0
1428,29,Karnataka,276544,2,Nalatavada,NALATAVADA,7,0
1429,29,Karnataka,252050,2,Nanjangud,Nanjangud,24,803197
1430,29,Karnataka,251961,2,Narasimharajapura,Narasimharajapura,7,803145
1431,29,Karnataka,251887,1,Naregal,Naregal,7,803077
1432,29,Karnataka,251884,3,Nargund,Nargund,25,803074
1433,29,Karnataka,251895,6,Navalgund,Navalgund,25,803085
1434,29,Karnataka,276542,3,Nayakanahatti,NAYAKANAHATTI,7,0
1435,29,Karnataka,251990,5,Nelamangala,Nelamangala,24,803232
1436,29,Karnataka,276557,4,Nidagundi,NIDAGUNDI,7,0
1437,29,Karnataka,251809,5,Nipani,Nipani,24,803021
1438,29,Karnataka,299183,1,Nyamathi,Nyamathi,7,0
1439,29,Karnataka,252003,5,Pandavapura,Pandavapura,25,803166
1440,29,Karnataka,251970,4,Pavagada,Pavagada,25,803154
1441,29,Karnataka,299333,2,Peeranawadi,Peeranawadi,7,0
1442,29,Karnataka,252042,5,Piriyapatna,Piriyapatna,25,803191
1443,29,Karnataka,301819,2,Ponnampete,,7,0
1444,29,Karnataka,252035,2,Puttur,Puttur,24,803185
1445,29,Karnataka,251833,2,Rabkavi-Banhatti,Rabkavi-Banhatti,24,803042
1446,29,Karnataka,251876,4,Raichur,Raichur,24,803067
1447,29,Karnataka,253186,9,Ramanagara,Ramanagara,24,803238
1448,29,Karnataka,251829,4,Ramdurg,Ramdurg,25,803038
1449,29,Karnataka,299322,1,Rammanahalli,Rammanahalli,7,0
1450,29,Karnataka,251919,4,Ranibennur,Ranibennur,24,803107
1451,29,Karnataka,296955,2,Rattihalli,Rattihalli,7,0
1452,29,Karnataka,251814,1,Raybag,Raybag,7,803026
1453,29,Karnataka,251988,5,Robertson Pet,Robertson Pet,24,803224
1454,29,Karnataka,251885,3,Ron,Ron,25,803075
1455,29,Karnataka,251810,3,Sadalgi,Sadalgi,25,803022
1456,29,Karnataka,251945,2,Sagar,Sagar,24,803131
1457,29,Karnataka,252008,2,Sakleshpur,Sakleshpur,25,803171
1458,29,Karnataka,251954,2,Saligram,Saligram,7,803140
1459,29,Karnataka,251929,5,Sandur,Sandur,25,803115
1460,29,Karnataka,251819,2,Sankeshwar,Sankeshwar,25,803031
1461,29,Karnataka,253132,1,Saragur,Saragur,7,803196
1462,29,Karnataka,251828,4,Saundatti-Yellamma,Saundatti-Yellamma,25,803037
1463,29,Karnataka,251914,3,Savanur,Savanur,25,803102
1464,29,Karnataka,251852,4,Sedam,Sedam,25,803209
1465,29,Karnataka,251855,3,Shahabad,Shahabad,24,803212
1466,29,Karnataka,251854,2,Shahabad Acc,Shahabad Acc,6,803211
1467,29,Karnataka,251861,3,Shahpur,Shahpur,24,803217
1468,29,Karnataka,276579,6,Shedbala,SHEDBALA,7,0
1469,29,Karnataka,251912,3,Shiggaon,Shiggaon,25,803100
1470,29,Karnataka,251948,3,Shikarpur,Shikarpur,25,803134
1471,29,Karnataka,251890,3,Shirahatti,Shirahatti,7,803080
1472,29,Karnataka,299179,4,Shiruru,Shiruru,7,0
1473,29,Karnataka,251951,6,Shivamogga,Shivamogga,4,803137
1474,29,Karnataka,251859,5,Shorapur,Shorapur,24,803215
1475,29,Karnataka,252004,2,Shrirangapattana,Shrirangapattana,25,803167
1476,29,Karnataka,251908,1,Siddapur,Siddapur,7,803097
1477,29,Karnataka,251982,3,Sidlaghatta,Sidlaghatta,24,803230
1478,29,Karnataka,251844,4,Sindgi,Sindgi,25,803053
1479,29,Karnataka,251878,7,Sindhnur,Sindhnur,24,803069
1480,29,Karnataka,251969,4,Sira,Sira,24,803153
1481,29,Karnataka,251947,3,Siralkoppa,Siralkoppa,25,803133
1482,29,Karnataka,276605,3,Siravara,SIRAVARA,7,0
1483,29,Karnataka,251905,4,Sirsi,Sirsi,24,803094
1484,29,Karnataka,251925,3,Siruguppa,Siruguppa,24,803112
1485,29,Karnataka,252029,3,Someshwar,Someshwar,25,0
1486,29,Karnataka,252038,1,Somvarpet,Somvarpet,7,803188
1487,29,Karnataka,251946,5,Sorab,Sorab,25,803132
1488,29,Karnataka,251959,1,Sringeri,Sringeri,7,803143
1489,29,Karnataka,251984,4,Srinivaspur,Srinivaspur,25,803220
1490,29,Karnataka,299325,1,Srirampura,Srirampura,7,0
1491,29,Karnataka,252036,1,Sulya,Sulya,7,803186
1492,29,Karnataka,251847,2,Talikota,Talikota,25,803056
1493,29,Karnataka,251962,7,Tarikere,Tarikere,25,803146
1494,29,Karnataka,276601,5,Tavaragera,TAVARAGERA,7,0
1495,29,Karnataka,251926,1,Tekkalakote,Tekkalakote,7,803113
1496,29,Karnataka,251831,3,Terdal,Terdal,25,803040
1497,29,Karnataka,297131,2,Tikota,ತಿಕೋಟಾ,7,0
1498,29,Karnataka,251975,3,Tiptur,Tiptur,24,803159
1499,29,Karnataka,251950,1,Tirthahalli,Tirthahalli,7,803136
1500,29,Karnataka,252052,5,Tirumakudal - Narsipur,Tirumakudal - Narsipur,25,803199
1501,29,Karnataka,251973,4,Tumakuru,Tumakuru,4,803157
1502,29,Karnataka,251976,3,Turuvekere,Turuvekere,7,803160
1503,29,Karnataka,276524,2,Turvihal,TURVIHAL,7,0
1504,29,Karnataka,251955,6,Udupi,Udupi,24,803141
1505,29,Karnataka,276565,7,Ugar Khurda,UGAR KHURDA,25,0
1506,29,Karnataka,252027,2,Ullal,Ullal,24,803182
1507,29,Karnataka,301054,4,Vemgal-Kurugol,Vemgal-Kurugol,7,0
1508,29,Karnataka,251842,7,Vijayapura,VIJAYAPURA,25,803051
1509,29,Karnataka,251993,7,Vijayapura,Vijayapura,4,803234
1510,29,Karnataka,252040,2,Virajpet,Virajpet,25,803190
1511,29,Karnataka,276554,6,Vitla,VITLA,7,0
1512,29,Karnataka,251856,2,Wadi,Wadi,25,803213
1513,29,Karnataka,251863,3,Yadgir,Yadgir,24,803219
1514,29,Karnataka,297132,1,Yadrami,ಯಡ್ರಾಮಿ,7,0
1515,29,Karnataka,299330,1,Yaragatti,Yaragatti,7,0
1516,29,Karnataka,252055,3,Yelandur,Yelandur,7,803202
1517,29,Karnataka,251879,2,Yelburga,Yelburga,7,803070
1518,29,Karnataka,251903,2,Yellapur,Yellapur,7,803092
1519,32,Kerala,252253,4,Adoor,അടൂര്,5,803305
1520,32,Kerala,252247,7,Alappuzha,ആലപ്പുഴ,5,803299
1521,32,Kerala,252211,2,Aluva,ആലുവ,5,803286
1522,32,Kerala,252208,2,Angamaly,അങ്കമാലി,5,803285
1523,32,Kerala,272915,2,Anthur,ആന്തൂര്,5,0
1524,32,Kerala,252258,2,Attingal,ആറ്റിങ്ങല്,5,803310
1525,32,Kerala,252205,6,Chalakudy,ചാലക്കുടി,5,803283
1526,32,Kerala,252239,3,Changanassery,ചങ്ങനാശ്ശേരി,5,803297
1527,32,Kerala,252181,5,Chavakkad,ചാവക്കാട്,5,803279
1528,32,Kerala,252249,2,Chengannur,ചെങ്ങന്നൂര്,5,803301
1529,32,Kerala,272906,2,Cherpulassery,ചെർപ്ലളശേശരി,5,0
1530,32,Kerala,252242,2,Cherthala,ചേര്ത്തല,5,803298
1531,32,Kerala,252178,2,Chittur-Thathamangalam,ചിറ്റൂര്-തത്തമംഗലം,5,803276
1532,32,Kerala,252218,4,Eloor,ഏലൂര്,5,0
1533,32,Kerala,272892,2,Erattupetta,ഈരാറ്റുപേട്ട,5,0
1534,32,Kerala,272891,2,Ettumanoor,ഏറ്റുമാനൂര്,5,0
1535,32,Kerala,272900,2,Feroke,ഫറോക്ക്,5,0
1536,32,Kerala,252184,11,Guruvayoor,ഗുരുവായൂര്,5,803278
1537,32,Kerala,272880,2,Harippad,ഹരിപ്പാട്,5,0
1538,32,Kerala,252204,6,Irinjalakuda,ഇരിങ്ങാലക്കുട,5,803282
1539,32,Kerala,272890,2,Iritty,ഇരിട്ടി,5,0
1540,32,Kerala,252224,7,Kalamassery,കളമശ്ശേരി,5,803289
1541,32,Kerala,252155,3,Kalpetta,കല്പ്പറ്റ,5,803264
1542,32,Kerala,252110,6,Kanhangad,കാഞ്ഞങ്ങാട്,5,803256
1543,32,Kerala,252125,7,Kannur,കണ്ണൂര്‍,4,803259
1544,32,Kerala,259707,6,Karunagappally,കരുനാഗപ്പള്ളി,5,0
1545,32,Kerala,252108,5,Kasaragod,കാസര്ഗോഡ്,5,803255
1546,32,Kerala,272883,2,Kattappana,കട്ടപ്പന,5,0
1547,32,Kerala,252248,3,Kayamkulam,കായംകുളം,5,803300
1548,32,Kerala,252220,16,Kochi,കൊച്ചി,4,803288
1549,32,Kerala,252200,7,Kodungallur,കൊടുങ്ങല്ലൂര്,5,803281
1550,32,Kerala,272897,2,Koduvally,കൊടുവള്ളി,5,0
1551,32,Kerala,252255,11,Kollam,കൊല്ലം,4,803306
1552,32,Kerala,272901,2,Kondotty,കൊണ്ടോട്ടി,5,0
1553,32,Kerala,272881,2,Koothattukulam,കൂത്താട്ടുകുളം,5,0
1554,32,Kerala,252144,2,Koothuparamba,കൂത്തുപറമ്പ,5,803262
1555,32,Kerala,252231,4,Kothamangalam,കോതമംഗലം,5,803292
1556,32,Kerala,259709,3,Kottakkal,കോട്ടക്കല്,5,0
1557,32,Kerala,272889,3,Kottarakkara,കൊട്ടാരക്കര,5,0
1558,32,Kerala,252238,9,Kottayam,കോട്ടയം,5,803296
1559,32,Kerala,252159,7,Koyilandy,കൊയിലാണ്ടി,5,803266
1560,32,Kerala,252160,16,Kozhikode,കോഴിക്കോട്,4,803267
1561,32,Kerala,252180,9,Kunnamkulam,കുന്ദംകുളം,5,803277
1562,32,Kerala,252170,5,Malappuram,മലപ്പുറം,5,803269
1563,32,Kerala,272910,2,Mananthavady,മാനന്തവാടി,5,0
1564,32,Kerala,252169,5,Manjeri,മഞ്ചേരി,5,803268
1565,32,Kerala,272907,2,Mannarkad,മണ്ണാർക്കാട്,5,0
1566,32,Kerala,252226,4,Maradu,മരട്,5,0
1567,32,Kerala,252139,5,Mattannur,മട്ടന്നൂര്,5,803261
1568,32,Kerala,252250,3,Mavelikkara,മാവേലിക്കര,5,803302
1569,32,Kerala,272898,2,Mukkom,മുക്കം,5,0
1570,32,Kerala,252230,2,Muvattupuzha,മുവ്വാററുപുഴ,5,803291
1571,32,Kerala,252259,4,Nedumangad,നെടുമങ്ങാട്,5,803311
1572,32,Kerala,252261,4,Neyyattinkara,നെയ്യാറ്റിന്കര,5,803313
1573,32,Kerala,259710,2,Nilambur,നിലമ്പൂര്,5,0
1574,32,Kerala,259711,2,Nileshwar,നീലേശ്വര്,5,0
1575,32,Kerala,252175,4,Ottappalam,ഒറ്റപ്പാലം,5,803274
1576,32,Kerala,252234,2,Palai,പാലാ,5,803294
1577,32,Kerala,252176,6,Palakkad,പാലക്കാട്,5,803275
1578,32,Kerala,272908,2,Pandalam,പന്തളം,5,0
1579,32,Kerala,272885,3,Panoor,പാനൂര്,5,0
1580,32,Kerala,272912,2,Parappanangadi,പരപ്പനങ്ങാടി,5,0
1581,32,Kerala,252256,3,Paravoor,പരവൂര്,5,803308
1582,32,Kerala,252215,5,Paravur,പറവൂര്,5,803287
1583,32,Kerala,252252,5,Pathanamthitta,പത്തനംതിട്ട,5,803304
1584,32,Kerala,272905,3,Pattambi,പട്ടാമ്പി,5,0
1585,32,Kerala,252111,8,Payyannur,പയ്യന്നൂര്,5,803257
1586,32,Kerala,272896,2,Payyoli,പയ്യോളി,5,0
1587,32,Kerala,252171,4,Perinthalmanna,പെരിന്തല്മണ്ണ,5,803270
1588,32,Kerala,252207,2,Perumbavoor,പെരുമ്പാവൂര്,5,803284
1589,32,Kerala,272882,2,Piravom,പിറവം,5,0
1590,32,Kerala,252173,4,Ponnani,പൊന്നാനി,5,803272
1591,32,Kerala,252254,4,Punalur,പുനലൂര്,5,803307
1592,32,Kerala,272899,2,Ramanattukara,രാമനാട്ടുകര,5,0
1593,32,Kerala,252174,4,Shoranur,ഷൊര്ണ്ണൂര്,5,803273
1594,32,Kerala,272884,2,Sreekandapuram,ശ്രീകണ്ഠപുരം,5,0
1595,32,Kerala,272911,2,Sulthanbathery,സുൽത്താൻ ബത്തേരി,5,0
1596,32,Kerala,252112,7,Taliparamba,തളിപറമ്പ,5,803258
1597,32,Kerala,272904,2,Tanur,താനൂർ,5,0
1598,32,Kerala,252149,4,Thalassery,തലശ്ശേരി,5,803263
1599,32,Kerala,252251,5,Thiruvalla,തിരുവല്ല,5,803303
1600,32,Kerala,252260,27,Thiruvananthapuram,തിരുവനന്തപുരം,4,803312
1601,32,Kerala,252233,3,Thodupuzha,തൊടുപുഴ,5,803293
1602,32,Kerala,259708,9,Thrikkakara,തൃക്കാക്കര,5,0
1603,32,Kerala,252227,4,Thrippunithura,തൃപ്പുണിത്തുറ,5,803290
1604,32,Kerala,252194,18,Thrissur,തൃശ്ശൂര്‍,4,803280
1605,32,Kerala,252172,4,Tirur,തിരൂര്,5,803271
1606,32,Kerala,272903,2,Tirurangadi,തിരുരങ്ങാടി,5,0
1607,32,Kerala,252236,2,Vaikom,വൈക്കം,5,803295
1608,32,Kerala,272902,2,Valanchery,വളാഞ്ചേരി,5,0
1609,32,Kerala,252257,5,Varkala,വര്ക്കല,5,803309
1610,32,Kerala,252157,6,Vatakara,വടകര,5,803265
1611,32,Kerala,272909,7,Wadakkanchery,വടക്കാഞ്ചേരി,5,0
1612,37,Ladakh,248178,4,Kargil,Kargil,5,800048
1613,37,Ladakh,248177,3,Leh,Leh,5,800047
1614,23,Madhya Pradesh,250858,4,Agar,Agar,5,802237
1615,23,Madhya Pradesh,250749,2,Ajaygarh,Ajaygarh,7,802147
1616,23,Madhya Pradesh,250685,1,Akoda,Akoda,7,802091
1617,23,Madhya Pradesh,250863,2,Akodia,Akodia,7,802242
1618,23,Madhya Pradesh,250692,2,Alampur,Alampur,7,802098
1619,23,Madhya Pradesh,250882,3,Alirajpur,Alirajpur,5,802433
1620,23,Madhya Pradesh,250839,2,Alot,Alot,7,802218
1621,23,Madhya Pradesh,250753,2,Amanganj,Amanganj,7,802151
1622,23,Madhya Pradesh,253195,1,Amarkantak,Amarkantak,7,802421
1623,23,Madhya Pradesh,250786,4,Amarpatan,Amarpatan,7,802178
1624,23,Madhya Pradesh,251008,2,Amarwara,Amarwara,5,802377
1625,23,Madhya Pradesh,250675,1,Ambah,Ambah,5,802081
1626,23,Madhya Pradesh,248073,3,Amla,Amla,5,802340
1627,23,Madhya Pradesh,250915,1,Anjad,Anjad,7,802286
1628,23,Madhya Pradesh,250699,2,Antari,Antari,7,802106
1629,23,Madhya Pradesh,265847,1,Anuppur Np,अनूपपुर,5,802419
1630,23,Madhya Pradesh,250719,1,Aron,Aron,7,802404
1631,23,Madhya Pradesh,250715,2,Ashoknagar,Ashoknagar,5,802408
1632,23,Madhya Pradesh,250949,3,Ashta,आष्टा,5,802315
1633,23,Madhya Pradesh,293817,1,Athana,अठाना,7,0
1634,23,Madhya Pradesh,263361,1,Athner,Athner,7,802334
1635,23,Madhya Pradesh,250975,2,Babai,Babai,7,802347
1636,23,Madhya Pradesh,290258,1,Badagaon,Badagaon,7,802131
1637,23,Madhya Pradesh,250733,3,Badagaon Shajapur,Badagaon Shajapur,7,802235
1638,23,Madhya Pradesh,250744,2,Bada -Malhera,Bada -Malhera,7,802142
1639,23,Madhya Pradesh,250709,2,Badarwas,Badarwas,7,802116
1640,23,Madhya Pradesh,250838,2,Badawada,Badawada,7,802217
1641,23,Madhya Pradesh,250961,2,Badi,Badi,7,802330
1642,23,Madhya Pradesh,251025,1,Badkuhi,Badkuhi,7,802385
1643,23,Madhya Pradesh,250852,1,Badnagar,Badnagar,5,802231
1644,23,Madhya Pradesh,250884,1,Badnawar,Badnawar,7,802257
1645,23,Madhya Pradesh,250857,2,Badod,Badod,7,802236
1646,23,Madhya Pradesh,250674,2,Badoda,Badoda,7,802080
1647,23,Madhya Pradesh,277237,2,Badonee,बडोनी,7,802110
1648,23,Madhya Pradesh,290389,2,Bagali,Bagali,7,802254
1649,23,Madhya Pradesh,251041,4,Baihar,Baihar,7,802398
1650,23,Madhya Pradesh,250792,1,Baikunthpur,Baikunthpur,7,802183
1651,23,Madhya Pradesh,263211,3,Bairad,Bairad,7,0
1652,23,Madhya Pradesh,298926,4,Bakho,Bakho,7,0
1653,23,Madhya Pradesh,251040,5,Balaghat,Balaghat,5,802397
1654,23,Madhya Pradesh,290276,4,Baldevgarh,Baldevgarh,7,802127
1655,23,Madhya Pradesh,289260,1,Bamhni Banjar,BAMHNI BANJAR,7,802374
1656,23,Madhya Pradesh,250760,2,Banda,Banda,7,802155
1657,23,Madhya Pradesh,297114,2,Bandri,बाँदरी,7,0
1658,23,Madhya Pradesh,263020,2,Bankhedi,BANKHEDI,7,0
1659,23,Madhya Pradesh,250678,3,Banmor,Banmor,7,802084
1660,23,Madhya Pradesh,250997,3,Barela,Barela,7,802363
1661,23,Madhya Pradesh,250962,1,Bareli,Bareli,7,802329
1662,23,Madhya Pradesh,300395,9,Bargawan,बरगवाँ ,7,0
1663,23,Madhya Pradesh,299804,2,Bargawan (Amlai),बरगवाँ (अमलाई),7,0
1664,23,Madhya Pradesh,251034,2,Barghat,Barghat,7,802394
1665,23,Madhya Pradesh,250978,2,Barhi,Barhi,7,802352
1666,23,Madhya Pradesh,250734,2,Barigarh,Barigarh,7,802132
1667,23,Madhya Pradesh,300085,9,Barodiyakalan,बरोदियाकलां,7,0
1668,23,Madhya Pradesh,250907,1,Barwaha,बड़वाह,5,802278
1669,23,Madhya Pradesh,250914,2,Barwani,बड़वानी,5,802285
1670,23,Madhya Pradesh,250957,3,Begamganj,Begamganj,5,802325
1671,23,Madhya Pradesh,250805,2,Beohari,Beohari,7,802411
1672,23,Madhya Pradesh,250945,6,Berasia,Berasia,5,802311
1673,23,Madhya Pradesh,250897,1,Betma,Betma,7,802270
1674,23,Madhya Pradesh,248072,2,Betul,Betul,5,802335
1675,23,Madhya Pradesh,248070,2,Betul Bazar,Betul Bazar,7,802336
1676,23,Madhya Pradesh,250964,3,Bhainsdehi,Bhainsdehi,7,802333
1677,23,Madhya Pradesh,250704,2,Bhander,Bhander,7,802111
1678,23,Madhya Pradesh,250827,2,Bhanpura,Bhanpura,7,802205
1679,23,Madhya Pradesh,250865,2,Bhaurasa,Bhaurasa,7,802245
1680,23,Madhya Pradesh,250880,3,Bhavra,Bhavra,7,802431
1681,23,Madhya Pradesh,250996,2,Bhedaghat,Bhedaghat,7,802362
1682,23,Madhya Pradesh,298922,2,Bhensoda,Bhensoda,7,0
1683,23,Madhya Pradesh,250912,1,Bhikangaon,Bhikangaon,7,802283
1684,23,Madhya Pradesh,250684,2,Bhind,Bhind,5,802090
1685,23,Madhya Pradesh,250700,3,Bhitarwar,Bhitarwar,7,802105
1686,23,Madhya Pradesh,250946,16,Bhopal,Bhopal,4,802312
1687,23,Madhya Pradesh,253171,1,Bhuwa Bichhia,Bhuwa Bichhia,7,802375
1688,23,Madhya Pradesh,250934,2,Biaora,Biaora,5,802299
1689,23,Madhya Pradesh,263072,5,Bichhua,बिछुआ,7,0
1690,23,Madhya Pradesh,250747,4,Bijawar,Bijawar,7,802145
1691,23,Madhya Pradesh,253194,1,Bijuri,Bijuri,5,802416
1692,23,Madhya Pradesh,250695,3,Bilaua,Bilaua,7,802102
1693,23,Madhya Pradesh,298917,4,Bilhara,बिलहरा,7,0
1694,23,Madhya Pradesh,250755,3,Bina,Bina,5,802153
1695,23,Madhya Pradesh,250778,2,Birsinghpur,Birsinghpur,7,802172
1696,23,Madhya Pradesh,298931,4,Bistan,Bistan,7,0
1697,23,Madhya Pradesh,250938,1,Boda,Boda,7,802302
1698,23,Madhya Pradesh,250952,2,Budni,बुदनी,7,802320
1699,23,Madhya Pradesh,250925,1,Burhanpur,Burhanpur,4,802439
1700,23,Madhya Pradesh,250808,2,Burhar,Burhar,7,802414
1701,23,Madhya Pradesh,250748,1,Buxwaha,Buxwaha,7,802146
1702,23,Madhya Pradesh,250720,2,Chachaura -Binaganj,Chachaura -Binaganj,7,802405
1703,23,Madhya Pradesh,250788,2,Chakghat,Chakghat,7,802180
1704,23,Madhya Pradesh,250756,3,Chand,Chand,7,0
1705,23,Madhya Pradesh,251023,2,Chandameta -Butaria,Chandameta -Butaria,7,802384
1706,23,Madhya Pradesh,250713,2,Chanderi,Chanderi,5,802407
1707,23,Madhya Pradesh,250800,3,Chandia,Chandia,7,802193
1708,23,Madhya Pradesh,250736,1,Chandla,Chandla,7,802134
1709,23,Madhya Pradesh,251009,5,Chaurai,Chaurai,5,802379
1710,23,Madhya Pradesh,298932,4,Chhapara,Chhapara,7,0
1711,23,Madhya Pradesh,262992,1,Chhapiheda,Chhapiheda,7,802295
1712,23,Madhya Pradesh,250741,2,Chhatarpur,Chhatarpur,5,802139
1713,23,Madhya Pradesh,251026,5,Chhindwara,Chhindwara,4,802386
1714,23,Madhya Pradesh,251000,1,Chichli,Chichli,7,0
1715,23,Madhya Pradesh,263218,1,Chicholi,Chicholi,7,802337
1716,23,Madhya Pradesh,250777,2,Chitrakoot,Chitrakoot,7,802171
1717,23,Madhya Pradesh,248068,3,Churhat,Churhat,7,802423
1718,23,Madhya Pradesh,298925,8,Dabhaura,Dabhaura,7,0
1719,23,Madhya Pradesh,250693,1,Daboh,Daboh,7,802099
1720,23,Madhya Pradesh,250698,18,Dabra,Dabra,5,802104
1721,23,Madhya Pradesh,290394,1,Dahi,Dahi,7,802264
1722,23,Madhya Pradesh,250774,4,Damoh,दमोह,5,802167
1723,23,Madhya Pradesh,293808,2,Damua,Damua,5,802381
1724,23,Madhya Pradesh,250703,2,Datia,Datia,5,802109
1725,23,Madhya Pradesh,250770,2,Deori,Deori,5,802163
1726,23,Madhya Pradesh,250896,3,Depalpur,Depalpur,7,802269
1727,23,Madhya Pradesh,250751,2,Devendranagar,Devendranagar,7,802149
1728,23,Madhya Pradesh,250815,9,Devri,देवरी ,7,0
1729,23,Madhya Pradesh,250867,2,Dewas,Dewas,4,802248
1730,23,Madhya Pradesh,290379,2,Dhamnod- Dhar,धामनोद- धार,7,802266
1731,23,Madhya Pradesh,250893,3,Dhamnod Ratlam,Dhamnod Ratlam,7,802223
1732,23,Madhya Pradesh,250809,3,Dhanpuri,Dhanpuri,5,802415
1733,23,Madhya Pradesh,250887,2,Dhar,Dhar,5,802260
1734,23,Madhya Pradesh,250894,3,Dharampuri,Dharampuri,7,802267
1735,23,Madhya Pradesh,250821,2,Diken,Diken,7,802196
1736,23,Madhya Pradesh,290390,3,Dindori,डिंडौरी,7,802371
1737,23,Madhya Pradesh,298927,2,Dola,Dola,7,0
1738,23,Madhya Pradesh,251022,2,Dongar Parasia,Dongar Parasia,5,802383
1739,23,Madhya Pradesh,298928,2,Doomar Kachhar,Doomar Kachhar,7,0
1740,23,Madhya Pradesh,250999,3,Gadarwara,Gadarwara,5,802366
1741,23,Madhya Pradesh,250956,2,Gairatganj,Gairatganj,7,802324
1742,23,Madhya Pradesh,293809,3,Ganjbasoda,गंजबासौदा,5,802308
1743,23,Madhya Pradesh,250768,9,Garhakota,Garhakota,5,802161
1744,23,Madhya Pradesh,250739,2,Garhi -Malhara,Garhi -Malhara,7,802137
1745,23,Madhya Pradesh,250831,2,Garoth,Garoth,7,802209
1746,23,Madhya Pradesh,298919,2,Ghodadongri,Ghodadongri,7,0
1747,23,Madhya Pradesh,250745,1,Ghuwara,Ghuwara,7,802143
1748,23,Madhya Pradesh,250688,2,Gohad,Gohad,5,802094
1749,23,Madhya Pradesh,250686,1,Gormi,Gormi,7,802093
1750,23,Madhya Pradesh,250998,2,Gotegaon,Gotegaon,5,802365
1751,23,Madhya Pradesh,250798,1,Govindgarh,Govindgarh,7,802190
1752,23,Madhya Pradesh,250714,3,Guna,Guna,5,802401
1753,23,Madhya Pradesh,297930,2,Gunnor,गुन्नौर,7,0
1754,23,Madhya Pradesh,250799,2,Gurh,Gurh,7,802191
1755,23,Madhya Pradesh,250694,40,Gwalior,Gwalior,4,802100
1756,23,Madhya Pradesh,250794,5,Hanumana,Hanumana,7,802186
1757,23,Madhya Pradesh,250967,5,Harda,Harda,5,802342
1758,23,Madhya Pradesh,250737,1,Harpalpur,Harpalpur,7,802135
1759,23,Madhya Pradesh,251007,2,Harrai,Harrai,7,802378
1760,23,Madhya Pradesh,250920,2,Harsud,हरसूद,7,802434
1761,23,Madhya Pradesh,250900,1,Hatod,Hatod,7,802271
1762,23,Madhya Pradesh,250872,1,Hatpipalya,Hatpipalya,7,802255
1763,23,Madhya Pradesh,250771,3,Hatta,हटा,5,802164
1764,23,Madhya Pradesh,250773,2,Hindoria,हिंडोरिया,7,802166
1765,23,Madhya Pradesh,250950,1,Ichhawar,इछावर,7,802318
1766,23,Madhya Pradesh,250702,2,Indergarh,Indergarh,7,802108
1767,23,Madhya Pradesh,250901,32,Indore,इन्दौर,4,802273
1768,23,Madhya Pradesh,250712,2,Isagarh,Isagarh,7,802406
1769,23,Madhya Pradesh,250970,2,Itarsi,Itarsi,5,802345
1770,23,Madhya Pradesh,250995,56,Jabalpur,Jabalpur,4,802361
1771,23,Madhya Pradesh,250806,1,Jaisinghnagar,Jaisinghnagar,7,802412
1772,23,Madhya Pradesh,253196,2,Jaithari,Jaithari,7,802420
1773,23,Madhya Pradesh,250780,2,Jaitwara,Jaitwara,7,802173
1774,23,Madhya Pradesh,251010,2,Jamai,Jamai,5,802380
1775,23,Madhya Pradesh,250837,1,Jaora,Jaora,5,802216
1776,23,Madhya Pradesh,290257,1,Jatara,जतारा,7,802125
1777,23,Madhya Pradesh,250822,2,Jawad,Jawad,7,802197
1778,23,Madhya Pradesh,250948,1,Jawar,जावर,7,802317
1779,23,Madhya Pradesh,290323,3,Jeron Khalsa,Jeron Khalsa,7,802122
1780,23,Madhya Pradesh,250879,3,Jhabua,Jhabua,5,802429
1781,23,Madhya Pradesh,250681,1,Jhundpura,Jhundpura,7,802087
1782,23,Madhya Pradesh,250824,1,Jiran,Jiran,7,802201
1783,23,Madhya Pradesh,250929,1,Jirapur,Jirapur,7,802293
1784,23,Madhya Pradesh,250881,2,Jobat,Jobat,7,802432
1785,23,Madhya Pradesh,250679,2,Joura,Joura,7,802085
1786,23,Madhya Pradesh,250680,1,Kailaras,Kailaras,7,802086
1787,23,Madhya Pradesh,250752,2,Kakarhati,Kakarhati,7,802150
1788,23,Madhya Pradesh,250859,1,Kanad,Kanad,7,802238
1789,23,Madhya Pradesh,250868,1,Kannod,Kannod,7,802249
1790,23,Madhya Pradesh,250870,2,Kantaphod,Kantaphod,7,802251
1791,23,Madhya Pradesh,293822,1,Karahi,करही,7,0
1792,23,Madhya Pradesh,251002,3,Kareli,Kareli,5,802368
1793,23,Madhya Pradesh,250707,2,Karera,Karera,7,802114
1794,23,Madhya Pradesh,290256,1,Kari,कारी,7,802129
1795,23,Madhya Pradesh,250873,2,Karnawad,Karnawad,7,802253
1796,23,Madhya Pradesh,300387,5,Karrapur,कर्रापुर ,7,0
1797,23,Madhya Pradesh,250911,2,Kasrawad,Kasrawad,7,802282
1798,23,Madhya Pradesh,250984,6,Katangi,Katangi,7,802357
1799,23,Madhya Pradesh,251035,5,Katangi Jabalpur,Katangi Jabalpur,7,802395
1800,23,Madhya Pradesh,298933,12,Keolari,Keolari,7,0
1801,23,Madhya Pradesh,250845,2,Khacharod,Khacharod,5,802224
1802,23,Madhya Pradesh,250743,2,Khajuraho,Khajuraho,7,802141
1803,23,Madhya Pradesh,250804,3,Khand - Bansagar,Khand - Bansagar,7,802410
1804,23,Madhya Pradesh,250923,2,Khandwa,खण्‍डवा,4,802435
1805,23,Madhya Pradesh,250711,2,Khaniyadhana,Khaniyadhana,7,802118
1806,23,Madhya Pradesh,290306,1,Khargapur,Khargapur,7,802128
1807,23,Madhya Pradesh,250913,10,Khargone,खरगौन,5,802284
1808,23,Madhya Pradesh,250875,1,Khategaon,Khategaon,7,802256
1809,23,Madhya Pradesh,250918,1,Khetia,Khetia,7,802290
1810,23,Madhya Pradesh,250930,1,Khilchipur,Khilchipur,7,802294
1811,23,Madhya Pradesh,250966,3,Khirkiya,Khirkiya,7,802341
1812,23,Madhya Pradesh,250932,1,Khujner,Khujner,7,802297
1813,23,Madhya Pradesh,250758,5,Khurai,Khurai,5,802154
1814,23,Madhya Pradesh,250708,2,Kolaras,Kolaras,7,802115
1815,23,Madhya Pradesh,250784,2,Kotar,Kotar,7,802177
1816,23,Madhya Pradesh,250779,3,Kothi,Kothi,7,802169
1817,23,Madhya Pradesh,290383,2,Kothri,कोठरी,7,802316
1818,23,Madhya Pradesh,253193,1,Kotma,Kotma,5,802417
1819,23,Madhya Pradesh,253134,1,Kukdeshwar,Kukdeshwar,7,802204
1820,23,Madhya Pradesh,250891,1,Kukshi,Kukshi,7,802263
1821,23,Madhya Pradesh,250718,1,Kumbhraj,Kumbhraj,7,802403
1822,23,Madhya Pradesh,262908,1,Kurawar,KURAWAR,7,0
1823,23,Madhya Pradesh,250942,1,Kurwai,Kurwai,7,802307
1824,23,Madhya Pradesh,250980,2,Kymore,Kymore,7,802353
1825,23,Madhya Pradesh,250691,2,Lahar,Lahar,5,802097
1826,23,Madhya Pradesh,251031,2,Lakhnadon,Lakhnadon,7,802392
1827,23,Madhya Pradesh,253162,3,Lanji,Lanji,7,802400
1828,23,Madhya Pradesh,250940,1,Lateri,Lateri,7,802305
1829,23,Madhya Pradesh,250735,3,Lavkush Nagar,लवकुश नगर,7,802133
1830,23,Madhya Pradesh,290253,2,Lidhorakhas,Lidhorakhas,7,802124
1831,23,Madhya Pradesh,251029,3,Lodhikheda,Lodhikheda,7,802389
1832,23,Madhya Pradesh,250869,2,Loharda,Loharda,7,802250
1833,23,Madhya Pradesh,250928,1,Machalpur,Machalpur,7,802292
1834,23,Madhya Pradesh,299255,12,Madhusudangarh,मधुसूदनगढ़  ,7,0
1835,23,Madhya Pradesh,299299,2,Magroni,मगरोनी ,7,0
1836,23,Madhya Pradesh,250740,4,Maharajpur,Maharajpur,5,802138
1837,23,Madhya Pradesh,250909,2,Maheshwar,Maheshwar,7,802280
1838,23,Madhya Pradesh,250849,1,Mahidpur,Mahidpur,5,802227
1839,23,Madhya Pradesh,250787,16,Maihar,Maihar,5,802179
1840,23,Madhya Pradesh,250818,5,Majhauli,Majhauli,7,802425
1841,23,Madhya Pradesh,263205,3,Makdon,makdon,7,802229
1842,23,Madhya Pradesh,250766,3,Makronia Buzurg,Makronia Buzurg,5,0
1843,23,Madhya Pradesh,250861,2,Maksi,Maksi,7,802240
1844,23,Madhya Pradesh,251042,4,Malajkhand,Malajkhand,5,802399
1845,23,Madhya Pradesh,298924,8,Malanpur,Malanpur,7,0
1846,23,Madhya Pradesh,250828,1,Malhargarh,Malhargarh,7,802206
1847,23,Madhya Pradesh,297116,2,Malthone,मालथौन,7,0
1848,23,Madhya Pradesh,250826,2,Manasa,Manasa,7,802203
1849,23,Madhya Pradesh,250892,2,Manawar,Manawar,5,802265
1850,23,Madhya Pradesh,250889,2,Mandav,Mandav,7,802262
1851,23,Madhya Pradesh,250959,6,Mandideep,Mandideep,5,802327
1852,23,Madhya Pradesh,289259,4,Mandla,mandla,5,802373
1853,23,Madhya Pradesh,250910,1,Mandleshwar,Mandleshwar,7,802281
1854,23,Madhya Pradesh,250833,2,Mandsaur,Mandsaur,5,802211
1855,23,Madhya Pradesh,250793,3,Mangawan,Mangawan,7,802184
1856,23,Madhya Pradesh,250982,4,Manjholi Jabalpur,Manjholi Jabalpur,7,802356
1857,23,Madhya Pradesh,250906,1,Manpur,Manpur,7,802277
1858,23,Madhya Pradesh,297136,3,Manpur (Umaria),मानपुर (उमरिया),7,0
1859,23,Madhya Pradesh,250689,2,Mau,Mau,7,802095
1860,23,Madhya Pradesh,250796,4,Mauganj,Mauganj,7,802187
1861,23,Madhya Pradesh,273379,3,Meghnagar New,Meghnagar,7,0
1862,23,Madhya Pradesh,290392,2,Mehgaon,मेहगाँव,7,802092
1863,23,Madhya Pradesh,250905,1,Mhowgaon,Mhowgaon,7,802276
1864,23,Madhya Pradesh,250690,2,Mihona,Mihona,7,802096
1865,23,Madhya Pradesh,251028,3,Mohgaon,Mohgaon,7,802388
1866,23,Madhya Pradesh,299289,1,Mohna,मोहना ,7,0
1867,23,Madhya Pradesh,250677,10,Morena,Morena,4,802083
1868,23,Madhya Pradesh,248071,3,Multai,Multai,5,802339
1869,23,Madhya Pradesh,250922,3,Mundi,मुंदी,7,802437
1870,23,Madhya Pradesh,250717,10,Mungaoli,Mungaoli,7,802409
1871,23,Madhya Pradesh,250979,3,Murwara - Katni,Murwara - Katni,4,802351
1872,23,Madhya Pradesh,248075,2,"Nagar Palika, Nainpur","Nagar Palika, Nainpur",5,802376
1873,23,Madhya Pradesh,250846,3,Nagda,Nagda,5,802225
1874,23,Madhya Pradesh,250782,2,Nagod,Nagod,7,802174
1875,23,Madhya Pradesh,250834,1,Nagri,Nagri,7,802212
1876,23,Madhya Pradesh,250795,5,Nai-Garhi,Nai-Garhi,7,802188
1877,23,Madhya Pradesh,250855,3,Nalkheda,Nalkheda,7,802234
1878,23,Madhya Pradesh,250842,2,Namli,Namli,7,802221
1879,23,Madhya Pradesh,250829,1,Narayangarh,Narayangarh,7,802207
1880,23,Madhya Pradesh,250974,3,Narmadapuram,नर्मदापुरम,5,802346
1881,23,Madhya Pradesh,251001,3,Narsimhapur,Narsimhapur,5,802367
1882,23,Madhya Pradesh,250937,1,Narsinghgarh,Narsinghgarh,5,802301
1883,23,Madhya Pradesh,250706,2,Narwar,Narwar,7,802113
1884,23,Madhya Pradesh,250951,2,Nasrullaganj,नसरूलागंज,7,802319
1885,23,Madhya Pradesh,263154,1,Nayagoan,Nayagoan,7,0
1886,23,Madhya Pradesh,250823,4,Neemuch,Neemuch,5,802200
1887,23,Madhya Pradesh,274350,2,Nemawar,Nemawar,7,0
1888,23,Madhya Pradesh,250927,3,Nepanagar,Nepanagar,5,802441
1889,23,Madhya Pradesh,293819,8,New Ramnagar, न्यू रामनगर,7,0
1890,23,Madhya Pradesh,251018,1,Newton Chikhli Kalan,Newton Chikhli Kalan,7,802382
1891,23,Madhya Pradesh,297118,3,Niwali Bujurg,निवाली बुजुर्ग ,7,0
1892,23,Madhya Pradesh,290382,2,Niwari,निवाड़ी,7,802120
1893,23,Madhya Pradesh,253170,9,Niwas,Niwas,7,802372
1894,23,Madhya Pradesh,250738,2,Nowgong,Nowgong,5,802136
1895,23,Madhya Pradesh,250803,3,Nowrozabad - Khodargama,Nowrozabad - Khodargama,7,802195
1896,23,Madhya Pradesh,250960,2,Obedullaganj,Obedullaganj,7,802328
1897,23,Madhya Pradesh,250921,3,Omkareshwar,ओंकारेश्वर,7,802436
1898,23,Madhya Pradesh,293827,3,Orchha,ओरछा,7,802121
1899,23,Madhya Pradesh,250935,2,Pachore,Pachore,7,802303
1900,23,Madhya Pradesh,290343,1,Palera,Palera,7,802126
1901,23,Madhya Pradesh,250802,4,Pali,Pali,5,802194
1902,23,Madhya Pradesh,253251,2,Palsud,Palsud,7,802288
1903,23,Madhya Pradesh,250987,5,Panagar,Panagar,5,802364
1904,23,Madhya Pradesh,250924,5,Pandhana,पंधाना,7,802438
1905,23,Madhya Pradesh,251030,4,Pandhurna,Pandhurna,5,802391
1906,23,Madhya Pradesh,263010,1,Pankhedi Kalapipal,पानखेड़ी (कालापीपल),7,0
1907,23,Madhya Pradesh,250750,10,Panna,Panna,5,802148
1908,23,Madhya Pradesh,250917,2,Pansemal,Pansemal,7,802289
1909,23,Madhya Pradesh,253197,1,Pasan,Pasan,5,802418
1910,23,Madhya Pradesh,250985,3,Patan,Patan,7,802358
1911,23,Madhya Pradesh,293826,2,Patera,पटेरा,7,0
1912,23,Madhya Pradesh,250772,2,Patharia,पथरिया,7,802165
1913,23,Madhya Pradesh,250754,2,Pawai,Pawai,7,802152
1914,23,Madhya Pradesh,250877,1,Petlawad,Petlawad,7,802428
1915,23,Madhya Pradesh,250683,2,Phuphkalan,Phuphkalan,7,802089
1916,23,Madhya Pradesh,250697,4,Pichhore Gwalior,Pichhore Gwalior,7,802103
1917,23,Madhya Pradesh,250710,3,Pichhore Shivpuri,Pichhore Shivpuri,7,802117
1918,23,Madhya Pradesh,290272,1,Pipalrawan,पीपलरावां,7,802247
1919,23,Madhya Pradesh,250977,2,Pipariya,Pipariya,5,802349
1920,23,Madhya Pradesh,290395,2,Pipla Narayanwar,Pipla Narayanwar,7,802390
1921,23,Madhya Pradesh,250836,1,Piploda,Piploda,7,802215
1922,23,Madhya Pradesh,250830,2,Piplya Mandi,Piplya Mandi,7,802208
1923,23,Madhya Pradesh,299252,12,Piprai,पिपरई ,7,0
1924,23,Madhya Pradesh,250888,3,Pithampur,Pithampur,5,802261
1925,23,Madhya Pradesh,289710,8,Pohari,पोहरी,7,0
1926,23,Madhya Pradesh,250864,1,Polaykalan,Polaykalan,7,802243
1927,23,Madhya Pradesh,250676,2,Porsa,Porsa,5,802082
1928,23,Madhya Pradesh,293821,4,Prithvipur,पृथ्वीपुर,7,802123
1929,23,Madhya Pradesh,300388,5,Punasa,पुनासा ,7,0
1930,23,Madhya Pradesh,250716,4,Raghogarh-Vijaypur,Raghogarh-Vijaypur,5,802402
1931,23,Madhya Pradesh,250761,2,Rahatgarh,Rahatgarh,7,802157
1932,23,Madhya Pradesh,250955,2,Raisen,Raisen,5,802323
1933,23,Madhya Pradesh,250885,3,Rajgarh,Rajgarh,5,802296
1934,23,Madhya Pradesh,250931,2,Rajgarh,Rajgarh,7,802258
1935,23,Madhya Pradesh,250742,1,Rajnagar,Rajnagar,7,802140
1936,23,Madhya Pradesh,299278,1,Rajnagar Bangawan,राजनगर बनगवां ,7,0
1937,23,Madhya Pradesh,250916,1,Rajpur,Rajpur,7,802287
1938,23,Madhya Pradesh,250825,2,Rampura,Rampura,7,802202
1939,23,Madhya Pradesh,250785,2,Rampur Baghelan,Rampur Baghelan,7,802176
1940,23,Madhya Pradesh,248067,3,Rampur Naikin,Rampur Naikin,7,802422
1941,23,Madhya Pradesh,250883,2,Ranapur,Ranapur,7,802430
1942,23,Madhya Pradesh,298921,3,Rannod,Rannod,7,0
1943,23,Madhya Pradesh,250820,2,Ratangarh,Ratangarh,7,802199
1944,23,Madhya Pradesh,250843,3,Ratlam,Ratlam,4,802222
1945,23,Madhya Pradesh,250904,1,Rau,Rau,7,802274
1946,23,Madhya Pradesh,250769,2,Rehli,Rehli,5,802162
1947,23,Madhya Pradesh,250953,2,Rehti,रेहटी,7,802321
1948,23,Madhya Pradesh,250797,3,Rewa,Rewa,4,802189
1949,23,Madhya Pradesh,298923,6,Roun,रौन,7,0
1950,23,Madhya Pradesh,250895,1,Runji -Gautampura,Runji -Gautampura,7,802268
1951,23,Madhya Pradesh,250682,2,Sabalgarh,Sabalgarh,5,802088
1952,23,Madhya Pradesh,250764,3,Sagar,Sagar,4,802159
1953,23,Madhya Pradesh,250841,2,Sailana,Sailana,7,802220
1954,23,Madhya Pradesh,263217,1,Sainkheda,साईंखेड़ा,7,0
1955,23,Madhya Pradesh,293820,4,Salichauka,सालीचौका,7,0
1956,23,Madhya Pradesh,262993,2,Samsabad,शमशाबाद,7,802309
1957,23,Madhya Pradesh,250908,2,Sanawad,सनावद,5,802279
1958,23,Madhya Pradesh,250954,3,Sanchi,Sanchi,7,802322
1959,23,Madhya Pradesh,300386,8,Sarai,सरई ,7,0
1960,23,Madhya Pradesh,250936,3,Sarangpur,Sarangpur,5,802300
1961,23,Madhya Pradesh,250886,1,Sardarpur,Sardarpur,7,802259
1962,23,Madhya Pradesh,248069,2,Sarni,Sarni,5,802338
1963,23,Madhya Pradesh,263155,1,Sarwaniya Maharaj,Sarwaniya Maharaj,7,0
1964,23,Madhya Pradesh,250746,2,Satai,Satai,7,802144
1965,23,Madhya Pradesh,250781,7,Satna,Satna,4,802170
1966,23,Madhya Pradesh,250871,2,Satwas,Satwas,7,802252
1967,23,Madhya Pradesh,251027,5,Sausar,Sausar,5,802387
1968,23,Madhya Pradesh,250898,2,Sawer,Sawer,7,802272
1969,23,Madhya Pradesh,250947,3,Sehore,सीहोर,5,802314
1970,23,Madhya Pradesh,250791,2,Semaria,Semaria,7,802185
1971,23,Madhya Pradesh,250919,1,Sendhwa,सेंधवा,5,802291
1972,23,Madhya Pradesh,250701,3,Seondha,Seondha,7,802107
1973,23,Madhya Pradesh,251033,2,Seoni,Seoni,5,802393
1974,23,Madhya Pradesh,250969,3,Seoni-Malwa,Seoni-Malwa,5,802344
1975,23,Madhya Pradesh,262977,2,Shadora,Shadora,7,0
1976,23,Madhya Pradesh,250807,4,Shahdol,Shahdol,5,802413
1977,23,Madhya Pradesh,262903,1,Shahganj,Shahganj,7,0
1978,23,Madhya Pradesh,250759,2,Shahgarh,Shahgarh,7,802156
1979,23,Madhya Pradesh,298920,2,Shahpur,Shahpur,7,0
1980,23,Madhya Pradesh,251003,4,Shahpura,Shahpura,7,802370
1981,23,Madhya Pradesh,250986,4,Shahpura Dindori,Shahpura Dindori,7,802440
1982,23,Madhya Pradesh,250926,3,Shahpur Burhanpur,Shahpur Burhanpur,7,802359
1983,23,Madhya Pradesh,250965,3,Shahpur Sagar,Shahpur Sagar,7,802158
1984,23,Madhya Pradesh,250860,3,Shajapur,Shajapur,5,802239
1985,23,Madhya Pradesh,250832,1,Shamgarh,Shamgarh,7,802210
1986,23,Madhya Pradesh,250673,1,Sheopur,Sheopur,5,802079
1987,23,Madhya Pradesh,250705,5,Shivpuri,Shivpuri,5,802112
1988,23,Madhya Pradesh,250862,2,Shujalpur,Shujalpur,5,802241
1989,23,Madhya Pradesh,248065,3,Sidhi,Sidhi,5,802424
1990,23,Madhya Pradesh,250983,2,Sihora,Sihora,5,802355
1991,23,Madhya Pradesh,253125,3,Silwani,Silwani,7,802331
1992,23,Madhya Pradesh,250819,1,Singoli,Singoli,7,802198
1993,23,Madhya Pradesh,248066,5,Singrauli,Singrauli,4,802426
1994,23,Madhya Pradesh,298918,4,Sirali,Sirali,7,0
1995,23,Madhya Pradesh,250790,2,Sirmaur,Sirmaur,7,802182
1996,23,Madhya Pradesh,250941,2,Sironj,Sironj,5,802306
1997,23,Madhya Pradesh,250835,2,Sitamau,Sitamau,7,802213
1998,23,Madhya Pradesh,250976,2,Sohagpur,Sohagpur,7,802348
1999,23,Madhya Pradesh,250866,1,Sonkatch,Sonkatch,7,802246
2000,23,Madhya Pradesh,250853,4,Soyatkalan,Soyatkalan,7,802232
2001,23,Madhya Pradesh,250958,2,Sultanpur,Sultanpur,7,802326
2002,23,Madhya Pradesh,298934,3,Surkhi,Surkhi,7,0
2003,23,Madhya Pradesh,250854,2,Susner,Susner,7,802233
2004,23,Madhya Pradesh,250933,2,Suthaliya,Suthaliya,7,802298
2005,23,Madhya Pradesh,290381,1,Suwasra,Suwasra,7,802214
2006,23,Madhya Pradesh,250840,2,Tal,Tal,7,802219
2007,23,Madhya Pradesh,250939,2,Talen,Talen,7,802304
2008,23,Madhya Pradesh,250850,3,Tarana,Tarana,7,802228
2009,23,Madhya Pradesh,293818,1,Taricharkala,तारिचरकला,7,802119
2010,23,Madhya Pradesh,290462,2,Tendukheda- Damoh,Tendukheda- Damoh,7,802168
2011,23,Madhya Pradesh,290429,3,Tendukheda- Narsimhapur,Tendukheda- Narsimhapur,7,802369
2012,23,Madhya Pradesh,250789,2,Teonthar,Teonthar,7,802181
2013,23,Madhya Pradesh,250876,2,Thandla,Thandla,7,802427
2014,23,Madhya Pradesh,297119,2,Thikri,ठीकरी,7,0
2015,23,Madhya Pradesh,290285,2,Tikamgarh,Tikamgarh,5,802130
2016,23,Madhya Pradesh,250968,1,Timarni,Timarni,7,802343
2017,23,Madhya Pradesh,290271,1,Tonk Khurd,टोंक खुर्द,7,802244
2018,23,Madhya Pradesh,250963,1,Udaipura,Udaipura,7,802332
2019,23,Madhya Pradesh,250851,7,Ujjain,Ujjain,4,802230
2020,23,Madhya Pradesh,250801,4,Umaria,Umaria,5,802192
2021,23,Madhya Pradesh,250783,2,Unchahara,Unchahara,7,802175
2022,23,Madhya Pradesh,250847,3,Unhel,Unhel,7,802226
2023,23,Madhya Pradesh,250944,5,Vidisha,Vidisha,5,802310
2024,23,Madhya Pradesh,250672,2,Vijaypur,Vijaypur,7,802078
2025,23,Madhya Pradesh,250981,2,Vijayraghavgarh,Vijayraghavgarh,7,802354
2026,23,Madhya Pradesh,251037,3,Waraseoni,Waraseoni,5,802396
2027,27,Maharashtra,251323,3,Achalpur,अचलपूर,5,802685
2028,27,Maharashtra,276327,3,Aheri,अहेरी,7,539998
2029,27,Maharashtra,251548,3,Ahmadnagar,अहमदनगर,4,802828
2030,27,Maharashtra,251562,2,Ahmadpur,अहमदपूर,5,802841
2031,27,Maharashtra,251630,2,Ajara,आजरा,7,567972
2032,27,Maharashtra,251581,1,Akkalkot,अक्कलकोट,5,802860
2033,27,Maharashtra,300383,2,Akluj,अकलूज,5,0
2034,27,Maharashtra,251312,2,Akola,अकोला,4,802676
2035,27,Maharashtra,275728,1,Akole,अकोले,7,554278
2036,27,Maharashtra,251310,3,Akot,अकोट,5,802674
2037,27,Maharashtra,251521,1,Alandi,आळंदी,5,802808
2038,27,Maharashtra,251503,2,Alibag,अलिबाग,5,802801
2039,27,Maharashtra,251294,2,Amalner,अंमळनेर,5,802656
2040,27,Maharashtra,251424,2,Ambad,अंबड,5,802761
2041,27,Maharashtra,251560,2,Ambajogai,अंबाजोगाई,5,802839
2042,27,Maharashtra,251485,4,Ambarnath,अंबरनाथ,5,802793
2043,27,Maharashtra,276364,3,Amgaon,आमगांव,5,537972
2044,27,Maharashtra,251328,4,Amravati,अमरावती,4,802690
2045,27,Maharashtra,300382,1,Angar,अनगर,7,0
2046,27,Maharashtra,251322,1,Anjangaon,अंजनगाव सुर्जी,5,802684
2047,27,Maharashtra,258020,3,Ardhapur,अर्धापूर्,7,544645
2048,27,Maharashtra,276366,2,Arjuni,अर्जुनी,7,537520
2049,27,Maharashtra,259703,2,Arni,आर्णी,5,543235
2050,27,Maharashtra,251332,2,Arvi,आर्वी,5,802694
2051,27,Maharashtra,251634,2,Ashta,आष्टा,5,802892
2052,27,Maharashtra,275734,2,Ashti,आष्टी,7,535627
2053,27,Maharashtra,276380,3,Ashti (Wardha),आष्टी,7,533465
2054,27,Maharashtra,300410,1,Atpadi,आटपाडी,7,0
2055,27,Maharashtra,296909,1,Aundha Nagnath,औंढा नागनाथ,7,546018
2056,27,Maharashtra,251428,5,Aurangabad,औरंगाबाद,4,802765
2057,27,Maharashtra,251563,1,Ausa,औसा,5,802842
2058,27,Maharashtra,272842,2,Babhulgaon Nagar Panchayat,बाभूळगाव नगर पंचायत,7,542160
2059,27,Maharashtra,251486,3,Badlapur,बदलापूर,5,802792
2060,27,Maharashtra,276369,2,Badnapur,बदनापूर,7,547736
2061,27,Maharashtra,301085,1,Bahadura Nagar Panchayat,Bahadura Nagar Panchayat,7,0
2062,27,Maharashtra,251311,2,Balapur,बाळापूर,5,802675
2063,27,Maharashtra,251381,2,Ballarpur,बल्लारपूर,5,802724
2064,27,Maharashtra,251536,3,Baramati,बारामती,5,802820
2065,27,Maharashtra,251576,1,Barshi,बार्शी,5,802855
2066,27,Maharashtra,276332,6,Barshitakli,बार्शीटाकळी,7,530476
2067,27,Maharashtra,251413,1,Basmath,वसमत,5,802750
2068,27,Maharashtra,301078,1,Besa Pipla Nagar Panchayat,Besa Pipla Nagar Panchayat,7,0
2069,27,Maharashtra,253140,2,Bhadgaon,भडगाव,5,802658
2070,27,Maharashtra,251375,3,Bhadravati,भद्रावती,5,802721
2071,27,Maharashtra,251444,1,Bhagur,भगूर,5,802778
2072,27,Maharashtra,276283,2,Bhamragad,भामरागड,7,539754
2073,27,Maharashtra,248078,2,Bhandara,भंडारा,5,802713
2074,27,Maharashtra,276290,4,Bhatkuli,भातकूली,7,532701
2075,27,Maharashtra,300392,1,Bhisi,भिसी,7,0
2076,27,Maharashtra,251477,7,Bhiwandi,भिवंडी,4,802789
2077,27,Maharashtra,263363,4,Bhiwapur,भिवापूर,7,536621
2078,27,Maharashtra,259697,1,Bhokar,भोकर,5,802739
2079,27,Maharashtra,251422,2,Bhokardan,भोकरदन,5,802759
2080,27,Maharashtra,251535,2,Bhor,भोर,5,802819
2081,27,Maharashtra,251567,1,Bhum,भूम,5,802846
2082,27,Maharashtra,251290,2,Bhusawal,भुसावळ,5,802652
2083,27,Maharashtra,251557,4,Bid,बीड,5,802835
2084,27,Maharashtra,303126,1,Bidgaon Tarodi Khurd Pandhurna,,7,0
2085,27,Maharashtra,251406,2,Biloli,बिलोली,5,802743
2086,27,Maharashtra,276272,2,Bodwad,बोदवड,7,527082
2087,27,Maharashtra,251373,2,Brahmapuri,ब्रह्मपूरी,5,802720
2088,27,Maharashtra,251305,1,Buldana,बुलढाणा,5,802669
2089,27,Maharashtra,277411,2,Butibori,बुटीबोरी,7,535969
2090,27,Maharashtra,251520,2,Chakan,चाकण,5,555862
2091,27,Maharashtra,276375,2,Chakur,चाकूर,7,560510
2092,27,Maharashtra,251296,2,Chalisgaon,चाळीसगाव,5,802659
2093,27,Maharashtra,276329,3,Chamorshi,चामोर्शी,7,539228
2094,27,Maharashtra,290433,2,Chandgad.,चंदगड,7,568092
2095,27,Maharashtra,248082,4,Chandrapur,चंद्रपूर,4,802722
2096,27,Maharashtra,251330,1,Chandur,चांदुर रेल्वे,5,802692
2097,27,Maharashtra,251324,2,Chandurbazar,चांदूर बाजार,5,802686
2098,27,Maharashtra,276281,3,Chandwad,चांदवड,5,561228
2099,27,Maharashtra,276634,2,Chikhaldara,चिखलदरा,5,802683
2100,27,Maharashtra,251304,3,Chikhli,चिखली,5,802668
2101,27,Maharashtra,265713,2,Chimur,चिमुर,5,540550
2102,27,Maharashtra,251602,2,Chiplun,चिपळूण,5,802874
2103,27,Maharashtra,251283,2,Chopda,चोपडा,5,802647
2104,27,Maharashtra,251451,6,Dahanu,डहाणू,5,802782
2105,27,Maharashtra,276417,2,Dahiwadi,दहिवडी,7,551168
2106,27,Maharashtra,251599,2,Dapoli Camp,दापोली,7,802872
2107,27,Maharashtra,251389,2,Darwha,दारव्हा,5,802728
2108,27,Maharashtra,251329,1,Daryapur Banosa,दर्यापूर,5,802691
2109,27,Maharashtra,251331,1,Dattapur Dhamangaon,धामणगाव रेल्वे,5,802693
2110,27,Maharashtra,251531,1,Daund,दौंड,5,802816
2111,27,Maharashtra,251410,2,Deglur,देगलूर,5,802747
2112,27,Maharashtra,298888,1,Dehu,देहू,7,0
2113,27,Maharashtra,276277,3,Deola,देवळा,7,549681
2114,27,Maharashtra,251552,2,Deolali Pravara,देवळाली प्रवरा,5,802831
2115,27,Maharashtra,251337,2,Deoli,देवळी,5,802698
2116,27,Maharashtra,276377,4,Deoni (Bk),देवणी,7,560922
2117,27,Maharashtra,276363,2,Deori,देवरी,7,538467
2118,27,Maharashtra,251306,1,Deulgaon Raja,देऊळगाव राजा,5,802670
2119,27,Maharashtra,276321,4,Devgad-Jamsande,देवगड-जामसांडे,7,566311
2120,27,Maharashtra,259684,2,Devrukh,देवरुख,7,259684
2121,27,Maharashtra,276345,2,Dhadgaon,धडगांव,7,525237
2122,27,Maharashtra,290430,4,Dhanki,ढाणकी,7,543000
2123,27,Maharashtra,276284,2,Dhanora,धनोरा,7,548658
2124,27,Maharashtra,251293,1,Dharangaon,धरणगाव,5,802655
2125,27,Maharashtra,251404,2,Dharmabad,धर्माबाद,5,802741
2126,27,Maharashtra,276292,2,Dharni,धारणी,7,531532
2127,27,Maharashtra,251282,19,Dhule,धुळे,4,802646
2128,27,Maharashtra,303127,1,Digdoh Devi Municipal Council,,5,0
2129,27,Maharashtra,251390,2,Digras,दिग्रस,5,802729
2130,27,Maharashtra,276276,3,Dindori,दिंडोरी,7,550649
2131,27,Maharashtra,251281,1,Dondaicha-Warwade,दोंडाईचा,5,802645
2132,27,Maharashtra,251583,1,Dudhani,दूधनी,5,802862
2133,27,Maharashtra,251292,2,Erandol,एरंडोल,5,802654
2134,27,Maharashtra,276330,2,Etapalli,एटापल्ली,7,539650
2135,27,Maharashtra,251285,1,Faizpur,फैजपूर,5,802649
2136,27,Maharashtra,276353,10,Fulambri,फुलंब्री,7,548730
2137,27,Maharashtra,303134,2,Fursungi Uruli Devachi,फुरसुंगी -उरुळी देवाची ,5,0
2138,27,Maharashtra,265791,2,Gadchandur Nagar Parishad,गडचांदूर,5,541663
2139,27,Maharashtra,251631,2,Gadhinglaj,गडहिंग्लज,5,802890
2140,27,Maharashtra,251420,1,Gangakhed,गंगाखेड,5,802757
2141,27,Maharashtra,251432,3,Gangapur,गंगापूर,5,802769
2142,27,Maharashtra,251555,1,Georai,गेवराई,5,802833
2143,27,Maharashtra,276370,2,Ghansawangi,घनसावंगी,7,547961
2144,27,Maharashtra,251394,3,Ghatanji,घाटंजी,5,802732
2145,27,Maharashtra,298902,1,Ghugus,Ghugus,5,0
2146,27,Maharashtra,303128,1,Godhani Railway,,7,0
2147,27,Maharashtra,251371,2,Gondiya,गोंदिया,5,802716
2148,27,Maharashtra,276358,2,Gondpimpri,गोंडपिंपरी,7,8474
2149,27,Maharashtra,251510,1,Goregaon,गोरेगाव,7,537675
2150,27,Maharashtra,251488,5,Greater Mumbai,मोठे मुंबई,4,802794
2151,27,Maharashtra,251604,1,Guhagar,गुहागर,7,251604
2152,27,Maharashtra,251399,1,Hadgaon,हदगाव,5,802736
2153,27,Maharashtra,290434,2,Hatkanangale.,हातकणंगले,7,0
2154,27,Maharashtra,276606,2,Himayatnagar Nagarpanchayat,हिमायतनगर नगर पंचायत,7,544400
2155,27,Maharashtra,251338,2,Hinganghat,हिंगनघाट,5,802699
2156,27,Maharashtra,263362,4,Hingna,हिंगणा,7,535269
2157,27,Maharashtra,251411,1,Hingoli,हिंगोली,5,802748
2158,27,Maharashtra,303119,2,Hiwarkhed,,5,0
2159,27,Maharashtra,276296,1,Hupari,हुपरी,5,567321
2160,27,Maharashtra,251619,4,Ichalkaranji,इचलकरंजी,4,802884
2161,27,Maharashtra,251445,2,Igatpuri,इगतपूरी,5,802779
2162,27,Maharashtra,251537,2,Indapur,इंदापूर,5,802821
2163,27,Maharashtra,276372,2,Jafrabad,जाफ़्राबाद,7,547443
2164,27,Maharashtra,276571,3,Jalgaon,जळगाव,4,802653
2165,27,Maharashtra,251298,2,Jalgaon - Jamod,जळगाव जामोद,5,802662
2166,27,Maharashtra,276373,2,Jalkot,जळकोट,7,560431
2167,27,Maharashtra,251423,3,Jalna,जालना,4,802760
2168,27,Maharashtra,251554,3,Jamkhed,जामखेड,5,558718
2169,27,Maharashtra,253139,2,Jamner,जामनेर,5,802661
2170,27,Maharashtra,259699,1,Jath,जत,5,568926
2171,27,Maharashtra,251453,2,Jawhar,जव्हार,5,802783
2172,27,Maharashtra,251621,2,Jaysingpur,जयसिंगपूर,5,802885
2173,27,Maharashtra,251533,2,Jejuri,जेजुरी,5,802818
2174,27,Maharashtra,251415,2,Jintur,जिंतुर,5,802752
2175,27,Maharashtra,276355,2,Jiwati,जिवती,7,16602
2176,27,Maharashtra,251516,2,Junnar,जुन्नर,5,802806
2177,27,Maharashtra,290358,2,Kadegaon.,कडेगाव,7,568486
2178,27,Maharashtra,251628,2,Kagal,कागल,5,802888
2179,27,Maharashtra,259696,4,Kaij,केज,7,802836
2180,27,Maharashtra,251568,3,Kalamb,कळंब,5,802847
2181,27,Maharashtra,266073,4,Kalamb Nagar Panchayat,कळंब नगर पंचायत,7,542234
2182,27,Maharashtra,251342,3,Kalameshwar,कळमेश्वर-ब्राम्हणी,5,802703
2183,27,Maharashtra,251412,1,Kalamnuri,कळमनुरी,5,802749
2184,27,Maharashtra,276278,2,Kalwan,कळवण,7,549915
2185,27,Maharashtra,251483,6,Kalyan-Dombivli,कल्याण-डोंबिवली,4,802790
2186,27,Maharashtra,251356,1,Kamptee,कामठी,5,802708
2187,27,Maharashtra,251408,2,Kandhar,कंधार,5,802745
2188,27,Maharashtra,301086,1,Kandri Kanhan Nagar Panchayat,Kandri Kanhan Nagar Panchayat,7,0
2189,27,Maharashtra,251350,3,Kanhan - Pipri,कन्हान पिंपरी,5,535452
2190,27,Maharashtra,251609,2,Kankavli,कणकवली,7,802877
2191,27,Maharashtra,251426,2,Kannad,कन्नड,5,802763
2192,27,Maharashtra,251598,2,Karad,कराड,5,802870
2193,27,Maharashtra,251318,3,Karanja,कारंजा,5,802680
2194,27,Maharashtra,276633,6,Karanja Wardha,कारंजा,7,802680
2195,27,Maharashtra,251498,2,Karjat,कर्जत,5,802798
2196,27,Maharashtra,275729,2,Karjat,कर्जत,7,558631
2197,27,Maharashtra,251574,1,Karmala,करमाळा,5,802853
2198,27,Maharashtra,263884,3,Kasai Dodamarg,कसाई दोडामार्ग  नगर पंचायत,7,566944
2199,27,Maharashtra,251341,2,Katol,काटोल,5,802702
2200,27,Maharashtra,276346,2,Kavthemahankal,कवठेमहांकाळ,7,568794
2201,27,Maharashtra,276267,2,Khalapur,खालापूर,7,553748
2202,27,Maharashtra,251302,1,Khamgaon,खामगाव,5,802666
2203,27,Maharashtra,276348,2,Khanapur,खानापूर,7,568552
2204,27,Maharashtra,276383,2,Khandala,खंडाळा,7,535644
2205,27,Maharashtra,251345,3,Khapa,खापा,5,802706
2206,27,Maharashtra,251601,2,Khed,खेड,5,802873
2207,27,Maharashtra,251501,4,Khopoli,खोपोली,5,802799
2208,27,Maharashtra,251430,2,Khuldabad,खुल्दाबाद,5,802767
2209,27,Maharashtra,251558,2,Kille Dharur, किल्ले धारूर,5,802837
2210,27,Maharashtra,251398,2,Kinwat,किनवट,5,802735
2211,27,Maharashtra,251625,2,Kolhapur,कोल्हापूर,4,802887
2212,27,Maharashtra,303129,1,Kondhali,,7,0
2213,27,Maharashtra,251540,1,Kopargaon,कोपरगाव,5,802823
2214,27,Maharashtra,305207,1,Korchi,कोरची ,7,0
2215,27,Maharashtra,276381,2,Koregaon,कोरेगांव,7,563744
2216,27,Maharashtra,276357,2,Korpana,कोरपणा,7,541560
2217,27,Maharashtra,251612,1,Kudal,कुडाळ,7,566839
2218,27,Maharashtra,263364,3,Kuhi Nagar Parishad,कुही ,7,0
2219,27,Maharashtra,251405,2,Kundalwadi,कुंडलवाडी,5,802742
2220,27,Maharashtra,251575,3,Kurduvadi,कुर्डुवाडी,5,802854
2221,27,Maharashtra,276286,4,Kurkheda,कूरखेडा,7,538734
2222,27,Maharashtra,251622,2,Kurundvad,कुरूंदवाड,5,802886
2223,27,Maharashtra,276324,2,Lakhandur,लाखांदूर,7,537497
2224,27,Maharashtra,276323,2,Lakhani,लाखणी,7,537190
2225,27,Maharashtra,251607,2,Lanja,लांजा,7,251607
2226,27,Maharashtra,251561,3,Latur,लातूर,4,802840
2227,27,Maharashtra,251407,2,Loha,लोहा,5,802744
2228,27,Maharashtra,276313,2,Lohara (Bk),लोहरा (बु),7,561640
2229,27,Maharashtra,276414,3,Lonand,लोणंद,7,563232
2230,27,Maharashtra,251308,2,Lonar,लोणार,5,802672
2231,27,Maharashtra,251526,3,Lonavala,लोणावळा,5,802810
2232,27,Maharashtra,276302,2,Madha,माढा,7,4245
2233,27,Maharashtra,251584,2,Mahabaleshwar,महाबळेश्वर,5,802863
2234,27,Maharashtra,251513,1,Mahad,महाड,5,802805
2235,27,Maharashtra,251358,2,Mahadula,महादुला,7,535809
2236,27,Maharashtra,276309,2,Mahagaon,महागांव,7,543170
2237,27,Maharashtra,298893,1,Mahalung Shripur,Mahalung Shripur,5,0
2238,27,Maharashtra,258024,3,Mahur,माहूर,7,556515
2239,27,Maharashtra,251582,1,Maindargi,मैन्दरगी,5,802861
2240,27,Maharashtra,251556,2,Majalgaon,माजलगांव,5,802834
2241,27,Maharashtra,251438,9,Malegaon,मालेगांव,4,802772
2242,27,Maharashtra,276293,2,Malegaon,मालेगाव,7,530646
2243,27,Maharashtra,300394,1,Malegaon Budruk,माळेगाव (बु.),7,0
2244,27,Maharashtra,251301,2,Malkapur,मलकापूर,5,802665
2245,27,Maharashtra,251314,2,Malkapur,मलकापूर,7,802871
2246,27,Maharashtra,251614,3,Malkapur-Kolhapur,मलकापूर-कोल्हापुर,5,802881
2247,27,Maharashtra,276303,2,Malshiras,माळशिरस,7,562439
2248,27,Maharashtra,251610,2,Malwan,मालवण,5,802878
2249,27,Maharashtra,300391,1,Manchar,मंचर,7,0
2250,27,Maharashtra,276295,2,Mandangad,मंडणगड,7,276295
2251,27,Maharashtra,251580,1,Mangalvedhe,मंगळवेढा,5,7221
2252,27,Maharashtra,276268,3,Mangaon,माणगांव,7,554652
2253,27,Maharashtra,251317,2,Mangrulpir,मंगरूळपीर,5,802679
2254,27,Maharashtra,251440,1,Manmad,मनमाड,5,802774
2255,27,Maharashtra,276294,2,Manora,मनोरा,7,4
2256,27,Maharashtra,276371,2,Mantha,मंठा,7,548208
2257,27,Maharashtra,251417,1,Manwath,मानवत,5,802754
2258,27,Maharashtra,276310,3,Maregaon,मारेगांव,7,543786
2259,27,Maharashtra,251497,1,Matheran,माथेरान,5,802797
2260,27,Maharashtra,276415,2,Medha,मेधा,7,564121
2261,27,Maharashtra,251303,2,Mehkar,मेहेकर,5,802667
2262,27,Maharashtra,251512,1,Mhasla,म्हसळा,7,554960
2263,27,Maharashtra,251589,2,Mhaswad,म्हसवड,5,802867
2264,27,Maharashtra,251470,5,Mira-Bhayandar,मिरा-भाईंदर,4,802786
2265,27,Maharashtra,276325,2,Mohadi,मोहाडी,7,536901
2266,27,Maharashtra,276301,3,Mohol,मोहोळ,5,4248
2267,27,Maharashtra,251343,3,Mohpa,मोहपा,5,802704
2268,27,Maharashtra,276317,2,Mokhada,मोखाडा,7,551969
2269,27,Maharashtra,251325,2,Morshi,मोर्शी,5,802687
2270,27,Maharashtra,276275,3,Motala,मेाताला,7,528754
2271,27,Maharashtra,259672,3,Mouda,मौदा,7,535734
2272,27,Maharashtra,251339,2,Mowad,मोवाड,5,802700
2273,27,Maharashtra,251402,2,Mudkhed,मुदखेड,5,802738
2274,27,Maharashtra,251409,1,Mukhed,मुखेड,5,802746
2275,27,Maharashtra,276421,2,Muktainagar,मुक्ताईनगर,7,527028
2276,27,Maharashtra,251382,2,Mul,मूल,5,802723
2277,27,Maharashtra,276287,3,Mulchera,मूलचेरा,7,539451
2278,27,Maharashtra,297866,2,Municipal Council Armori,नगर परिषद आरमोरी ,5,0
2279,27,Maharashtra,248081,2,Municipal Council Desaiganj ( Wadsa),देसाईगंज,5,802717
2280,27,Maharashtra,248080,2,Municipal Council Gadchiroli,गडचिरोली,5,802718
2281,27,Maharashtra,251487,2,Murbad,मुरबाड,7,553290
2282,27,Maharashtra,251629,2,Murgud,मुर्गुद,5,802889
2283,27,Maharashtra,251315,2,Murtijapur,मुर्तीजापुर,5,802677
2284,27,Maharashtra,251504,1,Murud,मुरुड,5,802802
2285,27,Maharashtra,251572,2,Murum,मुरुम,5,802851
2286,27,Maharashtra,276361,7,Nagbhid Muncipal Council,नागभीड नगरपरिषद,5,540611
2287,27,Maharashtra,251362,5,Nagpur,नागपूर,4,802710
2288,27,Maharashtra,276623,2,Naigaon (Khairgaon),नाइगांव,7,543478
2289,27,Maharashtra,251571,1,Naldurg,नळदुर्ग,5,802850
2290,27,Maharashtra,251401,2,Nanded-Waghala,नांदेड-वाघाळा,4,802737
2291,27,Maharashtra,251439,2,Nandgaon,नांदगाव,5,802773
2292,27,Maharashtra,276291,2,Nandgaon Khandeshwar,नांदगाव खंंडेश्वर,7,4012
2293,27,Maharashtra,251300,1,Nandura,नंदूरा,5,802664
2294,27,Maharashtra,251278,5,Nandurbar,नंदुरबार,5,802642
2295,27,Maharashtra,251340,1,Narkhed,नरखेड,5,802701
2296,27,Maharashtra,251442,2,Nashik,नाशिक,4,802776
2297,27,Maharashtra,300384,1,Natepute,नातेपुते,7,0
2298,27,Maharashtra,251472,3,Navi Mumbai,नवी मुंबई,4,802788
2299,27,Maharashtra,251279,2,Nawapur,नवापुर,5,802643
2300,27,Maharashtra,259704,3,Ner Nababpur,नेर नबाबपूर,5,802726
2301,27,Maharashtra,276320,2,Nevasa,नेवासा खु.,7,557710
2302,27,Maharashtra,251564,2,Nilanga,निलंगा,5,802843
2303,27,Maharashtra,303130,1,NIldoh,,7,0
2304,27,Maharashtra,276279,6,Niphad,निफाड,7,551368
2305,27,Maharashtra,251569,2,Osmanabad,उस्मानाबाद,5,802848
2306,27,Maharashtra,251297,2,Pachora,पाचोरा,5,802660
2307,27,Maharashtra,251433,2,Paithan,पैठण,5,802770
2308,27,Maharashtra,276297,2,Palam,पालम,7,174
2309,27,Maharashtra,251460,4,Palghar,पालघर,5,802784
2310,27,Maharashtra,300027,1,Pali,पाली,7,0
2311,27,Maharashtra,276350,6,Palus,पलूस,5,568415
2312,27,Maharashtra,251585,1,Panchgani,पंचगनी,5,802864
2313,27,Maharashtra,251395,3,Pandharkawda,पांढरकवडा,5,802733
2314,27,Maharashtra,297006,2,Pandharpur,पंढरपूर,5,7219
2315,27,Maharashtra,251615,1,Panhala,पन्हाला,5,802882
2316,27,Maharashtra,251492,26,Panvel,पनवेल,4,802796
2317,27,Maharashtra,251566,1,Paranda,पारंडा,5,802845
2318,27,Maharashtra,251416,3,Parbhani,परभणी,4,802753
2319,27,Maharashtra,251559,1,Parli,परळी,5,802838
2320,27,Maharashtra,275730,1,Parner,पारनेर,7,558320
2321,27,Maharashtra,251295,1,Parola,पारोला,5,802657
2322,27,Maharashtra,276305,6,Parshivni,पारशिवनी,7,535404
2323,27,Maharashtra,251425,2,Partur,परतूर,5,802762
2324,27,Maharashtra,251596,1,Patan,पाटण,7,564465
2325,27,Maharashtra,251546,2,Pathardi,पाथर्डी,5,802827
2326,27,Maharashtra,251418,2,Pathri,पाथरी,5,802755
2327,27,Maharashtra,275732,3,Patoda.,पाटोदा,7,548078
2328,27,Maharashtra,251316,1,Patur,पातुर,5,802678
2329,27,Maharashtra,248077,2,Pauni,पौनी,5,802714
2330,27,Maharashtra,251502,1,Pen,पेन,5,802800
2331,27,Maharashtra,276280,2,Peth,पेठ,7,560178
2332,27,Maharashtra,251403,2,Peth Umri,पेठ उमरी,5,802740
2333,27,Maharashtra,251588,2,Phaltan,फलटण,5,802866
2334,27,Maharashtra,303075,1,Pimpalgaon Baswant,,5,0
2335,27,Maharashtra,303133,1,Pimpalner Nagar Pnchayat,,7,0
2336,27,Maharashtra,251528,2,Pimpri Chinchwad,पिंपरी चिंचवड,4,802811
2337,27,Maharashtra,276636,2,Poladpur,पोलादपूर,7,555230
2338,27,Maharashtra,276359,2,Pombhurna,पोंभूर्णा,7,541483
2339,27,Maharashtra,251336,1,Pulgaon,पुलगाव,5,802697
2340,27,Maharashtra,251530,15,Pune,पुणे,4,802814
2341,27,Maharashtra,251421,2,Purna,पूर्ण,5,802758
2342,27,Maharashtra,251391,2,Pusad,पुसद,5,802730
2343,27,Maharashtra,251590,2,Rahimatpur,राहिमतपूर,5,802868
2344,27,Maharashtra,251543,2,Rahta Pimplas,राहाता पिंपलस,5,802825
2345,27,Maharashtra,251551,1,Rahuri,राहुरी,5,802830
2346,27,Maharashtra,251608,2,Rajapur,राजापूर,5,802876
2347,27,Maharashtra,296912,1,Rajgurunagar,राजगुरुनगर,5,555861
2348,27,Maharashtra,251384,2,Rajura,राजूरा,5,802725
2349,27,Maharashtra,276308,4,Ralegaon,राळेगांव,7,543581
2350,27,Maharashtra,251353,2,Ramtek,रामटेक,5,802707
2351,27,Maharashtra,251605,2,Ratnagiri,रत्नागिरी,5,802875
2352,27,Maharashtra,251287,2,Raver,रावेर,5,802651
2353,27,Maharashtra,276376,4,Renapur,रेनापूर,7,560262
2354,27,Maharashtra,251320,2,Risod,रीसोड,5,802682
2355,27,Maharashtra,251506,1,Roha Ashtami,रोहा अष्टमी,5,802803
2356,27,Maharashtra,276368,2,Sadak-Arjuni,सडकअर्जुनी,7,538130
2357,27,Maharashtra,251414,2,Sailu,सेलू,5,802751
2358,27,Maharashtra,276319,3,Sakoli,साकोली,5,537168
2359,27,Maharashtra,276339,2,Sakri,साक्री,7,526464
2360,27,Maharashtra,276365,3,Salekasa,सालेकसा,7,175633
2361,27,Maharashtra,276379,2,Samudrapur,समुद्रपुर,7,534619
2362,27,Maharashtra,251539,3,Sangamner,संगमनेर,5,802822
2363,27,Maharashtra,251639,2,Sangli-Miraj Kupwad,सांगली-मिरज कुपवाड,4,802895
2364,27,Maharashtra,251579,2,Sangole,सांगोला,5,7220
2365,27,Maharashtra,276274,2,Sangrampur,संग्रामपूर,7,528353
2366,27,Maharashtra,276356,2,Saoli,सावली,7,540861
2367,27,Maharashtra,251532,2,Sasvad,सासवड,5,802817
2368,27,Maharashtra,251435,3,Satana,सटाणा,5,802771
2369,27,Maharashtra,251593,9,Satara,सातारा,5,802869
2370,27,Maharashtra,251286,1,Savda,सावधा,5,802650
2371,27,Maharashtra,251344,2,Savner,सावनेर,5,802705
2372,27,Maharashtra,251613,2,Sawantwadi,सावंतवाडी,5,802880
2373,27,Maharashtra,276378,2,Seloo,सेळू,7,802751
2374,27,Maharashtra,296910,1,Sengaon,सेनगावं,7,545809
2375,27,Maharashtra,251277,3,Shahade,शाहाडे,5,802641
2376,27,Maharashtra,276333,2,Shahapur,शहापूर,7,533384
2377,27,Maharashtra,251299,4,Shegaon,शेगाव,5,802663
2378,27,Maharashtra,251327,1,Shendurjana,शेंदुरजना,5,802689
2379,27,Maharashtra,277413,1,Shendurni,शेंदुर्णी,7,550214
2380,27,Maharashtra,276331,3,Shevgaon,शेवगांव,5,557863
2381,27,Maharashtra,276349,2,Shirala,शिराळा,7,568295
2382,27,Maharashtra,251542,3,Shirdi,शिर्डी,7,802824
2383,27,Maharashtra,276635,2,Shirol,शिरोल,5,4286
2384,27,Maharashtra,251280,2,Shirpur-Warwade,शिरपूर-वारावडे,5,802644
2385,27,Maharashtra,251518,4,Shirur,शिरूर,5,802807
2386,27,Maharashtra,276374,2,Shirur-Anantpal,शिरुर-अनंतपाल,7,560562
2387,27,Maharashtra,275726,2,Shirur Kasar,शिरुर कासार,7,559021
2388,27,Maharashtra,251553,2,Shrigonda,श्रीगोंदा,5,802832
2389,27,Maharashtra,251544,2,Shrirampur,श्रीरामपूर,5,802826
2390,27,Maharashtra,251511,2,Shrivardhan,श्रीवर्धन,5,802804
2391,27,Maharashtra,297092,2,Sillod Municipal Council,सिल्लोड नगरपरिषद,5,7125
2392,27,Maharashtra,276362,3,Sindewahi,सिंदेवाही,7,541049
2393,27,Maharashtra,259701,3,Sindhakeda,सिंदखेडा,7,526155
2394,27,Maharashtra,251333,2,Sindi,सिंडी,5,802695
2395,27,Maharashtra,251307,2,Sindkhed Raja,सिंदखेड राजा,5,802671
2396,27,Maharashtra,251447,2,Sinnar,सिन्नर,5,802780
2397,27,Maharashtra,276288,2,Sironcha,सिरोंचा,7,540146
2398,27,Maharashtra,251577,2,Solapur,सोलापूर,4,802856
2399,27,Maharashtra,251419,2,Sonpeth,सोनापेथ,5,802756
2400,27,Maharashtra,251436,2,Soyagaon,सोयगाव,7,548490
2401,27,Maharashtra,251434,1,Surgana,सुरगाणा,7,549783
2402,27,Maharashtra,276270,4,Tala,तळा,7,554759
2403,27,Maharashtra,276315,2,Talasari,तलासरी,7,551566
2404,27,Maharashtra,251522,1,Talegaon Dabhade,तळेगाव दाभाडे,5,802809
2405,27,Maharashtra,251275,2,Talode,तालोडे,5,802640
2406,27,Maharashtra,251636,2,Tasgaon,तसगाव,5,802894
2407,27,Maharashtra,251309,3,Telhara,तेल्हारा,5,802673
2408,27,Maharashtra,251471,7,Thane,ठाणे,4,802787
2409,27,Maharashtra,251370,3,Tirora,तिरोरा,5,802715
2410,27,Maharashtra,276289,3,Tiwsa,तिवसा,7,532528
2411,27,Maharashtra,251441,1,Trimbak,त्रंबक,5,802775
2412,27,Maharashtra,251570,1,Tuljapur,तुळजापूर,5,802849
2413,27,Maharashtra,248079,2,Tumsar,तुमसर,5,802712
2414,27,Maharashtra,251565,2,Udgir,उदगीर,5,802844
2415,27,Maharashtra,251484,3,Ulhasnagar,उल्हासनगर,4,802791
2416,27,Maharashtra,251573,1,Umarga,उमरगा,5,802852
2417,27,Maharashtra,251393,3,Umarkhed,उमरखेड,5,802731
2418,27,Maharashtra,251366,1,Umred,उमरेड,5,802711
2419,27,Maharashtra,251491,1,Uran,उरण,5,802795
2420,27,Maharashtra,251633,2,Uran Islampur,उरण इस्लामपूर,5,802891
2421,27,Maharashtra,263834,2,Vabhave Vaibhavwadi Nagar Panchayat,वाभवे -वैभववाडी,7,566375
2422,27,Maharashtra,251616,2,Vadgaon Kasba,वडगाव कसबा,5,802883
2423,27,Maharashtra,276637,2,Vadgaon Mawal,वडगाव मावळ,7,556053
2424,27,Maharashtra,276416,2,Vaduj,वडुज,7,563537
2425,27,Maharashtra,251431,1,Vaijapur,वैजापूर,5,802768
2426,27,Maharashtra,300385,2,Vairag,वैराग,7,0
2427,27,Maharashtra,276273,1,Varangaon,वरणगांव,5,527150
2428,27,Maharashtra,251463,9,Vasai-Virar,वासी-विरार,4,802785
2429,27,Maharashtra,251611,2,Vengurla,वेंगुर्ला,5,802879
2430,27,Maharashtra,276316,2,Vikramgad,विक्रमगड,7,551844
2431,27,Maharashtra,251635,3,Vita,विटा,5,802893
2432,27,Maharashtra,276318,2,Wada,वाडा,7,552182
2433,27,Maharashtra,277475,1,Wadgaon,वडगांव,5,541656
2434,27,Maharashtra,251359,2,Wadi,वाडी,5,535970
2435,27,Maharashtra,275731,1,Wadvani,वडवणी,7,559435
2436,27,Maharashtra,251586,1,Wai,वाई,5,802865
2437,27,Maharashtra,251363,2,Wanadongri,वानाडोंगरी,5,536125
2438,27,Maharashtra,251397,2,Wani,वणी,5,802734
2439,27,Maharashtra,251334,1,Wardha,वर्धा,5,802696
2440,27,Maharashtra,251376,2,Warora,वॉरोरा,5,802719
2441,27,Maharashtra,251326,2,Warud,वरूड,5,802688
2442,27,Maharashtra,276312,2,Washi,वाशी,7,567438
2443,27,Maharashtra,251319,3,Washim,वाशिम,5,802681
2444,27,Maharashtra,251386,9,Yavatmal,यवतमाळ,5,802727
2445,27,Maharashtra,251284,4,Yawal,यावल,5,802648
2446,27,Maharashtra,303131,1,Yerkheda,,7,0
2447,27,Maharashtra,251450,2,Yevla,येवला,5,802781
2448,27,Maharashtra,272845,3,Zari Zamani,झरी झामणी,7,543914
2449,14,Manipur,276527,3,Andro,Andro,5,0
2450,14,Manipur,276501,2,Bishnupur,Bishnupur,5,0
2451,14,Manipur,276546,3,Heirok,Heirok,5,0
2452,14,Manipur,276547,2,Imphal,Imphal,4,0
2453,14,Manipur,276503,2,Jiribam,Jiribam,5,0
2454,14,Manipur,276500,2,Kakching,Kakching,5,0
2455,14,Manipur,276536,2,Kakching Khunou,Kakching Khunou,5,0
2456,14,Manipur,276505,2,Kumbi,Kumbi,5,0
2457,14,Manipur,276525,2,Kwakta,Kwakta,5,0
2458,14,Manipur,276508,2,Lamlai,Lamlai,5,0
2459,14,Manipur,276545,3,Lamsang,Lamsang,5,0
2460,14,Manipur,276548,3,Lilong (Imphal West),Lilong (Imphal West),5,0
2461,14,Manipur,276502,3,Lilong (Thoubal),Lilong (Thoubal),5,0
2462,14,Manipur,276552,2,Mayang Imphal,Mayang Imphal,5,0
2463,14,Manipur,276514,2,Moirang,Moirang,5,0
2464,14,Manipur,276515,3,Nambol,Nambol,5,0
2465,14,Manipur,276530,2,Ningthoukhong,Ningthoukhong,5,0
2466,14,Manipur,276506,2,Oinam,Oinam,5,0
2467,14,Manipur,276551,2,Samourou,Samourou,5,0
2468,14,Manipur,276553,3,Sekmai,Sekmai,5,0
2469,14,Manipur,276509,2,Shikhong Sekmai,Shikhong Sekmai,5,0
2470,14,Manipur,276510,2,Sugunu,Sugunu,5,0
2471,14,Manipur,276550,2,Thongkhong Laxmi,Thongkhong Laxmi,5,0
2472,14,Manipur,276498,2,Thoubal,Thoubal,5,0
2473,14,Manipur,276511,2,Wangjing Lamding,Wangjing Lamding,5,0
2474,14,Manipur,276549,2,Wangoi,Wangoi,5,0
2475,14,Manipur,276513,2,Yairipok,Yairipok,5,0
2476,17,Meghalaya,249809,1,Baghmara,Baghmara,5,801539
2477,17,Meghalaya,249820,1,Jowai,Jowai,5,801545
2478,17,Meghalaya,279714,1,Khliehriat,Khliehriat,7,0
2479,17,Meghalaya,249811,1,Mairang,Mairang,7,801541
2480,17,Meghalaya,282009,1,Mawkyrwat,Mawkyrwat,7,0
2481,17,Meghalaya,249812,2,Nongpoh,Nongpoh,7,801542
2482,17,Meghalaya,249810,1,Nongstoin,Nongstoin,7,801540
2483,17,Meghalaya,249807,1,Resubelpara,Resubelpara,5,801537
2484,17,Meghalaya,249814,1,Shillong,Shillong,5,801544
2485,17,Meghalaya,249806,1,Tura Municipal Board,Tura Municipal Board,5,801536
2486,17,Meghalaya,249808,1,Williamnagar,Williamnagar,5,801538
2487,15,Mizoram,249770,2,Aizawl,Aizawl,6,801506
2488,15,Mizoram,277318,3,Aizawl Municipal Co-Operation,Aizawl Municipal Co-Operation,4,0
2489,15,Mizoram,249765,1,Bairabi,Bairabi,6,801502
2490,15,Mizoram,249775,2,Biate,Biate,6,801511
2491,15,Mizoram,249773,2,Champhai,Champhai,6,801510
2492,15,Mizoram,249768,2,Darlawn,Darlawn,6,801504
2493,15,Mizoram,249781,2,Hnahthial,Hnahthial,6,801517
2494,15,Mizoram,249774,2,Khawhai,Khawhai,6,801509
2495,15,Mizoram,249772,2,Khawzawl,Khawzawl,6,801508
2496,15,Mizoram,249766,1,Kolasib,Kolasib,6,801503
2497,15,Mizoram,249763,1,Lengpui,Lengpui,6,801499
2498,15,Mizoram,249780,2,Lunglei,Lunglei,6,801516
2499,15,Mizoram,249762,2,Mamit,Mamit,6,801498
2500,15,Mizoram,249767,1,N.Kawnpui,N.Kawnpui,6,801500
2501,15,Mizoram,249778,2,N.Vanlaiphai,N.Vanlaiphai,6,801514
2502,15,Mizoram,249782,1,Saiha,Saiha,6,801519
2503,15,Mizoram,249769,2,Sairang,Sairang,6,801505
2504,15,Mizoram,249771,2,Saitual,Saitual,6,801507
2505,15,Mizoram,249776,1,Serchhip,Serchhip,6,801512
2506,15,Mizoram,249777,1,Thenzawl,Thenzawl,6,801513
2507,15,Mizoram,249779,2,Tlabung,Tlabung,6,801515
2508,15,Mizoram,249764,1,Vairengte,Vairengte,6,801501
2509,15,Mizoram,249761,2,Zawlnuam,Zawlnuam,6,801497
2510,13,Nagaland,276216,1,Aboi Town Council,Aboi Town Council,7,0
2511,13,Nagaland,299085,1,Aghunato Town Council,Aghunato Town Council,7,0
2512,13,Nagaland,299086,1,Atoizu Town Council,Atoizu Town Council,7,0
2513,13,Nagaland,276219,1,Bhandari Town Council,Bhandari Town Council,7,0
2514,13,Nagaland,253207,2,Changtongya Town Council,Changtongya Town Council,7,801453
2515,13,Nagaland,299088,3,Chiephobozou Town Council,Chiephobozou Town Council,7,0
2516,13,Nagaland,276220,2,Chozuba Town Council,Chozuba Town Council,7,0
2517,13,Nagaland,249721,3,Chumukedima Town Council,Chumukedima Town Council,7,801458
2518,13,Nagaland,249720,2,Dimapur Municipal Council,Dimapur Municipal Council,5,801457
2519,13,Nagaland,276217,6,East Dimapur Town Council,East Dimapur Town Council,7,0
2520,13,Nagaland,253205,1,Jalukie Town Council,Jalukie Town Council,7,801467
2521,13,Nagaland,253202,2,Kiphire Town Council,Kiphire Town Council,7,801464
2522,13,Nagaland,249722,3,Kohima Municipal Council,Kohima Municipal Council,5,801466
2523,13,Nagaland,276218,2,Longkhim Town Council,Longkhim Town Council,7,0
2524,13,Nagaland,253201,1,Longleng Town Council,Longleng Town Council,7,801463
2525,13,Nagaland,276221,1,Mangkolemba Town Council,Mangkolemba Town Council,7,0
2526,13,Nagaland,253213,3,Medziphema Town Council,Medziphema Town Council,7,801459
2527,13,Nagaland,276222,5,Meluri Town Council,Meluri Town Council,7,0
2528,13,Nagaland,249717,2,Mokokchung Municipal Council,Mokokchung Municipal Council,5,801454
2529,13,Nagaland,249715,1,Mon Town Council,Mon Town Council,7,801451
2530,13,Nagaland,253203,1,Naginimora Town Council,Naginimora Town Council,7,801450
2531,13,Nagaland,299083,3,Niuland Town Council,Niuland Town Council,7,0
2532,13,Nagaland,276223,4,Noklak Town Council,Noklak Town Council,7,0
2533,13,Nagaland,253204,1,Peren Town Council,Peren Town Council,7,801468
2534,13,Nagaland,253210,4,Pfutsero Town Council,Pfutsero Town Council,7,801461
2535,13,Nagaland,249723,3,Phek Town Council,Phek Town Council,7,801460
2536,13,Nagaland,276224,2,Pungro Town Council,Pungro Town Council,7,0
2537,13,Nagaland,299087,1,Satakha Town Council,Satakha Town Council,7,0
2538,13,Nagaland,299082,3,Seyochung Town Council,Seyochung Town Council,7,0
2539,13,Nagaland,276225,3,Shamator Town Council,Shamator Town Council,7,0
2540,13,Nagaland,299084,1,Tamlu Town Council,Tamlu Town Council,7,0
2541,13,Nagaland,276226,1,Tening Town Council,Tening Town Council,7,0
2542,13,Nagaland,276227,1,Tizit Town Council,Tizit Town Council,7,0
2543,13,Nagaland,276228,1,Tobu Town Council,Tobu Town Council,7,0
2544,13,Nagaland,253209,4,Tseminyu Town Council,Tseminyu Town Council,7,801465
2545,13,Nagaland,249716,2,Tuensang Town Council,Tuensang Town Council,7,801462
2546,13,Nagaland,253206,2,Tuli Town Council,Tuli Town Council,7,801452
2547,13,Nagaland,249719,1,Wokha Town Council,Wokha Town Council,7,801456
2548,13,Nagaland,249718,2,Zunheboto Town Council,Zunheboto Town Council,7,801455
2549,21,Odisha,250476,3,Anandapur,Anandapur,5,801824
2550,21,Odisha,248140,2,Anugul,Anugul,5,801851
2551,21,Odisha,250529,1,Asika,Asika,6,801868
2552,21,Odisha,250498,1,Athagad,Athagad,6,801842
2553,21,Odisha,248142,1,Athamallik,Athamallik,6,801852
2554,21,Odisha,259705,1,Attabira,Attabira,6,0
2555,21,Odisha,250555,2,Balangir,Balangir,5,801890
2556,21,Odisha,250486,1,Baleshwar,Baleshwar,5,801833
2557,21,Odisha,263005,1,Baliguda,BALIGUDA,6,0
2558,21,Odisha,250576,2,Balimela,Balimela,6,801909
2559,21,Odisha,250517,2,Balugaon,Balugaon,6,801857
2560,21,Odisha,250519,1,Banapur,Banapur,6,801858
2561,21,Odisha,250500,1,Banki,Banki,6,801841
2562,21,Odisha,250447,1,Barapali,Barapali,6,801804
2563,21,Odisha,250469,1,Barbil,Barbil,5,801821
2564,21,Odisha,250448,1,Bargarh,Bargarh,5,801805
2565,21,Odisha,250481,1,Baripada,Baripada,5,801828
2566,21,Odisha,250489,2,Basudebpur,Basudebpur,5,801836
2567,21,Odisha,250527,2,Bellaguntha,Bellaguntha,6,801866
2568,21,Odisha,250450,1,Belpahar,Belpahar,5,801806
2569,21,Odisha,250543,3,Berhampur,Berhampur,4,801881
2570,21,Odisha,250487,1,Bhadrak,Bhadrak,5,801835
2571,21,Odisha,250526,2,Bhanjanagar,Bhanjanagar,6,801865
2572,21,Odisha,250558,2,Bhawanipatna,Bhawanipatna,5,801897
2573,21,Odisha,248059,4,Bhuban,Bhuban,6,801848
2574,21,Odisha,250520,5,Bhubaneswar,Bhubaneswar,4,801859
2575,21,Odisha,276628,1,Bijepur,BIJEPUR,6,0
2576,21,Odisha,250551,1,Binika,Binika,6,801887
2577,21,Odisha,250462,2,Biramitrapur,Biramitrapur,5,801818
2578,21,Odisha,250548,2,Boudhgarh,Boudhgarh,6,801886
2579,21,Odisha,250451,2,Brajarajnagar,Brajarajnagar,5,801807
2580,21,Odisha,250525,1,Buguda,Buguda,6,801864
2581,21,Odisha,263000,1,Champua,CHAMPUA,6,0
2582,21,Odisha,276631,1,Chandabali,Chandabali,6,0
2583,21,Odisha,250537,1,Chhatrapur,Chhatrapur,6,801874
2584,21,Odisha,250540,3,Chikiti,Chikiti,6,801880
2585,21,Odisha,250494,1,Choudwar,Choudwar,5,801843
2586,21,Odisha,250501,1,Cuttack,Cuttack,4,801844
2587,21,Odisha,262987,2,Dasapalla,DASAPALLA,6,0
2588,21,Odisha,250457,2,Debagarh,Debagarh,5,801814
2589,21,Odisha,276632,1,Dhamanagar,Dhamanagar,6,801834
2590,21,Odisha,263009,2,Dharmagarh,DHARMAGARH,6,0
2591,21,Odisha,248060,2,Dhenkanal,Dhenkanal,5,801849
2592,21,Odisha,250541,1,Digapahandi,Digapahandi,6,801879
2593,21,Odisha,250538,1,Ganjam,Ganjam,6,801875
2594,21,Odisha,250539,2,Gopalpur,Gopalpur,6,801878
2595,21,Odisha,250563,1,Gudari,Gudari,6,801901
2596,21,Odisha,250547,1,G. Udayagiri,G. Udayagiri,6,801885
2597,21,Odisha,250564,2,Gunupur,Gunupur,5,801900
2598,21,Odisha,259680,1,Hindol,Hindol,6,0
2599,21,Odisha,250542,2,Hinjilicut,Hinjilicut,5,801877
2600,21,Odisha,263336,1,Jagatsinghpur,Jagatsinghpur,5,801840
2601,21,Odisha,250503,1,Jajapur,Jajapur,5,801846
2602,21,Odisha,250482,2,Jaleswar,Jaleswar,5,801829
2603,21,Odisha,250516,1,Jatani,Jatani,5,801856
2604,21,Odisha,250574,2,Jeypur,Jeypur,5,801906
2605,21,Odisha,250452,1,Jharsuguda,Jharsuguda,5,801808
2606,21,Odisha,250471,1,Joda,Joda,5,801822
2607,21,Odisha,250560,1,Junagarh,Junagarh,6,801898
2608,21,Odisha,248058,3,Kamakhyanagar,Kamakhyanagar,6,801847
2609,21,Odisha,250552,2,Kantabanji,Kantabanji,6,801892
2610,21,Odisha,250480,1,Karanjia,Karanjia,6,801826
2611,21,Odisha,250545,2,Kasinagar,Kasinagar,6,801882
2612,21,Odisha,250532,1,Kavisurjyanagar,Kavisurjyanagar,6,801869
2613,21,Odisha,250491,1,Kendrapara,Kendrapara,5,801838
2614,21,Odisha,250474,3,Kendujhar,Kendujhar,5,801823
2615,21,Odisha,250559,2,Kesinga,Kesinga,6,801896
2616,21,Odisha,250535,2,Khalikote,Khalikote,6,801872
2617,21,Odisha,250510,1,Khandapada,Khandapada,6,801853
2618,21,Odisha,250557,1,Khariar,Khariar,6,801895
2619,21,Odisha,250556,1,Khariar Road,Khariar Road,6,801894
2620,21,Odisha,250514,2,Khordha,Khordha,5,801855
2621,21,Odisha,250453,2,Kochinda,Kochinda,6,801809
2622,21,Odisha,250534,2,Kodala,Kodala,6,801871
2623,21,Odisha,250523,1,Konark,Konark,6,801862
2624,21,Odisha,250571,2,Koraput,Koraput,5,801905
2625,21,Odisha,250570,1,Kotpad,Kotpad,6,801904
2626,21,Odisha,263345,3,Malkangiri,Malkangiri,5,801908
2627,21,Odisha,250569,1,Nabarangapur,Nabarangapur,5,801903
2628,21,Odisha,250512,2,Nayagarh,ନୟାଗଡ଼,5,801854
2629,21,Odisha,250484,1,Nilagiri,Nilagiri,6,801831
2630,21,Odisha,250522,3,Nimapada,Nimapada,6,801861
2631,21,Odisha,259201,4,Nuapada,Nuapada,6,0
2632,21,Odisha,276434,2,Odogaon,ODOGAON,6,0
2633,21,Odisha,250446,2,Padmapur,Padmapur,6,801803
2634,21,Odisha,263324,1,Paradeep,Paradeep,5,801839
2635,21,Odisha,250544,2,Paralakhemundi,Paralakhemundi,5,801883
2636,21,Odisha,250554,2,Patnagarh,Patnagarh,6,801891
2637,21,Odisha,250490,2,Pattamundai,Pattamundai,5,801837
2638,21,Odisha,250546,3,Phulabani,Phulabani,5,801884
2639,21,Odisha,250521,2,Pipili,Pipili,6,801860
2640,21,Odisha,250533,1,Polasara,Polasara,6,801870
2641,21,Odisha,250524,2,Puri,Puri,5,801863
2642,21,Odisha,250531,2,Purusottampur,Purusottampur,6,801876
2643,21,Odisha,250478,2,Rairangpur,Rairangpur,5,801825
2644,21,Odisha,250459,2,Rajagangapur,Rajagangapur,5,801816
2645,21,Odisha,250536,2,Rambha,Rambha,6,801873
2646,21,Odisha,262994,1,Ranapur,Ranapur,6,0
2647,21,Odisha,250467,8,Raurkela,Raurkela,4,801819
2648,21,Odisha,250565,2,Rayagada,Rayagada,5,801899
2649,21,Odisha,250454,1,Redhakhol,Redhakhol,6,801812
2650,21,Odisha,300314,4,Remuna,ରେମୁଣା,6,0
2651,21,Odisha,253100,7,Sambalpur,Sambalpur,4,801813
2652,21,Odisha,250550,2,Sonapur,Sonapur,5,801888
2653,21,Odisha,250485,2,Soro,Soro,5,801832
2654,21,Odisha,250573,2,Sunabeda,Sunabeda,5,801907
2655,21,Odisha,250458,1,Sundargarh,Sundargarh,5,801815
2656,21,Odisha,250528,1,Surada,Surada,6,801867
2657,21,Odisha,248141,1,Talcher,Talcher,5,801850
2658,21,Odisha,250549,1,Tarbha,Tarbha,6,801889
2659,21,Odisha,250553,4,Titlagarh,Titlagarh,5,801893
2660,21,Odisha,263006,4,Tusura,TUSURA,6,0
2661,21,Odisha,250479,1,Udala,Udala,6,801827
2662,21,Odisha,250567,3,Umarkote,Umarkote,5,801902
2663,21,Odisha,250502,2,Vyasanagar,Vyasanagar,5,801845
2664,34,Puducherry,253096,3,Karaikal,Karaikal,5,804040
2665,34,Puducherry,253095,3,Mahe,Mahe,5,804039
2666,34,Puducherry,253093,2,Ozhukarai,Ozhukarai,5,804037
2667,34,Puducherry,253094,3,Pondicherry,Pondicherry,5,804036
2668,34,Puducherry,253092,3,Yanam,Yanam,5,804035
2669,3,Punjab,248355,4,Abohar,Abohar,4,800214
2670,3,Punjab,248294,3,Adampur,Adampur,5,800168
2671,3,Punjab,299458,3,Adda Devigarh,ਅੱਡਾ ਦੇਵੀਗੜ੍ਹ,7,0
2672,3,Punjab,248382,6,Ahmedgarh,Ahmedgarh,5,800269
2673,3,Punjab,248269,3,Ajnala,Ajnala,5,800247
2674,3,Punjab,248295,3,Alawalpur,Alawalpur,5,800167
2675,3,Punjab,273471,4,Amargarh,ਅਮਰਗੜ੍ਹ,7,0
2676,3,Punjab,248330,10,Amloh,Amloh,5,800186
2677,3,Punjab,248273,12,Amritsar,Amritsar,4,800252
2678,3,Punjab,248317,3,Anandpur Sahib,ਅਨੰਦਪੁਰ ਸਾਹਿਬ,5,800257
2679,3,Punjab,277198,2,Arniwala Shekh Suban,ਅਰਨ੍ਹੀਵਾਲਾ ਸ਼ੇਖ ਸੁਬਾਨ,7,0
2680,3,Punjab,299457,3,Baba Bakala,ਬਾਬਾ ਬਕਾਲਾ,7,0
2681,3,Punjab,248344,2,Badhni Kalan,ਬੰਧਨੀ ਕਲਾਂ,7,800200
2682,3,Punjab,248315,7,Balachaur,Balachaur,5,0
2683,3,Punjab,248312,4,Banga,Banga,5,800180
2684,3,Punjab,248404,5,Banur,Banur,5,800265
2685,3,Punjab,248374,4,Bareta,Bareta,5,800233
2686,3,Punjab,248358,3,Bariwala,ਬਰੀਵਾਲਾ,7,800218
2687,3,Punjab,248378,6,Barnala,Barnala,5,800281
2688,3,Punjab,248327,5,Bassi Pathana,Bassi Pathana,5,800184
2689,3,Punjab,248264,7,Batala,Batala,4,800149
2690,3,Punjab,248367,6,Bathinda,Bathinda,4,800226
2691,3,Punjab,248280,2,Begowal,ਬੇਗੋਵਾਲ,7,800154
2692,3,Punjab,248377,3,Bhadaur,Bhadaur,5,800285
2693,3,Punjab,261762,3,Bhadson,ਭਾਦਸੋਂ,7,0
2694,3,Punjab,248345,7,Bhagha Purana,Bhagha Purana,5,800201
2695,3,Punjab,276562,5,Bhagta Bhai Ka Nagar Panchayat,ਭਗਤਾ ਭਾਈਕਾ,7,0
2696,3,Punjab,260770,3,Bhai Rupa,ਭਾਈ ਰੂਪਾ,7,0
2697,3,Punjab,248387,5,Bhawanigarh,Bhawanigarh,5,800272
2698,3,Punjab,248375,4,Bhikhi,ਭੀਖੀ,7,800235
2699,3,Punjab,248275,2,Bhikhiwind,ਭੀਖੀਵਿੰਡ,7,0
2700,3,Punjab,248298,7,Bhogpur,Bhogpur,5,800170
2701,3,Punjab,248366,3,Bhucho Mandi,Bhucho Mandi,5,800224
2702,3,Punjab,248281,2,Bhulath,ਭੁਲੱਥ,7,800153
2703,3,Punjab,277200,3,Bilga,ਬਿਲਗਾ,7,0
2704,3,Punjab,277199,1,Boha,ਬੋਹਾ,7,0
2705,3,Punjab,248373,4,Budhlada,Budhlada,5,800234
2706,3,Punjab,261450,5,Chamkaur Sahib,ਚਮਕੌਰ ਸਾਹਿਬ,7,0
2707,3,Punjab,248388,3,Cheema,ਚੀਮਾਂ,7,800275
2708,3,Punjab,248300,6,Dasua,Dasua,5,800172
2709,3,Punjab,248267,5,Dera Baba Nanak,Dera Baba Nanak,5,800152
2710,3,Punjab,248405,12,Dera Bassi,Dera Bassi,5,800268
2711,3,Punjab,248381,5,Dhanaula,Dhanaula,5,800283
2712,3,Punjab,248346,7,Dharamkot,Dharamkot,5,800203
2713,3,Punjab,248262,4,Dhariwal,Dhariwal,5,800147
2714,3,Punjab,248282,1,Dhilwan,ਢਿੱਲਵਾਂ,7,800156
2715,3,Punjab,248384,4,Dhuri,Dhuri,5,800271
2716,3,Punjab,248259,6,Dinanagar,Dinanagar,5,800145
2717,3,Punjab,248389,3,Dirba,ਦਿੜ੍ਹਬਾ,7,800277
2718,3,Punjab,248337,4,Doraha,Doraha,5,800194
2719,3,Punjab,248360,4,Faridkot,Faridkot,5,800219
2720,3,Punjab,248263,9,Fatehgarh Churian,Fatehgarh Churian,5,800148
2721,3,Punjab,276647,2,Fatehgarh Panjtoor,ਫਤਿਹਗੜ੍ਹ ਪੰਜਤੂਰ,7,0
2722,3,Punjab,248354,5,Fazilka,Fazilka,5,800213
2723,3,Punjab,248351,7,Firozpur,Firozpur,5,800207
2724,3,Punjab,248301,5,Gardhiwala,Gardhiwala,5,800173
2725,3,Punjab,248311,3,Garhshankar,Garhshankar,5,800179
2726,3,Punjab,248394,2,Ghagga,ਘੱਗਾ,7,800239
2727,3,Punjab,248402,1,Ghanaur,ਘਨੌਰ,7,800244
2728,3,Punjab,299456,2,Gharuan,ਘੰੜੂਆਂ,7,0
2729,3,Punjab,248357,5,Giddarbaha,Giddarbaha,5,800216
2730,3,Punjab,248329,4,Gobindgarh,Gobindgarh,5,800187
2731,3,Punjab,248364,3,Goniana,Goniana,5,800225
2732,3,Punjab,248292,3,Goraya,Goraya,5,800162
2733,3,Punjab,248260,18,Gurdaspur,Gurdaspur,5,800146
2734,3,Punjab,248352,8,Guru Har Sahai,Guru Har Sahai,5,800211
2735,3,Punjab,248379,2,Handiaya,ਹੰਡਿਆਇਆ,7,800282
2736,3,Punjab,248306,4,Hariana,Hariana,5,800175
2737,3,Punjab,248308,3,Hoshiarpur,Hoshiarpur,4,800176
2738,3,Punjab,248343,3,Jagraon,Jagraon,5,800199
2739,3,Punjab,248362,3,Jaitu,Jaitu,5,800221
2740,3,Punjab,248353,5,Jalalabad,Jalalabad,5,800212
2741,3,Punjab,248296,4,Jalandhar,Jalandhar,4,800166
2742,3,Punjab,248272,4,Jandiala Guru,Jandiala Guru,5,800251
2743,3,Punjab,262906,3,Joga,ਜੋਗਾ,7,0
2744,3,Punjab,248283,5,Kapurthala,Kapurthala,4,800155
2745,3,Punjab,248299,5,Kartarpur,Kartarpur,5,800169
2746,3,Punjab,248331,2,Khamanon,ਖਮਾਣੋਂ,7,800188
2747,3,Punjab,248393,3,Khanauri,ਖਨੌਰੀ,7,800280
2748,3,Punjab,248334,4,Khanna,Khanna,5,800191
2749,3,Punjab,248324,16,Kharar,Kharar,5,800263
2750,3,Punjab,248276,1,Khemkaran,ਖੇਮਕਰਨ,7,800256
2751,3,Punjab,261446,2,Kiratpur Sahib,ਕੀਰਤਪੁਰ ਸਾਹਿਬ,7,0
2752,3,Punjab,248369,3,Kot Fatta,Kot Fatta,5,800228
2753,3,Punjab,260780,3,Kotha Guru,ਕੋਠਾ ਗੁਰੂ,7,0
2754,3,Punjab,262989,2,Kot Ise Khan,ਕੋਟ ਈਸੇ ਖਾਂ,7,0
2755,3,Punjab,248361,4,Kot Kapura,Kot Kapura,5,800220
2756,3,Punjab,260782,2,Kot Shamir,ਕੋਟ ਸ਼ਮੀਰ,7,0
2757,3,Punjab,248321,7,Kurali,Kurali,5,800262
2758,3,Punjab,277203,4,Lalru,LALRU,5,0
2759,3,Punjab,248391,5,Lehragaga,Lehragaga,5,800278
2760,3,Punjab,260778,2,Lehra Mohabat,ਲਹਿਰਾ ਮੁਹੱਬਤ,7,0
2761,3,Punjab,248287,1,Lohian Khas,ਲੋਹੀਆਂ ਖਾਸ,7,800159
2762,3,Punjab,248385,4,Longowal,Longowal,5,800274
2763,3,Punjab,248338,6,Ludhiana,Ludhiana,4,800196
2764,3,Punjab,248333,3,Machhiwara,Machhiwara,5,800189
2765,3,Punjab,248310,2,Mahilpur,ਮਹਿਲਪੁਰ,7,800178
2766,3,Punjab,248271,4,Majitha,ਮਜੀਠਾ,7,800249
2767,3,Punjab,248348,1,Makhu,ਮੱਖੂ,7,800204
2768,3,Punjab,248383,8,Malerkotla,Malerkotla,5,800270
2769,3,Punjab,253222,2,Mallanwala,ਮੱਲਾਂਵਾਲਾ,7,0
2770,3,Punjab,248335,1,Maloud,ਮਲੌਦ,7,800193
2771,3,Punjab,248356,5,Malout,Malout,5,800215
2772,3,Punjab,260781,3,Maluka,ਮਲੂਕਾ,7,0
2773,3,Punjab,277197,2,Mamdot,ਮਮਦੋਟ,7,0
2774,3,Punjab,248376,6,Mansa,Mansa,5,800236
2775,3,Punjab,248371,4,Maur,Maur,5,800231
2776,3,Punjab,277201,9,Mehatpur,ਮਹਿਤਪੁਰ,7,0
2777,3,Punjab,260771,3,Mehraj,ਮਹਿਰਾਜ,7,0
2778,3,Punjab,248347,4,Moga,Moga,4,800202
2779,3,Punjab,248392,2,Moonak,ਮੂਨਕ,7,800279
2780,3,Punjab,248320,3,Morinda,ਮੋਰਿੰਡਾ,5,800261
2781,3,Punjab,253122,1,Mudki,ਮੁੱਦਕੀ,7,0
2782,3,Punjab,248303,8,Mukerian,Mukerian,5,800174
2783,3,Punjab,248359,9,Muktsar,Muktsar,5,800217
2784,3,Punjab,248340,3,Mullanpur Dakha,Mullanpur Dakha,5,800197
2785,3,Punjab,248397,3,Nabha,Nabha,5,800240
2786,3,Punjab,274218,3,Nadala,ਨਡਾਲਾ,7,0
2787,3,Punjab,248289,3,Nakodar,Nakodar,5,800161
2788,3,Punjab,277196,3,Nangal,Nangal,5,0
2789,3,Punjab,260779,2,Nathana,ਨਥਾਣਾ,7,0
2790,3,Punjab,248313,7,Nawanshahr,Nawanshahr,5,800181
2791,3,Punjab,277194,3,Nayan Gaon,Nayan Gaon,5,0
2792,3,Punjab,262988,3,Nihal Singh Wala,ਨਿਹਾਲ ਸਿੰਘ ਵਾਲਾ,7,0
2793,3,Punjab,277202,2,Norat Jamal Singh,ਨਰੋਟ ਜੈਮਲ ਸਿੰਘ,7,0
2794,3,Punjab,248291,3,Nurmahal,Nurmahal,5,800164
2795,3,Punjab,248256,20,Pathankot,Pathankot,4,800144
2796,3,Punjab,248399,1,Patiala,Patiala,4,800242
2797,3,Punjab,248395,3,Patran,Patran,5,800238
2798,3,Punjab,248277,3,Patti,Patti,5,800255
2799,3,Punjab,248336,8,Payal,Payal,5,800192
2800,3,Punjab,248286,17,Phagwara,Phagwara,4,800158
2801,3,Punjab,248293,3,Phillaur,Phillaur,5,800163
2802,3,Punjab,248266,5,Qadian,Qadian,5,800150
2803,3,Punjab,248314,4,Rahon,Rahon,5,800182
2804,3,Punjab,248342,4,Raikot,Raikot,5,800198
2805,3,Punjab,248270,3,Raja Sansi,ਰਾਜਾਸਾਂਸੀ,7,800248
2806,3,Punjab,248403,11,Rajpura,Rajpura,5,800245
2807,3,Punjab,248370,4,Raman,Raman,5,800229
2808,3,Punjab,248268,5,Ramdas,ਰਮਦਾਸ,7,800246
2809,3,Punjab,248363,4,Rampura Phul,Rampura Phul,5,800223
2810,3,Punjab,248278,3,Rayya,Rayya,5,800253
2811,3,Punjab,248319,3,Rupnagar,ਰੂਪਨਗਰ,5,800259
2812,3,Punjab,248339,3,Sahnewal,Sahnewal,5,800195
2813,3,Punjab,248396,6,Samana,Samana,5,0
2814,3,Punjab,248332,3,Samrala,Samrala,5,800190
2815,3,Punjab,248398,5,Sanaur,Sanaur,5,800243
2816,3,Punjab,248368,3,Sangat,Sangat,5,800227
2817,3,Punjab,248386,6,Sangrur,Sangrur,5,800273
2818,3,Punjab,248372,3,Sardulgarh,ਸਰਦੂਲਗੜ੍ਹ,7,800232
2819,3,Punjab,248325,6,S.A.S.Nagar - Mohali,S.A.S.Nagar - Mohali,4,800266
2820,3,Punjab,248288,3,Shahkot,ਸ਼ਾਹਕੋਟ,7,800160
2821,3,Punjab,248309,4,Sham Chaurasi,Sham Chaurasi,5,800177
2822,3,Punjab,248328,9,Sirhind Fatehgarh Sahib,Sirhind Fatehgarh Sahib,5,800185
2823,3,Punjab,248265,5,Sri Hargobindpur,Sri Hargobindpur,5,800151
2824,3,Punjab,248254,6,Sujanpur,Sujanpur,5,800143
2825,3,Punjab,248285,4,Sultanpur Lodhi,Sultanpur Lodhi,5,800157
2826,3,Punjab,248390,4,Sunam,Sunam,5,800276
2827,3,Punjab,248350,4,Talwandi Bhai,Talwandi Bhai,5,800209
2828,3,Punjab,253124,3,Talwandi Sabo,ਤਲਵੰਡੀ ਸਾਬੋ,7,0
2829,3,Punjab,248305,1,Talwara,ਤਲਵਾੜਾ,7,0
2830,3,Punjab,248380,4,Tapa,Tapa,5,800284
2831,3,Punjab,248274,8,Tarn-Taran,Tarn-Taran,5,800254
2832,3,Punjab,248302,6,Urmar Tanda,Urmar Tanda,5,800171
2833,3,Punjab,248349,6,Zira,Zira,5,800205
2834,3,Punjab,248407,15,Zirakpur,Zirakpur,5,800267
2835,8,Rajasthan,248774,5,Abu Road,आबू रोड,7,800558
2836,8,Rajasthan,301405,4,Ahore,Ahore,7,0
2837,8,Rajasthan,299977,5,Ajeetgarh,Ajeetgarh,7,0
2838,8,Rajasthan,248788,11,Ajmer,अजमेर,4,800570
2839,8,Rajasthan,248865,3,Aklera,अकलेरा,7,800619
2840,8,Rajasthan,301433,4,Akola,आकोला,7,0
2841,8,Rajasthan,248699,18,Alwar,अलवर,4,800490
2842,8,Rajasthan,248817,4,Amet,आमेट,7,800596
2843,8,Rajasthan,248857,3,Anta,अंता,7,800614
2844,8,Rajasthan,248656,5,Anupgarh,अनूपगढ,7,800451
2845,8,Rajasthan,302889,1,Arnod,,5,0
2846,8,Rajasthan,248808,4,Asind,आसिंद,7,800588
2847,8,Rajasthan,296934,7,Atru,अटरू,7,0
2848,8,Rajasthan,248684,3,Baggar,बग्गड,7,800477
2849,8,Rajasthan,248735,2,Bagru,बगरू,7,800521
2850,8,Rajasthan,300344,5,Bahadurpur,Bahadurpur,7,0
2851,8,Rajasthan,299784,9,Balesar Satta,Balesar Satta,7,0
2852,8,Rajasthan,248785,2,Bali,बाली,7,800567
2853,8,Rajasthan,248765,10,Balotra,बालोतरा,5,800549
2854,8,Rajasthan,296936,8,Bamanwas,बामनवास,7,0
2855,8,Rajasthan,248722,6,Bandikui,बांदीकुई,5,800510
2856,8,Rajasthan,302924,1,Banera,,5,0
2857,8,Rajasthan,296923,7,Bansur,बानसूर,7,0
2858,8,Rajasthan,248835,13,Banswara,बांसवाडा,5,800601
2859,8,Rajasthan,301412,2,Bap,Bap,7,0
2860,8,Rajasthan,248858,7,Baran,बारा,5,800615
2861,8,Rajasthan,299974,4,Bardod,Bardod,7,0
2862,8,Rajasthan,248712,2,Bari,बाडी,7,800502
2863,8,Rajasthan,248843,2,Bari Sadri,बडी सादडी,7,800608
2864,8,Rajasthan,248766,5,Barmer,बाडमेर,5,800550
2865,8,Rajasthan,300347,3,Baroda Meo,Baroda Meo,7,0
2866,8,Rajasthan,296931,7,Baseri,बसेड़ी,7,0
2867,8,Rajasthan,299976,4,Basni,Basni,7,0
2868,8,Rajasthan,296925,7,Bassi,बस्सी,7,0
2869,8,Rajasthan,301411,2,Baswa,Baswa,7,0
2870,8,Rajasthan,248711,2,Bayana,बयाना,7,800501
2871,8,Rajasthan,248790,8,Beawar,ब्यावर,5,800571
2872,8,Rajasthan,248837,2,Begun,बेेेेेगूं,7,800603
2873,8,Rajasthan,248694,6,Behror,बहरोर,7,800486
2874,8,Rajasthan,248666,3,Bhadra,भादरा,5,800459
2875,8,Rajasthan,301435,3,Bhandarej,भाण्‍डारेज,7,0
2876,8,Rajasthan,248708,4,Bharatpur,भरतपुर,4,800498
2877,8,Rajasthan,248867,3,Bhawani Mandi,भवानी मण्डी,7,800620
2878,8,Rajasthan,248812,9,Bhilwara,भीलवाडा,4,800592
2879,8,Rajasthan,301436,2,Bhim,Bhim,7,0
2880,8,Rajasthan,248823,3,Bhinder,भीण्डर,7,800624
2881,8,Rajasthan,248768,4,Bhinmal,भीनमाल,7,800552
2882,8,Rajasthan,248695,7,Bhiwadi,भिवाडी,5,800487
2883,8,Rajasthan,296924,8,Bhopalgarh,भोपालगढ़,7,0
2884,8,Rajasthan,248709,3,Bhusawar,भुसावर,7,800499
2885,8,Rajasthan,248678,4,Bidasar,बीदासर,5,800471
2886,8,Rajasthan,302998,1,Bigod,,5,0
2887,8,Rajasthan,301915,2,Bijoliya,,5,0
2888,8,Rajasthan,248667,9,Bikaner,बीकानेर,4,800460
2889,8,Rajasthan,248762,5,Bilara,बिलाडा,7,800546
2890,8,Rajasthan,248681,4,Bissau,बिसाउ,7,800474
2891,8,Rajasthan,299825,3,Bonli,Bonli,7,0
2892,8,Rajasthan,299534,5,Borawar,बोरावड़,7,0
2893,8,Rajasthan,302876,1,Buhana,,5,0
2894,8,Rajasthan,248806,8,Bundi,बूंदी,5,800587
2895,8,Rajasthan,248737,5,Chaksu,चाकसूू,7,800523
2896,8,Rajasthan,248860,3,Chhabra,छबडा,7,800616
2897,8,Rajasthan,248679,3,Chhapar,छापर,7,800472
2898,8,Rajasthan,248842,2,Chhoti Sadri,छोटी सादडी,7,800627
2899,8,Rajasthan,248687,4,Chirawa,चिडावा,7,800481
2900,8,Rajasthan,248839,5,Chittorgarh,,5,800605
2901,8,Rajasthan,302181,1,Chohtan,,5,0
2902,8,Rajasthan,248730,4,Chomu,चौमूं,7,800516
2903,8,Rajasthan,248673,7,Churu,चूरू,5,800468
2904,8,Rajasthan,302855,1,Dag,,5,0
2905,8,Rajasthan,299941,3,Danta,Danta,7,0
2906,8,Rajasthan,248725,10,Dausa,दौसा,5,800511
2907,8,Rajasthan,248705,7,Deeg,डीग,5,800495
2908,8,Rajasthan,277231,3,Degana,डेगाना,7,0
2909,8,Rajasthan,301414,2,Dei,Dei,7,0
2910,8,Rajasthan,248816,3,Deogarh,देवगढ,7,800595
2911,8,Rajasthan,248799,3,Deoli,देवली,5,800580
2912,8,Rajasthan,248668,4,Deshnoke,देशनोक,7,800461
2913,8,Rajasthan,299942,2,Dhariawad,Dhariawad,7,0
2914,8,Rajasthan,248713,6,Dhaulpur,धौलपुर,5,800503
2915,8,Rajasthan,302255,2,Dhod,धोद ,7,0
2916,8,Rajasthan,302257,3,Dhorimanna,धोरीमन्ना ,7,0
2917,8,Rajasthan,248748,6,Didwana,डीडवाना,7,800534
2918,8,Rajasthan,301914,2,Diggi,,5,0
2919,8,Rajasthan,301439,3,Dooni,Dooni,7,0
2920,8,Rajasthan,301438,2,Dudu,Dudu,5,0
2921,8,Rajasthan,301913,1,Dundlod,,5,0
2922,8,Rajasthan,248831,8,Dungarpur,डूंगरपुर,5,800599
2923,8,Rajasthan,248784,2,Falna,फालना,7,800566
2924,8,Rajasthan,248821,4,Fatehnagar,फतेहनगर,7,800622
2925,8,Rajasthan,248739,2,Fatehpur,फतेहपुुुर,7,800525
2926,8,Rajasthan,301440,4,Fhagi,Fhagi,7,0
2927,8,Rajasthan,248654,3,Gajsinghpur,गजसिंहपुर,7,800448
2928,8,Rajasthan,248811,2,Gangapur,गंगापुर,7,800591
2929,8,Rajasthan,248718,7,Gangapur City,गंगापुर सिटी,5,800508
2930,8,Rajasthan,302263,2,Gharsana,घडसाना ,7,0
2931,8,Rajasthan,301442,1,Goluwala,गोलुवाला,7,0
2932,8,Rajasthan,299536,3,Govindgarh,गोविन्दगढ़ ,5,0
2933,8,Rajasthan,302204,5,Gudhamalani,,7,0
2934,8,Rajasthan,248809,3,Gulabpura,गुलाबपुरा,7,800589
2935,8,Rajasthan,299936,2,Hameergarh,Hameergarh,7,0
2936,8,Rajasthan,248662,11,Hanumangarh,हनुमानगढ,5,800455
2937,8,Rajasthan,248716,6,Hindaun City,,5,800506
2938,8,Rajasthan,303112,1,Hindoli,हिंडोली,7,0
2939,8,Rajasthan,248802,3,Indragarh,इन्द्रगढ,7,800583
2940,8,Rajasthan,263007,3,Itawa,ईटावा,7,0
2941,8,Rajasthan,248813,3,Jahazpur,जहाजपुर,7,800593
2942,8,Rajasthan,303088,8,Jaipur,जयपुर,4,0
2943,8,Rajasthan,248763,5,Jaisalmer,जैसलमेर,5,800547
2944,8,Rajasthan,248775,4,Jaitaran,जैतारण,7,800559
2945,8,Rajasthan,301912,1,Jakhal,,5,0
2946,8,Rajasthan,248767,8,Jalore,जालौर,5,800551
2947,8,Rajasthan,301911,6,Jamwa Ramgarh,,5,0
2948,8,Rajasthan,302984,1,Jasol,,5,0
2949,8,Rajasthan,299764,4,Jayal,Jayal,7,0
2950,8,Rajasthan,248862,7,Jhalawar,झालावाड,5,800617
2951,8,Rajasthan,248863,5,Jhalrapatan,झालरापाटन,5,800618
2952,8,Rajasthan,248683,9,Jhunjhunun,झुुंझुनूू,5,800476
2953,8,Rajasthan,248732,5,Jobner,जोबनेर,7,800520
2954,8,Rajasthan,303089,5,Jodhpur,जोधपुर,4,0
2955,8,Rajasthan,302800,1,Kaladera,,5,0
2956,8,Rajasthan,248703,4,Kaman,कामां,7,800493
2957,8,Rajasthan,248824,3,Kanor,कानोर,7,800625
2958,8,Rajasthan,302921,1,Kanota,,5,0
2959,8,Rajasthan,248840,3,Kapasan,कपासन,7,800606
2960,8,Rajasthan,248804,4,Kaprain,कापरेन,7,800586
2961,8,Rajasthan,248717,5,Karauli,करौली,5,800507
2962,8,Rajasthan,301415,1,Kathumar,Kathumar,5,0
2963,8,Rajasthan,248793,5,Kekri,केकडी,7,800575
2964,8,Rajasthan,248805,3,Keshoraipatan,केशवरायपाटन,7,800585
2965,8,Rajasthan,248649,3,Kesrisinghpur,केसरीसिंहपुर,7,800444
2966,8,Rajasthan,248698,8,Khairthal-Tijara,खैरथल,5,800489
2967,8,Rajasthan,299753,7,Khajuwala,खाजूवाला,7,0
2968,8,Rajasthan,302262,1,Khandar,खण्डार ,7,0
2969,8,Rajasthan,248743,3,Khandela,खण्डेला,5,800529
2970,8,Rajasthan,302856,1,Khanpur,,5,0
2971,8,Rajasthan,302919,1,Khatu Khurd,,5,0
2972,8,Rajasthan,277601,2,Khatushyamji,खाटुश्यामजी,7,0
2973,8,Rajasthan,302813,2,Khejroli,,5,0
2974,8,Rajasthan,248702,3,Kherli,खेेडली,5,800492
2975,8,Rajasthan,248690,3,Khetri,खेतडी,5,800482
2976,8,Rajasthan,248786,9,Kishangarh,किशनगढ,5,800568
2977,8,Rajasthan,277233,6,Kishangarhbas,किशनगढबास,7,0
2978,8,Rajasthan,248731,5,Kishangarh Renwal,किशनगढ रेनवाल,7,800517
2979,8,Rajasthan,303090,5,Kota,कोटा,4,0
2980,8,Rajasthan,299535,4,Kotkasim,Kotkasim,7,0
2981,8,Rajasthan,248727,6,Kotputli,कोटपुुतली,5,800513
2982,8,Rajasthan,248757,5,Kuchaman City,कुचामन सिटी,7,800541
2983,8,Rajasthan,248752,3,Kuchera,कुचेरा,7,800537
2984,8,Rajasthan,248707,5,Kumher,कुम्हेर,7,800497
2985,8,Rajasthan,248836,3,Kushalgarh,कुशलगढ,7,800602
2986,8,Rajasthan,248740,3,Lachhmangarh,लक्ष्मणगढ,5,800526
2987,8,Rajasthan,248747,4,Ladnu,लाडनूू,7,800533
2988,8,Rajasthan,248803,2,Lakheri,लाखेरी,7,800584
2989,8,Rajasthan,248726,3,Lalsot,लालसोट,5,800512
2990,8,Rajasthan,301909,2,Lambaharising,,5,0
2991,8,Rajasthan,301406,3,Lawan,Lawan,5,0
2992,8,Rajasthan,296915,6,Laxmangarh (Alwar),लक्ष्मणगढ़ (अलवर),7,0
2993,8,Rajasthan,248742,3,Losal,लोसल,5,800528
2994,8,Rajasthan,302182,3,Lunkaransar,,5,0
2995,8,Rajasthan,275691,5,Mahwa,महवा,5,0
2996,8,Rajasthan,248756,8,Makrana,मकराना,5,800540
2997,8,Rajasthan,301407,3,Malakheda,Malakheda,5,0
2998,8,Rajasthan,248794,3,Malpura,मालपुुुुरा,5,800576
2999,8,Rajasthan,302612,1,Malsisar,,5,0
3000,8,Rajasthan,248814,3,Mandalgarh,मण्डलगढ,7,800594
3001,8,Rajasthan,302890,1,Mandar,,5,0
3002,8,Rajasthan,248682,4,Mandawa,मण्डावा,7,800475
3003,8,Rajasthan,299765,3,Mandawar,Mandawar,7,0
3004,8,Rajasthan,296926,5,Mandawari,मंडावरी,7,0
3005,8,Rajasthan,302222,1,Mandhan,,5,0
3006,8,Rajasthan,301413,1,Mandrayal,Mandrayal,5,0
3007,8,Rajasthan,302801,2,Mandrela,,7,0
3008,8,Rajasthan,248856,4,Mangrol,मांगरोल,7,800613
3009,8,Rajasthan,302896,1,Maniyan,,5,0
3010,8,Rajasthan,300350,5,Manoharpur,Manoharpur,7,0
3011,8,Rajasthan,302858,1,Manoharthana,,5,0
3012,8,Rajasthan,300322,6,Marwar Junction,Marwar Junction,7,0
3013,8,Rajasthan,302261,3,Masuda,मसूदा ,7,0
3014,8,Rajasthan,302802,4,Mathaniya,,7,0
3015,8,Rajasthan,301445,1,Mawali,Mawali,5,0
3016,8,Rajasthan,248753,3,Merta City,मेडता सिटी,7,800538
3017,8,Rajasthan,301906,4,Mertaroad,,7,0
3018,8,Rajasthan,248773,2,Mount Abu,माउण्ट आबू,7,800557
3019,8,Rajasthan,248691,3,Mukandgarh,मुकूून्दगढ,7,800483
3020,8,Rajasthan,301461,2,Mundawar,मुण्‍डावर,7,0
3021,8,Rajasthan,248751,2,Mundwa,मुण्डवा,7,800536
3022,8,Rajasthan,248706,4,Nadbai,नदबई,5,800496
3023,8,Rajasthan,248704,5,Nagar,नगर,7,800494
3024,8,Rajasthan,248749,12,Nagaur,नागौर,5,800535
3025,8,Rajasthan,248801,2,Nainwa,नैनवा,7,800582
3026,8,Rajasthan,302180,3,Napasar,,5,0
3027,8,Rajasthan,300321,6,Narayana,Narayana,7,0
3028,8,Rajasthan,301905,6,Narayanpur,,5,0
3029,8,Rajasthan,277232,5,Nasirabad,नसीराबाद,5,0
3030,8,Rajasthan,248820,3,Nathdwara,नाथद्वारा,7,800598
3031,8,Rajasthan,301446,3,Nauganwa,Nauganwa,7,0
3032,8,Rajasthan,248758,5,Nawa,नावा,7,800542
3033,8,Rajasthan,248692,3,Nawalgarh,नवलगढ,7,800484
3034,8,Rajasthan,248746,5,Neem-Ka-Thana,नीम-का-थाना,5,800532
3035,8,Rajasthan,299935,7,Neemrana,Neemrana,5,0
3036,8,Rajasthan,248841,3,Nimbahera,निम्बाहेडा,7,800607
3037,8,Rajasthan,248796,2,Niwai,निवाई,7,800577
3038,8,Rajasthan,248665,3,Nohar,नोहर,5,800458
3039,8,Rajasthan,248669,3,Nokha,नोखा,7,800462
3040,8,Rajasthan,248653,3,Padampur,पदमपुर,7,800449
3041,8,Rajasthan,302206,2,Pahari ,,5,0
3042,8,Rajasthan,248778,6,Pali,पाली,4,800561
3043,8,Rajasthan,302948,1,Palsana,,5,0
3044,8,Rajasthan,296922,10,Paota-Pragpura,Paota-Pragpura,5,0
3045,8,Rajasthan,248755,4,Parbatsar,परबतसर,7,800539
3046,8,Rajasthan,277602,3,Partapur -Garhi,परतापुर-गढी,7,0
3047,8,Rajasthan,302259,1,Peeplu,पीपलू ,7,0
3048,8,Rajasthan,248759,6,Phalodi,फलाैैैैदी,7,800543
3049,8,Rajasthan,248734,4,Phulera,फुलेरा,7,800519
3050,8,Rajasthan,248685,3,Pilani,पिलानी,7,800478
3051,8,Rajasthan,248663,3,Pilibanga,पीलीबंगा,7,800456
3052,8,Rajasthan,277234,2,Pindwara,पिण्डवारा,7,0
3053,8,Rajasthan,248761,4,Pipar City,पीपाड सिटी,7,800545
3054,8,Rajasthan,248868,3,Pirawa,पिडावा,7,800621
3055,8,Rajasthan,302909,1,Pisangan,,5,0
3056,8,Rajasthan,248764,3,Pokaran,पोकरण,7,800548
3057,8,Rajasthan,248844,7,Pratapgarh,प्रतापगढ,5,800628
3058,8,Rajasthan,248787,3,Pushkar,पुष्कर,5,800569
3059,8,Rajasthan,302860,2,Raipur,,5,0
3060,8,Rajasthan,248655,3,Raisinghnagar,रायसिंहनगर,7,800450
3061,8,Rajasthan,248714,2,Rajakhera,राजाखेडा,7,800504
3062,8,Rajasthan,248677,4,Rajaldesar,राजलदेसर,7,800470
3063,8,Rajasthan,248671,6,Rajgarh (Alwar),राजगढ़ (अलवर),5,800465
3064,8,Rajasthan,248700,7,Rajgarh(Churu),राजगढ,7,800491
3065,8,Rajasthan,248818,6,Rajsamand,राजसमंद,5,800597
3066,8,Rajasthan,248851,6,Ramganj Mandi,रामगंज मण्डी,7,800611
3067,8,Rajasthan,248738,2,Ramgarh,रामगढ,7,800524
3068,8,Rajasthan,296916,7,Ramgarh (Alwar),रामगढ़ (अलवर),7,0
3069,8,Rajasthan,301410,1,Ramgarh Pachwara,Ramgarh Pachwara,5,0
3070,8,Rajasthan,248780,2,Rani,रानी,7,800562
3071,8,Rajasthan,248676,4,Ratangarh,रतनगढ,5,800469
3072,8,Rajasthan,248674,2,Ratannagar,रतननगर,7,800467
3073,8,Rajasthan,248838,3,Rawatbhata,रावतभाटा,5,800604
3074,8,Rajasthan,248664,3,Rawatsar,रावतसर,5,800457
3075,8,Rajasthan,248745,5,Reengus,रींगस,7,800531
3076,8,Rajasthan,302942,1,Riyan Bari,,5,0
3077,8,Rajasthan,263008,4,Roopbas,रूपबास,7,0
3078,8,Rajasthan,248781,2,Sadri,सादडी,7,800563
3079,8,Rajasthan,248652,2,Sadulshahar,सादुलशहर,7,800447
3080,8,Rajasthan,248832,5,Sagwara,सगवाडा,7,800600
3081,8,Rajasthan,302861,2,Sahwa,,5,0
3082,8,Rajasthan,302862,1,Saipau,,5,0
3083,8,Rajasthan,248826,6,Salumbar,सलूम्बर,5,800626
3084,8,Rajasthan,302863,1,Samadari,,5,0
3085,8,Rajasthan,248733,5,Sambhar,सांभर,7,800518
3086,8,Rajasthan,248769,7,Sanchore,सांचोर,7,800553
3087,8,Rajasthan,248661,2,Sangaria,सांगरिया,7,800454
3088,8,Rajasthan,248855,4,Sangod,सांगोद,7,800612
3089,8,Rajasthan,296932,8,Sapotra,सपोटरा,5,0
3090,8,Rajasthan,248672,3,Sardarshahar,सरदारशहर,7,800466
3091,8,Rajasthan,296930,4,Sarmathura,सरमथुरा,7,0
3092,8,Rajasthan,248792,5,Sarwar,सरवाड,7,800574
3093,8,Rajasthan,248720,7,Sawai Madhopur,सवाई माधोपुर,5,800509
3094,8,Rajasthan,301417,2,Sawar,Sawar,5,0
3095,8,Rajasthan,302254,1,Sayla,सायला ,7,0
3096,8,Rajasthan,301460,3,Seeswali,Seeswali,7,0
3097,8,Rajasthan,248729,8,Shahpura,शाहपुरा,5,800515
3098,8,Rajasthan,277235,5,Shahpura..(Bhilwara),शाहपुरा(भीलवाड़ा),7,0
3099,8,Rajasthan,248770,2,Sheoganj,शिवगंज,7,800554
3100,8,Rajasthan,248741,8,Sikar,सीकर,5,800527
3101,8,Rajasthan,301451,2,Sikaray,Sikaray,5,0
3102,8,Rajasthan,298995,7,Sikri,Sikri,7,0
3103,8,Rajasthan,303111,2,Sindhari,सिणधरी,7,0
3104,8,Rajasthan,301409,2,Singhana,Singhana,5,0
3105,8,Rajasthan,248771,6,Sirohi,सिरोही,5,800555
3106,8,Rajasthan,299757,4,Siwana,सिवाना,7,0
3107,8,Rajasthan,248776,2,Sojat,सोजत,7,800560
3108,8,Rajasthan,302249,1,Sojat Road,,5,0
3109,8,Rajasthan,248675,4,Sri Dungargarh,श्री डूंगरगढ ,7,800463
3110,8,Rajasthan,248651,7,Sri Ganganagar,श्री गंगानगर,5,800446
3111,8,Rajasthan,248650,4,Srikaranpur,श्रीकरणपुर,7,800445
3112,8,Rajasthan,248744,3,Sri Madhopur,श्री माधोपुर,5,800530
3113,8,Rajasthan,248658,4,Srivijainagar,श्रीविजयनगर,7,800452
3114,8,Rajasthan,248680,7,Sujangarh,सुजानगढ,5,800473
3115,8,Rajasthan,301453,3,Suket,सुकेत,7,0
3116,8,Rajasthan,302258,2,Sultana,सुलताना ,7,0
3117,8,Rajasthan,296933,10,Sultanpur,सुल्तानपुर,7,0
3118,8,Rajasthan,248783,4,Sumerpur,सूमेरपुर,5,800565
3119,8,Rajasthan,248688,4,Surajgarh,सूरजगढ,7,800480
3120,8,Rajasthan,248660,2,Suratgarh,सूरतगढ,7,800453
3121,8,Rajasthan,302962,1,Suroth,,5,0
3122,8,Rajasthan,248782,2,Takhatgarh,तख्तगढ,7,800564
3123,8,Rajasthan,301901,2,Tantoti,,5,0
3124,8,Rajasthan,299934,5,Tapukara,Tapukara,7,0
3125,8,Rajasthan,248670,2,Taranagar,तारानगर,7,800464
3126,8,Rajasthan,290432,2,Thanagaji,थानागाजी,7,0
3127,8,Rajasthan,299937,2,Tibbi,Tibbi,7,0
3128,8,Rajasthan,248696,4,Tijara,तिजारा,7,800488
3129,8,Rajasthan,302253,2,Tinwari,तिवंरी,7,0
3130,8,Rajasthan,248715,4,Todabhim,टोडाभीम,5,800505
3131,8,Rajasthan,248798,3,Todaraisingh,टोडारायसिंह,7,800579
3132,8,Rajasthan,248797,10,Tonk,टोंक,5,800578
3133,8,Rajasthan,298994,5,Uchchain,Uchchain,7,0
3134,8,Rajasthan,248822,12,Udaipur,उदयपुर,4,800623
3135,8,Rajasthan,248693,3,Udaipurwati,उदयपुरवाटी,7,800485
3136,8,Rajasthan,248800,3,Uniara,उनियारा,7,800581
3137,8,Rajasthan,301454,4,Vajirpur,वजीरपुर,7,0
3138,8,Rajasthan,301408,1,Vallabhnagar,Vallabhnagar,5,0
3139,8,Rajasthan,301455,3,Vatika,वाटिका,5,0
3140,8,Rajasthan,248686,3,Vidyavihar,विद्याविहार,7,800479
3141,8,Rajasthan,248791,8,Vijainagar,विजयनगर,5,800572
3142,8,Rajasthan,248728,4,Viratnagar,विराटनगर,7,800514
3143,8,Rajasthan,248710,3,Weir,वैर,7,800500
3144,11,Sikkim,249694,3,Gangtok (M Corp.),Gangtok (M Corp.),4,801421
3145,11,Sikkim,249690,5,Gyalshing Nagar Panchayat,Gyalshing Nagar Panchayat,7,801417
3146,11,Sikkim,249689,2,Mangan Nagar Panchayat,Mangan Nagar Panchayat,7,801416
3147,11,Sikkim,249692,1,Namchi Municipal Council,Namchi Municipal Council,5,801419
3148,11,Sikkim,249693,4,Nayabazar Jorethang Nagar Panchayat,Nayabazar Jorethang Nagar Panchayat,7,801420
3149,11,Sikkim,290460,4,Rangpo (Np),Rangpo (Np),7,0
3150,11,Sikkim,249695,4,Singtam (Np),Singtam (Np),7,801422
3151,33,Tamil Nadu,252954,3,Abiramam,அபிராமம்,7,803807
3152,33,Tamil Nadu,253002,2,Achampudur,அச்சன்புதூர்,7,803851
3153,33,Tamil Nadu,252348,2,Acharapakkam,அச்சரபாக்கம்,7,803373
3154,33,Tamil Nadu,252607,1,Adikaratti,அதிகரட்டி,7,803569
3155,33,Tamil Nadu,252840,3,Adiramapattinam,அதிராமப்பட்டிணம்,5,803712
3156,33,Tamil Nadu,252818,1,Aduthurai,ஆடுதுறை,7,803691
3157,33,Tamil Nadu,252702,2,Agaram,அகரம்,7,803587
3158,33,Tamil Nadu,253090,2,Agastheeswaram,அகஸ்தீஸ்வரம்,7,803937
3159,33,Tamil Nadu,252505,1,Alampalayam,ஆலம்பாளையம்,7,803485
3160,33,Tamil Nadu,252883,1,Alanganallur,அலங்காநல்லுhர்,7,803748
3161,33,Tamil Nadu,252395,2,Alangayam,ஆலங்காயம்,7,803405
3162,33,Tamil Nadu,252852,1,Alangudi,ஆலங்குடி,7,803721
3163,33,Tamil Nadu,253008,2,Alangulam,ஆலங்குளம்,7,803857
3164,33,Tamil Nadu,252658,1,Alanthurai,ஆலந்துரை,7,803994
3165,33,Tamil Nadu,253012,3,Alwarkurichi,ஆழ்வார்குறிச்சி,7,803861
3166,33,Tamil Nadu,252977,1,Alwarthirunagiri,ஆழ்வார்திருநகரி,7,803829
3167,33,Tamil Nadu,253014,3,Ambasamudram,Ambasamudram,5,803864
3168,33,Tamil Nadu,252391,2,Ambur,Ambur,5,803406
3169,33,Tamil Nadu,252714,1,Ammainaickanur,அம்மைநாயக்கனூர்,7,803597
3170,33,Tamil Nadu,252533,1,Ammapettai,அம்மாபேட்டை,7,803703
3171,33,Tamil Nadu,252829,1,Ammapettai,அம்மாப்பேட்டை,7,803511
3172,33,Tamil Nadu,252361,2,Ammoor,அம்மூர்,7,803383
3173,33,Tamil Nadu,252678,1,Anaimalai,ஆனைமலை,7,804006
3174,33,Tamil Nadu,252437,5,Ananthapuram,அனந்தபுரம்,7,803426
3175,33,Tamil Nadu,253089,2,Anjugrammam,அஞ்சுகிராமம்,7,803933
3176,33,Tamil Nadu,252782,1,Annamalai Nagar,அண்ணாமலைநகர்,7,803658
3177,33,Tamil Nadu,252844,1,Annavasal,அன்னவாசல்,7,803716
3178,33,Tamil Nadu,252614,1,Annur,அன்னூர்,7,803969
3179,33,Tamil Nadu,252535,2,Anthiyur,அந்தியூர்,7,803512
3180,33,Tamil Nadu,252537,1,Appakudal,ஆப்பக்கூடல்,7,803516
3181,33,Tamil Nadu,252575,1,Arachalur,அரச்சலூர்,7,803551
3182,33,Tamil Nadu,252445,2,Arakandanallur,அரகண்டநல்லூர்,7,803434
3183,33,Tamil Nadu,252367,2,Arakkonam,Arakkonam,5,803387
3184,33,Tamil Nadu,253076,1,Aralvaimozhi,ஆரல்வாய்மொழி,7,803923
3185,33,Tamil Nadu,252263,4,Arani,ஆரணி,7,803316
3186,33,Tamil Nadu,252422,1,Arani,Arani,5,803412
3187,33,Tamil Nadu,252854,1,Aranthangi,Aranthangi,5,803724
3188,33,Tamil Nadu,252471,1,Arasiramani,அரசிராமணி,7,803459
3189,33,Tamil Nadu,252719,1,Aravakurichi,அரவக்குறிச்சி,7,803601
3190,33,Tamil Nadu,252373,2,Arcot,Arcot,5,803392
3191,33,Tamil Nadu,252850,1,Arimalam,அரிமளம்,7,803719
3192,33,Tamil Nadu,252767,2,Ariyalur,Ariyalur,5,803645
3193,33,Tamil Nadu,252529,1,Ariyappampalayam,அரியப்பம்பாளையம்,7,803507
3194,33,Tamil Nadu,253033,1,Arumanai,அருமனை,7,803881
3195,33,Tamil Nadu,252760,1,Arumbavur,அரும்பாவூர்,7,803638
3196,33,Tamil Nadu,252981,2,Arumuganeri,ஆறுமுகனேரி,7,803831
3197,33,Tamil Nadu,252947,2,Aruppukkottai,Aruppukkottai,5,803801
3198,33,Tamil Nadu,252536,1,Athani,அத்தானி,7,803514
3199,33,Tamil Nadu,252509,1,Athanur,அத்தனூர்,7,803488
3200,33,Tamil Nadu,252979,1,Athur,ஆத்தூர்,7,803827
3201,33,Tamil Nadu,253055,1,Athur,ஆத்தூர்,7,803900
3202,33,Tamil Nadu,252483,2,Attayampatti,ஆட்டையாம்பட்டி,7,803467
3203,33,Tamil Nadu,252491,2,Attur,Attur,5,803473
3204,33,Tamil Nadu,252922,2,Aundipatti,ஆண்டிப்பட்டி,7,803786
3205,33,Tamil Nadu,252276,5,Avadi,Avadi,4,803323
3206,33,Tamil Nadu,252572,2,Avalpoondurai,அவல்பூந்துரை,7,803545
3207,33,Tamil Nadu,252870,1,A.Vellalapatti,அ.வெள்ளாளபட்டி,7,803740
3208,33,Tamil Nadu,252615,3,Avinashi,அவிநாசி,5,804021
3209,33,Tamil Nadu,252691,1,Ayakudi,ஆயக்குடி,7,803577
3210,33,Tamil Nadu,252996,2,Aygudi,ஆய்க்குடி,7,803845
3211,33,Tamil Nadu,252486,1,Ayothiapattinam,அயோத்தியாபட்டணம்,7,803470
3212,33,Tamil Nadu,252699,1,Ayyalur,அய்யலூர்,7,803583
3213,33,Tamil Nadu,252711,2,Ayyampalayam,அய்யம்பாளையம்,7,803593
3214,33,Tamil Nadu,252340,1,Ayyampettai,அய்யம்பேட்டை,7,803701
3215,33,Tamil Nadu,260288,3,Azhagappapuram,அழகப்பாபுரம்,7,803932
3216,33,Tamil Nadu,253073,2,Azhagiapandipuram,அழகியபாண்டியபுரம்,7,803921
3217,33,Tamil Nadu,252740,1,Balakrishnampatti,பாலகிருட்டிணம்பட்டி,7,803622
3218,33,Tamil Nadu,252694,1,Balasamudram,பாலசமுத்திரம்,7,803578
3219,33,Tamil Nadu,252401,1,Bargur,பர்கூர்,7,803953
3220,33,Tamil Nadu,252718,1,Batlagundu,வத்தலகுண்டு,7,803600
3221,33,Tamil Nadu,252487,1,Belur,பேளூர்,7,803468
3222,33,Tamil Nadu,252539,1,Bhavani,Bhavani,5,803517
3223,33,Tamil Nadu,252530,1,Bhavanisagar,பவானிசாகர்,7,803508
3224,33,Tamil Nadu,252779,1,Bhuvanagiri,புவனகிரி,7,803655
3225,33,Tamil Nadu,252609,2,Bikkatty,பிக்கட்டி,7,803572
3226,33,Tamil Nadu,252415,1,B.Mallapuram,பொ. மல்லாபுரம்,7,803946
3227,33,Tamil Nadu,252896,1,B. Meenakshipuram,போ. மீனாட்சிபுரம்,7,803762
3228,33,Tamil Nadu,252897,1,Bodinayakanur,Bodinayakanur,5,803760
3229,33,Tamil Nadu,253074,3,Boothapandi,பூதப்பாண்டி,7,803922
3230,33,Tamil Nadu,252895,1,Boothipuram,பூதிப்புரம்,7,803759
3231,33,Tamil Nadu,252333,2,Chengalpattu,Chengalpattu,5,803364
3232,33,Tamil Nadu,252432,2,Chengam,செங்கம்,5,803421
3233,33,Tamil Nadu,252584,1,Chennasamudram,சென்னசமுத்திரம்,7,803557
3234,33,Tamil Nadu,252562,1,Chennimalai,சென்னிமலை,7,803535
3235,33,Tamil Nadu,253019,5,Cheranmahadevi,சேரன்மகாதேவி,7,803865
3236,33,Tamil Nadu,252430,1,Chetpet,சேத்துப்பட்டு,7,803419
3237,33,Tamil Nadu,252926,1,Chettiarpatti,செட்டியார்பட்டி,7,803789
3238,33,Tamil Nadu,252617,1,Chettipalayam,செட்டிபாளையம்,7,803995
3239,33,Tamil Nadu,252781,1,Chidambaram,Chidambaram,5,803657
3240,33,Tamil Nadu,252593,5,Chinnakkampalayam,சின்னக்காம்பாளையம்,7,804019
3241,33,Tamil Nadu,252709,3,Chinnalapatti,சின்னாளப்பட்டி,7,803592
3242,33,Tamil Nadu,252913,1,Chinnamanur,Chinnamanur,5,803777
3243,33,Tamil Nadu,252452,2,Chinnasalem,சின்னசேலம்,7,803441
3244,33,Tamil Nadu,252564,2,Chithode,சித்தோடு,7,803537
3245,33,Tamil Nadu,252819,1,Cholapuram,சோழபுரம்,7,803695
3246,33,Tamil Nadu,252653,11,Coimbatore,Coimbatore,4,803984
3247,33,Tamil Nadu,253068,3,Colachel,கொலாச்சல்,5,803917
3248,33,Tamil Nadu,252605,1,Coonoor,Coonoor,5,803570
3249,33,Tamil Nadu,253001,2,Courtalam,குற்றாலம்,7,803849
3250,33,Tamil Nadu,252773,6,Cuddalore,Cuddalore,4,803650
3251,33,Tamil Nadu,252918,1,Cumbum,Cumbum,5,803783
3252,33,Tamil Nadu,252406,1,Denkanikottai,தேன்கனிக்கோட்டை,7,803957
3253,33,Tamil Nadu,252427,1,Desur,தேசூர்,7,803416
3254,33,Tamil Nadu,252899,1,Devadanapatti,தேவதானப்பட்டி,7,803764
3255,33,Tamil Nadu,252864,2,Devakottai,தேவகோட்டை,5,803734
3256,33,Tamil Nadu,252595,1,Devarshola,தேவர்சோலா,7,803559
3257,33,Tamil Nadu,252688,1,Dhali,தளி,7,804030
3258,33,Tamil Nadu,252656,2,Dhaliyur,தளியூர்,7,803986
3259,33,Tamil Nadu,252592,2,Dharapuram,Dharapuram,5,804018
3260,33,Tamil Nadu,252417,1,Dharmapuri,Dharmapuri,5,803948
3261,33,Tamil Nadu,252707,4,Dindigul,Dindigul,4,803589
3262,33,Tamil Nadu,253034,2,Edaicode,இடைக்கோடு,7,803882
3263,33,Tamil Nadu,252349,3,Edaikazhinadu,இடைக்கழிநாடு,7,803374
3264,33,Tamil Nadu,252470,3,Edanganasalai,இடங்கணசாலை,5,803458
3265,33,Tamil Nadu,252468,3,Edappadi,எடப்பாடி,5,803456
3266,33,Tamil Nadu,260289,1,Elampillai,இளம்பிள்ளை,7,803464
3267,33,Tamil Nadu,252548,1,Elathur,எலத்தூர்,7,803526
3268,33,Tamil Nadu,252885,1,Elumalai,எழுமலை,7,803750
3269,33,Tamil Nadu,252975,1,Eral,ஏரல்,7,803825
3270,33,Tamil Nadu,253064,1,Eraniel,இரணியல்,7,803910
3271,33,Tamil Nadu,252698,2,Eriodu,எரியோடு,7,803582
3272,33,Tamil Nadu,252568,6,Erode,Erode,4,803542
3273,33,Tamil Nadu,252520,2,Erumaipatti,எருமைப்பட்டி,7,803498
3274,33,Tamil Nadu,253028,3,Eruvadi,ஏர்வாடி,7,803875
3275,33,Tamil Nadu,252489,1,Ethapur,ஏத்தாப்பூர்,7,803472
3276,33,Tamil Nadu,252966,1,Ettayapuram,எட்டையபுரம்,7,803818
3277,33,Tamil Nadu,252666,1,Ettimadai,எட்டிமடை,7,803997
3278,33,Tamil Nadu,253081,1,Ganapathipuram,கணபதிபுரம்,7,803930
3279,33,Tamil Nadu,252788,1,Gangaikondan,கெங்கைகொண்டான்,7,803663
3280,33,Tamil Nadu,252496,1,Gangavalli,கெங்கவல்லி,7,803478
3281,33,Tamil Nadu,252900,1,Ganguvarpatti,கெங்குவார்பட்டி,7,803763
3282,33,Tamil Nadu,252436,3,Gingee,செஞ்சி,7,803425
3283,33,Tamil Nadu,252547,1,Gobichettipalayam,Gobichettipalayam,5,803523
3284,33,Tamil Nadu,253022,3,Gopalasamudram,கோபாலசமுத்திரம்,7,803871
3285,33,Tamil Nadu,252294,37,Greater Chennai Corporation,பெருநகர சென்னை மாநகராட்சி,4,803339
3286,33,Tamil Nadu,252596,3,Gudalur,Gudalur,5,803784
3287,33,Tamil Nadu,252639,3,Gudalur,Gudalur,5,803971
3288,33,Tamil Nadu,252920,2,Gudalur-Cbe,கூடலூர்,5,803560
3289,33,Tamil Nadu,252351,3,Gudiyatham,Gudiyatham,5,803375
3290,33,Tamil Nadu,252262,1,Gummidipoondi,கும்மிடிப்பூண்டி,7,803314
3291,33,Tamil Nadu,252916,1,Hanumanthampatti,அனுமந்தன்பட்டி,7,803780
3292,33,Tamil Nadu,252413,5,Harur,அரூர்,5,803944
3293,33,Tamil Nadu,252921,1,Highways,ஹைவேவிஸ்,7,803785
3294,33,Tamil Nadu,252399,3,Hosur,Hosur,4,803951
3295,33,Tamil Nadu,252608,1,Huligal,உலிக்கல்,7,803571
3296,33,Tamil Nadu,252641,1,Idikarai,இடிகரை,7,803973
3297,33,Tamil Nadu,252999,2,Ilanji,இலஞ்சி,7,803848
3298,33,Tamil Nadu,252869,1,Ilayangudi,இளையான்குடி,7,803739
3299,33,Tamil Nadu,252843,1,Iluppur,இலுப்பூர்,7,803715
3300,33,Tamil Nadu,252629,1,Irugur,இருகூர்,7,803965
3301,33,Tamil Nadu,252602,1,Jagathala,ஜெகதளா,7,803566
3302,33,Tamil Nadu,252462,1,Jalakandapuram,ஜலகண்டாபுரம்,7,803450
3303,33,Tamil Nadu,252538,1,Jambai,ஜம்பை,7,803515
3304,33,Tamil Nadu,252765,1,Jayankondam,Jayankondam,5,803643
3305,33,Tamil Nadu,252397,2,Jolarpet,Jolarpet,5,803409
3306,33,Tamil Nadu,252964,1,Kadambur,கடம்பூர்,7,803816
3307,33,Tamil Nadu,252414,1,Kadathur,கடத்தூர்,7,803945
3308,33,Tamil Nadu,253032,1,Kadayal,கடையல்,7,803880
3309,33,Tamil Nadu,252463,2,Kadayampatti,காடையாம்பட்டி,7,803451
3310,33,Tamil Nadu,252994,2,Kadayanallur,Kadayanallur,5,803843
3311,33,Tamil Nadu,300593,4,Kalakadu,களக்காடு நகராட்சி,5,0
3312,33,Tamil Nadu,252428,1,Kalambur,களம்பூர்,7,803417
3313,33,Tamil Nadu,252516,2,Kalappanaickenpatti,காளப்பநாயக்கன்பட்டி,7,803495
3314,33,Tamil Nadu,252376,2,Kalavai,கலவை,7,803395
3315,33,Tamil Nadu,253036,1,Kaliyakkavilai,களியக்காவிளை,7,803884
3316,33,Tamil Nadu,252744,1,Kallakudi,கள்ளக்குடி,7,803626
3317,33,Tamil Nadu,252451,3,Kallakurichi,கள்ளக்குறிச்சி,5,803440
3318,33,Tamil Nadu,253017,4,Kallidaikurichi,கல்லிடைக்குறிச்சி,7,803867
3319,33,Tamil Nadu,253065,1,Kallukuttam,கல்லுக்கூட்டம்,7,803914
3320,33,Tamil Nadu,252961,2,Kalugumalai,கழுகுமலை,7,803815
3321,33,Tamil Nadu,252919,1,Kamayagoundanpatti,காமயகவுண்டன்பட்டி,7,803782
3322,33,Tamil Nadu,252412,1,Kambainallur,கம்பைநல்லூர்,7,803943
3323,33,Tamil Nadu,252955,1,Kamuthi,கமுதி,7,803808
3324,33,Tamil Nadu,252858,2,Kanadukathan,கானாடுகாத்தான்,7,803728
3325,33,Tamil Nadu,252982,1,Kanam,கானம்,7,803832
3326,33,Tamil Nadu,252336,6,Kancheepuram,Kancheepuram,4,803365
3327,33,Tamil Nadu,252861,1,Kandanur,கந்தனூர்,7,803731
3328,33,Tamil Nadu,290455,1,Kangeyam,காங்கேயம்,5,0
3329,33,Tamil Nadu,252682,1,Kaniyur,கணியூர்,7,804031
3330,33,Tamil Nadu,252553,2,Kanjikovil,காஞ்சிக்கோயில்,7,803530
3331,33,Tamil Nadu,252420,1,Kannamangalam,கண்ணமங்கலம்,7,803411
3332,33,Tamil Nadu,252634,1,Kannampalayam,கண்ணம்பாளயம்,7,803968
3333,33,Tamil Nadu,252475,1,Kannankurichi,கன்னங்குறிச்சி,7,803462
3334,33,Tamil Nadu,252589,5,Kannivadi,கன்னிவாடி,7,803590
3335,33,Tamil Nadu,252705,2,Kannivadi,கன்னிவாடி,7,804015
3336,33,Tamil Nadu,253091,2,Kanniyakumari,கன்னியாகுமரி,5,803939
3337,33,Tamil Nadu,253058,1,Kappiyarai,கப்பியறை,7,803909
3338,33,Tamil Nadu,252863,5,Karaikudi,Karaikudi,5,803733
3339,33,Tamil Nadu,252613,2,Karamadai,காரமடை,5,803962
3340,33,Tamil Nadu,252851,1,Karambakkudi,கரம்பக்குடி,7,803723
3341,33,Tamil Nadu,252945,1,Kariapatti,காரியப்பட்டி,7,803799
3342,33,Tamil Nadu,252408,3,Karimangalam,காரிமங்கலம்,7,803941
3343,33,Tamil Nadu,252554,1,Karumandi Chellipalayam,கருமாண்டிசெல்லிபாளையம்,7,803533
3344,33,Tamil Nadu,252628,2,Karumathampatti,கருமத்தம்பட்டி,5,803964
3345,33,Tamil Nadu,253046,1,Karungal,கருங்கல்,7,803894
3346,33,Tamil Nadu,252346,2,Karunguzhi,கருங்குழி,7,803371
3347,33,Tamil Nadu,252465,1,Karuppur,கருப்பூர்,7,803453
3348,33,Tamil Nadu,252725,6,Karur,Karur,4,803607
3349,33,Tamil Nadu,252546,1,Kasipalayam (G),காசிப்பாளையம்(கோபி),7,803522
3350,33,Tamil Nadu,252785,1,Kattumannarkoil,காட்டுமன்னார்கோயில்,7,803661
3351,33,Tamil Nadu,252735,1,Kattuputhur,காட்டுப்புத்தூர்,7,803616
3352,33,Tamil Nadu,252371,2,Kaveripakkam,காவேரிப்பாக்கம்,7,803390
3353,33,Tamil Nadu,252404,1,Kaveripattinam,காவேரிப்பட்டிணம்,7,803955
3354,33,Tamil Nadu,252980,1,Kayalpattinam,Kayalpattinam,5,803826
3355,33,Tamil Nadu,252965,1,Kayatharu,கயத்தாறு,7,803817
3356,33,Tamil Nadu,252958,1,Keelakarai,Keelakarai,5,803812
3357,33,Tamil Nadu,252853,1,Keeramangalam,கீரமங்கலம்,7,803722
3358,33,Tamil Nadu,252690,1,Keeranur,கீரனூர்,7,803717
3359,33,Tamil Nadu,252845,1,Keeranur,கீரனூர்,7,803574
3360,33,Tamil Nadu,252493,1,Keeripatti,கீரிப்பட்டி,7,803475
3361,33,Tamil Nadu,253044,5,Keezhkulam,கீழ்குளம்,7,803893
3362,33,Tamil Nadu,252405,1,Kelamangalam,கெலமங்கலம்,7,803956
3363,33,Tamil Nadu,252527,1,Kembainaickenpalayam,கெம்பைநாய்க்கன்பாளையம்,7,803506
3364,33,Tamil Nadu,252603,1,Kethi,கேத்தி,7,803568
3365,33,Tamil Nadu,252577,2,Kilambadi,கிளாம்பாடி,7,803548
3366,33,Tamil Nadu,253007,3,Kilapavoor,கீழப்பாவூர்,7,803856
3367,33,Tamil Nadu,252610,1,Kilkunda,கீழ்குந்தா,7,803573
3368,33,Tamil Nadu,252780,1,Killai,கிள்ளை,7,803656
3369,33,Tamil Nadu,253045,2,Killiyoor,கிள்ளியூர்,7,803892
3370,33,Tamil Nadu,252433,1,Kilpennathur,கீழ்பென்னாத்தூர்,7,803423
3371,33,Tamil Nadu,252799,3,Kilvelur,கீழ்வேலூர்,7,803675
3372,33,Tamil Nadu,252670,1,Kinathukadavu,கிணத்துக்கடவு,7,804000
3373,33,Tamil Nadu,252713,1,Kodaikanal,Kodaikanal,5,803595
3374,33,Tamil Nadu,252804,2,Kodavasal,குடவாசல்,7,803680
3375,33,Tamil Nadu,252583,1,Kodumudi,கொடுமுடி,7,803556
3376,33,Tamil Nadu,252549,1,Kolappalur,கொளப்பலூர்,7,803527
3377,33,Tamil Nadu,252591,1,Kolathupalayam,கொளத்துபாளையம்,7,804017
3378,33,Tamil Nadu,252455,1,Kolathur,கொளத்தூர்,7,803443
3379,33,Tamil Nadu,253042,4,Kollancode,கொல்லங்கோடு,5,803889
3380,33,Tamil Nadu,252580,1,Kollankoil,கொல்லன்கோயில்,7,803554
3381,33,Tamil Nadu,252687,1,Komaralingam,கொமரலிங்கம்,7,804033
3382,33,Tamil Nadu,252499,1,Komarapalayam,Komarapalayam,5,803482
3383,33,Tamil Nadu,252912,1,Kombai,கோம்பை,7,803776
3384,33,Tamil Nadu,252469,1,Konganapuram,கொங்கணாபுரம்,7,803457
3385,33,Tamil Nadu,252810,1,Koothanallur,Koothanallur,5,803686
3386,33,Tamil Nadu,252752,1,Koothappar,கூத்தப்பார்,7,803632
3387,33,Tamil Nadu,252805,1,Koradacheri,கொரடாச்சேரி,7,803681
3388,33,Tamil Nadu,252601,2,Kotagiri,கோத்தகிரி,5,803565
3389,33,Tamil Nadu,253053,2,Kothanallur,கோதைநல்லூர்,7,803903
3390,33,Tamil Nadu,252860,2,Kottaiyur,கோட்டையூர்,7,803730
3391,33,Tamil Nadu,252440,4,Kottakuppam,கோட்டக்குப்பம்,5,803429
3392,33,Tamil Nadu,253088,3,Kottaram,கொட்டாரம்,7,803934
3393,33,Tamil Nadu,252681,1,Kottur,கோட்டூர்,7,804009
3394,33,Tamil Nadu,252962,1,Kovilpatti,Kovilpatti,5,803814
3395,33,Tamil Nadu,252402,1,Krishnagiri,Krishnagiri,5,803954
3396,33,Tamil Nadu,252729,1,Krishnarayapuram,கிருஷ்ணராயபுரம்,7,803611
3397,33,Tamil Nadu,252909,1,Kuchanur,குச்சனூர்,7,803773
3398,33,Tamil Nadu,252544,3,Kugalur,கூகலூர்,7,803524
3399,33,Tamil Nadu,253050,2,Kulasekaram,குலசேகரம்,7,803898
3400,33,Tamil Nadu,252731,1,Kulithalai,Kulithalai,5,803613
3401,33,Tamil Nadu,253052,1,Kumarapuram,குமாரபுரம்,7,803902
3402,33,Tamil Nadu,252823,6,Kumbakonam,Kumbakonam,4,803697
3403,33,Tamil Nadu,252298,2,Kundrathur,குன்றத்தூர்,5,803341
3404,33,Tamil Nadu,252556,3,Kunnathur,குன்னத்தூர்,7,804020
3405,33,Tamil Nadu,252775,4,Kurinjipadi,குறிஞ்சிப்பாடி,7,803651
3406,33,Tamil Nadu,252761,1,Kurumbalur,குறும்பலூர்,7,803640
3407,33,Tamil Nadu,252795,2,Kuthalam,குத்தாலம்,7,803671
3408,33,Tamil Nadu,253038,1,Kuzhithurai,Kuzhithurai,5,803886
3409,33,Tamil Nadu,252763,1,Labbaikudikadu,லப்பைக்குடிகாடு,7,803641
3410,33,Tamil Nadu,252545,1,Lakkampatti,லக்கம்பட்டி,7,803521
3411,33,Tamil Nadu,252747,2,Lalgudi,லால்குடி,5,803629
3412,33,Tamil Nadu,252784,1,Lalpet,லால்பேட்டை,7,803660
3413,33,Tamil Nadu,252685,1,Madathukulam,மடத்துக்குளம்,7,804032
3414,33,Tamil Nadu,252665,2,Madukkarai,மதுக்கரை,5,803996
3415,33,Tamil Nadu,252838,2,Madukkur,மதுக்கூர்,7,803710
3416,33,Tamil Nadu,252889,4,Madurai,Madurai,4,803754
3417,33,Tamil Nadu,252347,7,Madurantakam,மதுராந்தகம்,5,803372
3418,33,Tamil Nadu,252946,1,Mallankinaru,மல்லாங்கிணறு,7,803800
3419,33,Tamil Nadu,252501,1,Mallasamudram,மல்லசமுத்திரம்,7,803481
3420,33,Tamil Nadu,252485,2,Mallur,மல்லூர்,7,803466
3421,33,Tamil Nadu,252344,3,Mamallapuram,மாமல்லபுரம்,5,803369
3422,33,Tamil Nadu,252931,1,Mamsapuram,மம்சாபுரம்,7,803795
3423,33,Tamil Nadu,252743,1,Manachanallur,மண்ணச்சநல்லூர்,7,803625
3424,33,Tamil Nadu,252793,3,Manalmedu,மணல்மேடு,7,803669
3425,33,Tamil Nadu,252444,3,Manalurpet,மணலூர்பேட்டை,7,803433
3426,33,Tamil Nadu,252868,2,Manamadurai,மானாமதுரை,5,803738
3427,33,Tamil Nadu,252757,1,Manapparai,Manapparai,5,803635
3428,33,Tamil Nadu,253069,1,Manavalakurichi,மணவாளக்குறிச்சி,7,803919
3429,33,Tamil Nadu,253070,1,Mandaikadu,மண்டைக்காடு,7,803918
3430,33,Tamil Nadu,252959,1,Mandapam,மண்டபம்,7,803811
3431,33,Tamil Nadu,252295,3,Mangadu,மாங்காடு,5,803340
3432,33,Tamil Nadu,252786,1,Mangalampet,மங்கலம்பேட்டை,7,803662
3433,33,Tamil Nadu,253023,5,Manimutharu,மணிமுத்தாறு,7,803868
3434,33,Tamil Nadu,252811,2,Mannargudi,Mannargudi,5,803687
3435,33,Tamil Nadu,252330,3,Maraimalainagar,Maraimalainagar,5,803362
3436,33,Tamil Nadu,252439,3,Marakkanam,மரக்காணம்,7,803428
3437,33,Tamil Nadu,252407,1,Marandahalli,மாரண்டஹள்ளி,7,803940
3438,33,Tamil Nadu,252910,1,Markayankottai,மார்க்கையன்கோட்டை,7,803774
3439,33,Tamil Nadu,252732,1,Marudur,மருதூர்,7,803614
3440,33,Tamil Nadu,253078,1,Marungur,மருங்கூர்,7,803925
3441,33,Tamil Nadu,252794,2,Mayiladuthurai,Mayiladuthurai,5,803670
3442,33,Tamil Nadu,252454,1,Mecheri,மேச்சேரி,7,803444
3443,33,Tamil Nadu,252898,1,Melachokkanathapuram,மேலச்சொக்கநாதபுரம்,7,803761
3444,33,Tamil Nadu,253000,2,Melagaram,மேலகரம்,7,803850
3445,33,Tamil Nadu,253021,5,Melaseval,மேலச்சேவல்,7,803870
3446,33,Tamil Nadu,252832,1,Melathiruppanthuruthi,மேலத்திருப்பந்துருத்தி,7,803705
3447,33,Tamil Nadu,252828,1,Melattur,மெலட்டூர்,7,803702
3448,33,Tamil Nadu,252768,1,Melpattampakkam,மேல்பட்டாம்பாக்கம்,7,803647
3449,33,Tamil Nadu,252871,1,Melur,Melur,5,803741
3450,33,Tamil Nadu,252366,2,Melvisharam,Melvisharam,5,803386
3451,33,Tamil Nadu,252612,1,Mettupalayam,Mettupalayam,5,803961
3452,33,Tamil Nadu,252736,1,Mettupalayam,மேட்டுப்பாளையம்,7,803618
3453,33,Tamil Nadu,252457,1,Mettur,Mettur,5,803446
3454,33,Tamil Nadu,252265,4,Minjur,மீஞ்சூர்,7,803317
3455,33,Tamil Nadu,252573,4,Modakkurichi,மொடக்குறிச்சி,7,803546
3456,33,Tamil Nadu,252521,1,Mohanur,மோகனூர்,7,803499
3457,33,Tamil Nadu,253024,4,Moolaikaraipatti,மூலைக்கரைப்பட்டி,7,803872
3458,33,Tamil Nadu,252627,1,Mopperipalayam,மோப்பேரிபாளையம்,7,803963
3459,33,Tamil Nadu,252953,1,Mudukulathur,முதுகுளத்தூர்,7,803806
3460,33,Tamil Nadu,253013,2,Mukkudal,முக்கூடல்,7,803862
3461,33,Tamil Nadu,253057,1,Mulagumudu,முளகுமூடு,7,803905
3462,33,Tamil Nadu,252590,1,Mulanur,மூலனூர்,7,804016
3463,33,Tamil Nadu,252738,2,Musiri,முசிறி,5,803620
3464,33,Tamil Nadu,252813,2,Muthupet,முத்துப்பேட்டை,7,803689
3465,33,Tamil Nadu,252585,2,Muthur,முத்தூர்,7,804011
3466,33,Tamil Nadu,253083,2,Mylaudy,மயிலாடி,7,803931
3467,33,Tamil Nadu,252599,1,Naduvattam,நடுவட்டம்,7,803563
3468,33,Tamil Nadu,299500,1,Nagapattinam,Nagapattinam,5,0
3469,33,Tamil Nadu,253079,6,Nagercoil,Nagercoil,4,803927
3470,33,Tamil Nadu,252410,1,Nagojanahalli,நாகோஜனஹள்ளி,7,803958
3471,33,Tamil Nadu,252555,1,Nallampatti,நல்லம்பட்டி,7,803531
3472,33,Tamil Nadu,260663,2,Nalloor,நல்லூர்,7,803888
3473,33,Tamil Nadu,252514,1,Namagiripettai,நாமகிரிப்பேட்டை,7,803490
3474,33,Tamil Nadu,252518,8,Namakkal,Namakkal,5,803497
3475,33,Tamil Nadu,252550,1,Nambiyur,நம்பியூர்,7,803528
3476,33,Tamil Nadu,252329,3,Nandivaram - Guduvancheri,நந்திரவரம்-கூடுவாஞ்சேரி,5,803361
3477,33,Tamil Nadu,252459,1,Nangavalli,நங்கவள்ளி,7,803448
3478,33,Tamil Nadu,252733,1,Nangavaram,நங்கவரம்,7,803615
3479,33,Tamil Nadu,253026,2,Nanguneri,நாங்குனேரி,7,803874
3480,33,Tamil Nadu,252807,1,Nannilam,நன்னிலம்,7,803683
3481,33,Tamil Nadu,253010,3,Naranammalpuram,நாரணம்மாள்புரம்,7,803859
3482,33,Tamil Nadu,260290,2,Narasimhanaickenpalayam,நரசிம்மநாய்க்கன்பாளையம்,7,803975
3483,33,Tamil Nadu,252363,1,Narasingapuram,Narasingapuram,5,803474
3484,33,Tamil Nadu,252283,3,Naravarikuppam,நாரவாரிக்குப்பம்,7,803335
3485,33,Tamil Nadu,252565,1,Nasiyanur,நசியனூர்,7,803540
3486,33,Tamil Nadu,252701,1,Natham,நத்தம்,7,803585
3487,33,Tamil Nadu,252396,2,Natrampalli,நாட்ராம்பள்ளி,7,803408
3488,33,Tamil Nadu,252865,2,Nattarasankottai,நாட்டரசன்கோட்டை,7,803735
3489,33,Tamil Nadu,252983,1,Nazerath,நாசரேத்,7,803830
3490,33,Tamil Nadu,252809,1,Needamangalam,நீடாமங்கலம்,7,803685
3491,33,Tamil Nadu,252693,1,Neikkarapatti,நெய்காரப்பட்டி,7,803575
3492,33,Tamil Nadu,252769,1,Nellikuppam,Nellikuppam,5,803648
3493,33,Tamil Nadu,252594,1,Nelliyalam,Nelliyalam,5,803558
3494,33,Tamil Nadu,252369,2,Nemili,நெமிலி,7,803389
3495,33,Tamil Nadu,252532,2,Nerinjipettai,நெருஞ்சிபேட்டை,7,803510
3496,33,Tamil Nadu,252855,2,Nerkuppai,நெற்குப்பை,7,803725
3497,33,Tamil Nadu,253066,2,Neyyoor,நெய்யூர்,7,803912
3498,33,Tamil Nadu,252715,1,Nilakkottai,நிலக்கோட்டை,7,803598
3499,33,Tamil Nadu,260291,1,No. 4 Veerapandi,வீரபாண்டி,7,803970
3500,33,Tamil Nadu,252914,1,Odaipatti,ஓடைப்பட்டி,7,803778
3501,33,Tamil Nadu,252679,1,Odaiyakulam,ஒடையகுளம்,7,804007
3502,33,Tamil Nadu,252695,2,Oddanchatram,Oddanchatram,5,803579
3503,33,Tamil Nadu,252389,3,Odugathur,ஒடுக்கத்தூர்,7,803403
3504,33,Tamil Nadu,252534,1,Olagadam,ஒலகடம்,7,803513
3505,33,Tamil Nadu,252464,1,Omalur,ஓமலூர்,7,803452
3506,33,Tamil Nadu,252837,2,Orathanadu,ஒரந்தநாடு,7,803709
3507,33,Tamil Nadu,252668,1,Othakalmandapam,ஒத்தக்கால்மண்டபம்,7,803998
3508,33,Tamil Nadu,252597,1,O Valley,ஓவேலி,7,803561
3509,33,Tamil Nadu,253037,1,Pacode,பாகோடு,7,803885
3510,33,Tamil Nadu,252500,1,Padaiveedu,படவீடு,7,803483
3511,33,Tamil Nadu,253061,1,Padmanabhapuram,Padmanabhapuram,5,803907
3512,33,Tamil Nadu,252409,1,Palakkodu,பாலக்கோடு,7,803942
3513,33,Tamil Nadu,252880,1,Palamedu,பாலமேடு,7,803746
3514,33,Tamil Nadu,252692,1,Palani,Palani,5,803576
3515,33,Tamil Nadu,252906,1,Palani Chettipatti,பழனிசெட்டிபட்டி,7,803770
3516,33,Tamil Nadu,260292,2,Palappallam,பாலப்பள்ளம்,7,803895
3517,33,Tamil Nadu,252696,1,Palayam,பாளையம்,7,803580
3518,33,Tamil Nadu,252636,1,Palladam,Palladam,5,804028
3519,33,Tamil Nadu,252552,1,Pallapalayam,பள்ளபாளையம்,7,803529
3520,33,Tamil Nadu,252633,2,Pallapalayam,பள்ளப்பாளையம்,7,803967
3521,33,Tamil Nadu,252720,2,Pallapatti,பள்ளப்பட்டி,5,803602
3522,33,Tamil Nadu,252859,2,Pallathur,பள்ளத்தூர்,7,803729
3523,33,Tamil Nadu,252377,6,Pallikonda,பள்ளிக்கொண்டா,7,803399
3524,33,Tamil Nadu,252506,1,Pallipalayam,Pallipalayam,5,803486
3525,33,Tamil Nadu,252270,2,Pallipattu,பள்ளிப்பட்டு,7,803320
3526,33,Tamil Nadu,253035,2,Palugal,பழுகல்,7,803883
3527,33,Tamil Nadu,253031,3,Panagudi,பணகுடி,7,803878
3528,33,Tamil Nadu,252481,1,Panaimarathupatti,பனமரத்துப்பட்டி,7,803465
3529,33,Tamil Nadu,252372,2,Panapakkam,பனப்பாக்கம்,7,803391
3530,33,Tamil Nadu,252525,1,Pandamangalam,பாண்டமங்கலம்,7,803504
3531,33,Tamil Nadu,252712,1,Pannaikadu,பண்ணைக்காடு,7,803594
3532,33,Tamil Nadu,252911,1,Pannaipuram,பண்ணைபுரம்,7,803775
3533,33,Tamil Nadu,253004,3,Panpoli,பன்பொழி,7,803853
3534,33,Tamil Nadu,252770,1,Panruti,Panruti,5,803649
3535,33,Tamil Nadu,252826,1,Papanasam,பாபநாசம்,7,803700
3536,33,Tamil Nadu,252484,1,Papparapatti,பாப்பாரப்பட்டி,7,803949
3537,33,Tamil Nadu,252416,1,Pappireddipatti,பாப்பிரெட்டிப்பட்டி,7,803947
3538,33,Tamil Nadu,252952,1,Paramakudi,Paramakudi,5,803805
3539,33,Tamil Nadu,252522,1,Paramathi,பரமத்தி,7,803500
3540,33,Tamil Nadu,252777,2,Parangipettai,பரங்கிப்பேட்டை,7,803653
3541,33,Tamil Nadu,252872,1,Paravai,பரவை,7,803743
3542,33,Tamil Nadu,252574,1,Pasur,பாசூர்,7,803547
3543,33,Tamil Nadu,253020,2,Pathamadai,பத்தமடை,7,803869
3544,33,Tamil Nadu,252511,2,Pattanam,பட்டணம்,7,803492
3545,33,Tamil Nadu,252717,1,Pattiveeranpatti,பட்டிவீரன்பட்டி,7,803599
3546,33,Tamil Nadu,252839,2,Pattukkottai,Pattukkottai,5,803711
3547,33,Tamil Nadu,252790,1,Pennadam,பெண்ணாடம்,7,803665
3548,33,Tamil Nadu,252419,1,Pennagaram,பென்னாகரம்,7,803950
3549,33,Tamil Nadu,252388,3,Pennathur,பென்னாத்தூர்,7,803402
3550,33,Tamil Nadu,252886,1,Peraiyur,பேரையூர்,7,803752
3551,33,Tamil Nadu,252806,1,Peralam,பேரளம்,7,803682
3552,33,Tamil Nadu,252762,1,Perambalur,Perambalur,5,803639
3553,33,Tamil Nadu,252425,1,Peranamallur,பெரணமல்லூர்,7,803414
3554,33,Tamil Nadu,252841,1,Peravurani,பேரவூரணி,7,803713
3555,33,Tamil Nadu,252541,2,Periyakodiveri,பெரியகொடிவேரி,7,803519
3556,33,Tamil Nadu,252902,1,Periyakulam,Periyakulam,5,803767
3557,33,Tamil Nadu,252638,1,Periyanaickenpalayam,பெரியநாய்க்கன்பாளையம்,7,803972
3558,33,Tamil Nadu,252671,1,Periya Negamam,பெரியநெகமம்,7,804001
3559,33,Tamil Nadu,252350,4,Pernambut,பேரணாம்பட்டு ,5,803376
3560,33,Tamil Nadu,252842,2,Perumagalur,பெருமகளூர்,7,803714
3561,33,Tamil Nadu,252558,2,Perundurai,பெருந்துறை,5,803534
3562,33,Tamil Nadu,252974,1,Perungulam,பெருங்குளம்,7,803823
3563,33,Tamil Nadu,252661,1,Perur,பேரூர்,7,803991
3564,33,Tamil Nadu,252551,1,Pethampalayam,பெத்தாம்பாளையம்,7,803532
3565,33,Tamil Nadu,252490,1,Pethanaickenpalayam,பெத்தநாயக்கன்பாளையம்,7,803471
3566,33,Tamil Nadu,252515,1,Pillanallur,பிள்ளாநல்லூர்,7,803494
3567,33,Tamil Nadu,252730,2,P.J. Cholapuram,பி.ஜே சோழபுரம்,7,803612
3568,33,Tamil Nadu,252543,1,P.Mettupalayam,பி மேட்டுப்பாளையம்,7,803525
3569,33,Tamil Nadu,252458,1,P.N.Patti,பி என் பட்டி,7,803447
3570,33,Tamil Nadu,252674,1,Pollachi,Pollachi,5,804002
3571,33,Tamil Nadu,252429,2,Polur,போளூர்,5,803418
3572,33,Tamil Nadu,253051,2,Ponmanai,பொன்மனை,7,803897
3573,33,Tamil Nadu,252849,1,Ponnamaravathi,பொன்னமராவதி,7,803720
3574,33,Tamil Nadu,252758,1,Ponnampatti,பொன்னம்பட்டி,7,803636
3575,33,Tamil Nadu,252264,5,Ponneri,பொன்னேரி,5,803315
3576,33,Tamil Nadu,252759,1,Poolambadi,பூலாம்பாடி,7,803637
3577,33,Tamil Nadu,252467,1,Poolampatti,பூலாம்பட்டி,7,803455
3578,33,Tamil Nadu,252659,1,Pooluvapatti,பூலுவப்பட்டி,7,803993
3579,33,Tamil Nadu,252278,1,Poonamallee,Poonamallee,5,803327
3580,33,Tamil Nadu,260293,1,Poovalur,பூவாளுர்,7,803628
3581,33,Tamil Nadu,252524,2,Pothanur,பொத்தனூர்,7,803502
3582,33,Tamil Nadu,252271,1,Pothatturpettai,பொதட்டூர்பேட்டை,7,803321
3583,33,Tamil Nadu,252848,4,Pudukkottai,Pudukkottai,5,803718
3584,33,Tamil Nadu,252431,1,Pudupalayam,புதுப்பாளையம்,7,803420
3585,33,Tamil Nadu,252917,2,Pudupatti,புதுப்பட்டி,7,803781
3586,33,Tamil Nadu,253005,2,Pudur (S),புதூர் (எஸ்),7,803854
3587,33,Tamil Nadu,252862,1,Puduvayal,புதுவயல்,7,803732
3588,33,Tamil Nadu,300381,4,Pugalur,புகலூர்,5,0
3589,33,Tamil Nadu,252990,3,Puliangudi,புளியங்குடி,5,803839
3590,33,Tamil Nadu,252726,1,Puliyur,புலியூர்,7,803608
3591,33,Tamil Nadu,252745,1,Pullampadi,புல்லம்பாடி,7,803627
3592,33,Tamil Nadu,252531,1,Punjaipuliampatti,Punjaipuliampatti,5,803509
3593,33,Tamil Nadu,252723,1,Punjai Thottakurichi,புஞ்சைதோட்டக்குறிச்சி,7,803605
3594,33,Tamil Nadu,253085,1,Puthalam,புத்தளம்,7,803936
3595,33,Tamil Nadu,253041,2,Puthukkadai,புதுக்கடை,7,803891
3596,33,Tamil Nadu,252923,1,Rajapalayam,Rajapalayam,5,803787
3597,33,Tamil Nadu,252957,1,Ramanathapuram,Ramanathapuram,5,803810
3598,33,Tamil Nadu,290447,1,Rameswaram,ராமேஸ்வரம்,5,0
3599,33,Tamil Nadu,252364,2,Ranipet,Ranipet,5,803385
3600,33,Tamil Nadu,252512,1,Rasipuram,Rasipuram,5,803493
3601,33,Tamil Nadu,252988,2,Rayagiri,ராயகிரி,7,803837
3602,33,Tamil Nadu,253067,1,Reethapuram,ரீத்தாபுரம்,7,803913
3603,33,Tamil Nadu,252510,1,R.Pudupatti,ஆர் புதுப்பட்டி,7,803489
3604,33,Tamil Nadu,252951,2,R.S.Mangalam,ஆர் எஸ் மங்கலம்,7,803804
3605,33,Tamil Nadu,252588,1,Rudravathi,ருத்ராவதி,7,804014
3606,33,Tamil Nadu,252540,1,Salangapalayam,சலங்கபாளையம்,7,803518
3607,33,Tamil Nadu,252474,2,Salem,Salem,4,803463
3608,33,Tamil Nadu,252630,1,Samalapuram,சாமளாபுரம்,7,804027
3609,33,Tamil Nadu,252677,1,Samathur,சமத்தூர்,7,804005
3610,33,Tamil Nadu,252995,2,Sambavar Vadagarai,சாம்பவார்வடகரை,7,803844
3611,33,Tamil Nadu,252686,1,Sankaramanallur,சங்கராமநல்லூர்,7,804034
3612,33,Tamil Nadu,252992,3,Sankarankovil,சங்கரன்கோவில்,5,803841
3613,33,Tamil Nadu,252448,3,Sankarapuram,சங்கராபுரம்,7,803437
3614,33,Tamil Nadu,252473,2,Sankari,சங்ககிரி,5,803461
3615,33,Tamil Nadu,253009,2,Sankarnagar,சங்கர்நகர்,7,803858
3616,33,Tamil Nadu,252642,1,Sarcarsamakulam,சர்க்கார்சாமகுளம்,7,803974
3617,33,Tamil Nadu,252986,1,Sathankulam,சாத்தான்குளம்,7,803835
3618,33,Tamil Nadu,252528,1,Sathyamangalam,Sathyamangalam,5,803505
3619,33,Tamil Nadu,252948,1,Sattur,Sattur,5,803802
3620,33,Tamil Nadu,252956,1,Sayalgudi,சாயல்குடி,7,803809
3621,33,Tamil Nadu,252973,1,Sayapuram,சாயர்புரம்,7,803822
3622,33,Tamil Nadu,252513,1,Seerapalli,சீராப்பள்ளி,7,803491
3623,33,Tamil Nadu,252924,1,Seithur,சேத்தூர்,7,803788
3624,33,Tamil Nadu,253006,3,Sengottai,செங்கோட்டை,5,803855
3625,33,Tamil Nadu,252517,1,Senthamangalam,சேந்தமங்கலம்,7,803496
3626,33,Tamil Nadu,252498,1,Sentharapatti,செந்தாரப்பட்டி,7,803480
3627,33,Tamil Nadu,252778,1,Sethiathoppu,சேத்தியாதோப்பு,7,803654
3628,33,Tamil Nadu,252716,1,Sevugampatti,சேவுகம்பட்டி,7,803596
3629,33,Tamil Nadu,252882,1,Sholavandan,சோழவந்தான்,7,803747
3630,33,Tamil Nadu,252360,3,Sholingur,சோளிங்கர்,5,803382
3631,33,Tamil Nadu,252598,1,Sholur,சோலூர்,7,803562
3632,33,Tamil Nadu,252856,2,Singampuneri,சிங்கம்புனரி,7,803726
3633,33,Tamil Nadu,252791,4,Sirkali,சீர்காழி,5,803667
3634,33,Tamil Nadu,252748,1,Sirugamani,சிறுகமணி,7,803630
3635,33,Tamil Nadu,252611,1,Sirumugai,சிறுமுகை,7,803960
3636,33,Tamil Nadu,252710,3,Sithayankottai,சித்தையன்கோட்டை,7,803591
3637,33,Tamil Nadu,252866,2,Sivagangai,Sivagangai,5,803736
3638,33,Tamil Nadu,252579,1,Sivagiri,சிவகிரி,7,803552
3639,33,Tamil Nadu,252987,2,Sivagiri,சிவகிரி,7,803836
3640,33,Tamil Nadu,252938,3,Sivakasi,Sivakasi,4,803797
3641,33,Tamil Nadu,252742,1,S. Kannanur,எஸ். கண்ணணூர்,7,803624
3642,33,Tamil Nadu,252928,1,S.Kodikulam,எஸ் கொடிக்குளம்,7,803790
3643,33,Tamil Nadu,252783,2,Srimushnam,ஸ்ரீமுஷ்ணம்,7,803659
3644,33,Tamil Nadu,252299,3,Sriperumbudur,திருப்பெரும்புதூர்,5,803342
3645,33,Tamil Nadu,252704,3,Sriramapuram,ஸ்ரீராமபுரம்,7,803586
3646,33,Tamil Nadu,252976,1,Srivaikuntam,ஸ்ரீவைகுண்டம்,7,803824
3647,33,Tamil Nadu,252932,1,Srivilliputhur,Srivilliputhur,5,803794
3648,33,Tamil Nadu,253082,2,Suchindrum,சுசீந்திரம்,7,803929
3649,33,Tamil Nadu,252676,1,Suleeswaranpatti,சூளேஸ்வரன்பட்டி,7,804004
3650,33,Tamil Nadu,252632,1,Sulur,சூலூர்,7,803966
3651,33,Tamil Nadu,252930,1,Sundarapandiam,சுந்தரபாண்டியம்,7,803793
3652,33,Tamil Nadu,252998,2,Sundarapandiapuram,சுந்தரபாண்டியபுரம்,7,803847
3653,33,Tamil Nadu,252993,3,Surandai,சுரண்டை,5,803842
3654,33,Tamil Nadu,252822,1,Swamimalai,சுவாமிமலை,7,803698
3655,33,Tamil Nadu,252319,16,Tambaram,Tambaram,4,803345
3656,33,Tamil Nadu,252997,2,Tenkasi,Tenkasi,5,803846
3657,33,Tamil Nadu,252703,2,Thadikombu,தாடிக்கொம்பு,7,803588
3658,33,Tamil Nadu,252370,2,Thakkolam,தக்கோலம்,7,803388
3659,33,Tamil Nadu,252801,4,Thalainayar,தலைஞாயிறு,7,803677
3660,33,Tamil Nadu,252901,1,Thamaraikulam,தாமரைக்குளம்,7,803766
3661,33,Tamil Nadu,252497,1,Thammampatti,தம்மம்பட்டி,7,803479
3662,33,Tamil Nadu,252833,3,Thanjavur,Thanjavur,4,803707
3663,33,Tamil Nadu,252466,2,Tharamangalam,தாரமங்கலம்,5,803454
3664,33,Tamil Nadu,252796,3,Tharangambadi,தரங்கம்பாடி,7,803672
3665,33,Tamil Nadu,252737,1,Thathaiyangarpet,தாத்தையங்கார்பேட்டை,7,803619
3666,33,Tamil Nadu,253075,2,Thazhakudy,தாழக்குடி,7,803924
3667,33,Tamil Nadu,252495,1,Thedavur,தெடாவூர்,7,803477
3668,33,Tamil Nadu,252905,4,Theni-Allinagaram,தேனி அல்லிநகரம்,5,803769
3669,33,Tamil Nadu,252660,3,Thenkarai,தென்கரை,7,803992
3670,33,Tamil Nadu,252903,1,Thenkarai,தென்கரை,7,803768
3671,33,Tamil Nadu,253087,1,Thenthamaraikulam,தென்தாமரைக்குளம்,7,803938
3672,33,Tamil Nadu,252978,4,Thenthiruperai,தென்திருப்பேரை,7,803828
3673,33,Tamil Nadu,253077,2,Therur,தேரூர்,7,803926
3674,33,Tamil Nadu,252908,1,Thevaram,தேவாரம்,7,803772
3675,33,Tamil Nadu,252472,1,Thevur,தேவூர்,7,803460
3676,33,Tamil Nadu,252450,2,Thiagadurgam,தியாகதுருகம்,7,803439
3677,33,Tamil Nadu,253071,1,Thingalnagar,திங்கள்நகர்,7,803915
3678,33,Tamil Nadu,253048,2,Thirparappu,திற்பரப்பு,7,803896
3679,33,Tamil Nadu,253027,3,Thirukarungudi,திருக்கரன்குடி,7,803876
3680,33,Tamil Nadu,252831,1,Thirukkattupalli,திருக்காட்டுப்பள்ளி,7,803706
3681,33,Tamil Nadu,252667,1,Thirumalayampalayam,திருமலையாம்பாளையம்,7,803999
3682,33,Tamil Nadu,252279,1,Thirumazhisai,திருமழிசை,7,803326
3683,33,Tamil Nadu,252616,2,Thirumuruganpoondi,திருமுருகன்பூண்டி,5,804022
3684,33,Tamil Nadu,252824,2,Thirunageswaram,திருநாகேஸ்வரம்,7,803696
3685,33,Tamil Nadu,252275,3,Thirunindravur,திருநின்றவூர்,5,803324
3686,33,Tamil Nadu,252398,2,Thirupathur,Thirupathur,5,803410
3687,33,Tamil Nadu,252332,2,Thiruporur,திருப்போரூர்,7,803363
3688,33,Tamil Nadu,252814,1,Thiruppanandal,திருப்பனந்தாள்,7,803690
3689,33,Tamil Nadu,252816,1,Thirupuvanam,திருபுவனம்,7,803737
3690,33,Tamil Nadu,252867,1,Thirupuvanam,திருபுவனம்,7,803693
3691,33,Tamil Nadu,252812,2,Thiruthuraipoondi,Thiruthuraipoondi,5,803688
3692,33,Tamil Nadu,252830,2,Thiruvaiyaru,திருவையாறு,5,803704
3693,33,Tamil Nadu,252359,3,Thiruvalam,திருவலம்,7,803377
3694,33,Tamil Nadu,252434,4,Thiruvannamalai,Thiruvannamalai,5,803422
3695,33,Tamil Nadu,252424,2,Thiruvathipuram,Thiruvathipuram,5,803413
3696,33,Tamil Nadu,253049,2,Thiruvattar,திருவட்டாறு,7,803899
3697,33,Tamil Nadu,252991,4,Thiruvengadam,திருவேங்கடம்,7,803840
3698,33,Tamil Nadu,252447,2,Thiruvennainallur,திருவெண்ணைநல்லூர்,7,803436
3699,33,Tamil Nadu,252277,2,Thiruverkadu,திருவேற்காடு,5,803325
3700,33,Tamil Nadu,252817,2,Thiruvidaimarudur,திருவிடைமருதூர்,7,803694
3701,33,Tamil Nadu,253059,2,Thiruvithancode,திருவிதாங்கோடு,7,803908
3702,33,Tamil Nadu,253030,2,Thisayanvilai,திசையன்விளை,7,803879
3703,33,Tamil Nadu,252797,4,Thittachery,திட்டச்சேரி,7,803673
3704,33,Tamil Nadu,252657,1,Thondamuthur,தொண்டமுத்தூர்,7,803985
3705,33,Tamil Nadu,252950,1,Thondi,தொண்டி,7,803803
3706,33,Tamil Nadu,252970,2,Thoothukudi,Thoothukudi,4,803821
3707,33,Tamil Nadu,252771,1,Thorapadi,தொரப்பாடி,7,803646
3708,33,Tamil Nadu,252734,1,Thottiyam,தொட்டியம்,7,803617
3709,33,Tamil Nadu,252741,1,Thuraiyur,Thuraiyur,5,803623
3710,33,Tamil Nadu,252754,1,Thuvakudi,Thuvakudi,5,803634
3711,33,Tamil Nadu,252375,2,Timiri,திமிரி,7,803394
3712,33,Tamil Nadu,252438,2,Tindivanam,Tindivanam,5,803427
3713,33,Tamil Nadu,252984,2,Tiruchendur,திருச்செந்தூர்,5,803833
3714,33,Tamil Nadu,252502,1,Tiruchengode,Tiruchengode,5,803484
3715,33,Tamil Nadu,252749,2,Tiruchirappalli,Tiruchirappalli,4,803631
3716,33,Tamil Nadu,252343,2,Tirukalukundram,திருக்கழுக்குன்றம்,7,803370
3717,33,Tamil Nadu,252446,4,Tirukkoyilur,திருக்கோயிலூர்,5,803435
3718,33,Tamil Nadu,252888,2,Tirumangalam,திருமங்கலம்,5,803753
3719,33,Tamil Nadu,253011,4,Tirunelveli,Tirunelveli,4,803860
3720,33,Tamil Nadu,252857,2,Tirupathur,திருப்பத்தூர்,7,803727
3721,33,Tamil Nadu,252621,5,Tiruppur,Tiruppur,4,804026
3722,33,Tamil Nadu,252269,2,Tiruttani,Tiruttani,5,803319
3723,33,Tamil Nadu,252273,2,Tiruvallur,Tiruvallur,5,803322
3724,33,Tamil Nadu,252808,2,Tiruvarur,Tiruvarur,5,803684
3725,33,Tamil Nadu,252789,3,Tittakudi,திட்டக்குடி,5,803666
3726,33,Tamil Nadu,252887,1,T.Kallupatti,தே.கல்லுப்பட்டி,7,803751
3727,33,Tamil Nadu,252985,1,Udangudi,உடன்குடி,7,803834
3728,33,Tamil Nadu,252766,1,Udayarpalayam,உடையார்பாளையம்,7,803644
3729,33,Tamil Nadu,252600,1,Udhagamandalam,Udhagamandalam,5,803564
3730,33,Tamil Nadu,252683,3,Udumalpet,உடுமலைப்பேட்டை,5,804029
3731,33,Tamil Nadu,252453,3,Ulundurpettai,உளுந்தூர்பேட்டை,5,803442
3732,33,Tamil Nadu,252581,1,Unjalur,ஊஞ்சலூர்,7,803553
3733,33,Tamil Nadu,253039,1,Unnamalaikadai,உண்ணாமலைக்கடை,7,803887
3734,33,Tamil Nadu,252727,1,Uppidamangalam,உப்பிடாமங்கலம்,7,803610
3735,33,Tamil Nadu,252739,1,Uppiliapuram,உப்பிலியாபுரம்,7,803621
3736,33,Tamil Nadu,252884,5,Usilampatti,Usilampatti,5,803749
3737,33,Tamil Nadu,252915,1,Uthamapalayam,உத்தமபாளையம்,7,803779
3738,33,Tamil Nadu,252411,1,Uthangarai,ஊத்தங்கரை,7,803959
3739,33,Tamil Nadu,252392,2,Uthayendram,உதயேந்திரம்,7,803407
3740,33,Tamil Nadu,252342,3,Uthiramerur,உத்திரமேரூர்,7,803368
3741,33,Tamil Nadu,252268,1,Uthukkottai,ஊத்துக்கோட்டை,7,803318
3742,33,Tamil Nadu,252560,3,Uthukuli,ஊத்துக்குளி,7,804023
3743,33,Tamil Nadu,253003,2,Vadakarai Keezhpadugai,வடகரை கீழ்பிடாகை,7,803852
3744,33,Tamil Nadu,252449,2,Vadakkanandal,வடக்கநந்தல்,7,803438
3745,33,Tamil Nadu,253029,2,Vadakkuvalliyur,வடக்குவள்ளியூர்,7,803877
3746,33,Tamil Nadu,252776,2,Vadalur,வடலூர்,5,803652
3747,33,Tamil Nadu,252700,1,Vadamadurai,வடமதுரை,7,803584
3748,33,Tamil Nadu,252881,1,Vadipatti,வாடிப்பட்டி,7,803745
3749,33,Tamil Nadu,252576,1,Vadugapatti,வடுகப்பட்டி,7,803550
3750,33,Tamil Nadu,252904,1,Vadugapatti,வடுகப்பட்டி,7,803765
3751,33,Tamil Nadu,252792,3,Vaitheeswarankoil,வைத்தீஸ்வரன்கோயில்,7,803668
3752,33,Tamil Nadu,252803,1,Valangaiman,வலங்கைமான்,7,803679
3753,33,Tamil Nadu,252443,3,Valavanur,வளவனூர்,7,803432
3754,33,Tamil Nadu,252836,1,Vallam,வல்லம்,7,803708
3755,33,Tamil Nadu,252689,1,Valparai,Valparai,5,804010
3756,33,Tamil Nadu,253056,1,Valvaithankoshtam,வாள்வச்சகோஸ்டம்,7,803904
3757,33,Tamil Nadu,252460,1,Vanavasi,வனவாசி,7,803449
3758,33,Tamil Nadu,252426,1,Vandavasi,Vandavasi,5,803415
3759,33,Tamil Nadu,252542,1,Vaniputhur,வாணிபுத்தூர்,7,803520
3760,33,Tamil Nadu,252394,2,Vaniyambadi,Vaniyambadi,5,803404
3761,33,Tamil Nadu,252764,1,Varadarajanpettai,வரதராஜன்பேட்டை,7,803642
3762,33,Tamil Nadu,252989,2,Vasudevanallur,வாசுதேவநல்லூர்,7,803838
3763,33,Tamil Nadu,252488,1,Vazhapadi,வாழப்பாடி,7,803469
3764,33,Tamil Nadu,252655,1,Vedapatti,வேடப்பட்டி,7,803987
3765,33,Tamil Nadu,252802,4,Vedaranyam,Vedaranyam,5,803678
3766,33,Tamil Nadu,252697,1,Vedasandur,வேடசந்தூர்,7,803581
3767,33,Tamil Nadu,252494,2,Veeraganur,வீரகனூர்,7,803476
3768,33,Tamil Nadu,252456,1,Veerakkalpudur,வீரக்கல்புதூர்,7,803445
3769,33,Tamil Nadu,252626,2,Veerapandi,வீரபாண்டி,7,803771
3770,33,Tamil Nadu,253018,3,Veeravanallur,வீரகனூர்,7,803866
3771,33,Tamil Nadu,252800,3,Velankanni,வேளாங்கண்ணி,7,803676
3772,33,Tamil Nadu,252587,1,Vellakoil,Vellakoil,5,804013
3773,33,Tamil Nadu,252664,2,Vellalur,வெள்ளலூர்,7,803988
3774,33,Tamil Nadu,253072,1,Vellimalai,வெள்ளிமலை,7,803920
3775,33,Tamil Nadu,252381,12,Vellore,Vellore,4,803398
3776,33,Tamil Nadu,252578,1,Vellottamparappu,வெள்ளோட்டம்பரப்பு,7,803549
3777,33,Tamil Nadu,252523,2,Velur,வேலூர்,7,803501
3778,33,Tamil Nadu,252582,2,Vengambur,வெங்கம்பூர்,7,803555
3779,33,Tamil Nadu,252526,1,Venkarai,வெங்கரை,7,803503
3780,33,Tamil Nadu,252508,1,Vennanthur,வெண்ணந்தூர்,7,803487
3781,33,Tamil Nadu,252815,1,Veppathur,வேப்பத்தூர்,7,803692
3782,33,Tamil Nadu,253054,1,Verkilambi,வேர்கிளம்பி,7,803901
3783,33,Tamil Nadu,252680,1,Vettaikaranpudur,வேட்டைக்காரன்புதூர்,7,804008
3784,33,Tamil Nadu,252435,1,Vettavalam,வேட்டவலம்,7,803424
3785,33,Tamil Nadu,253015,3,Vikramasingapuram,Vikramasingapuram,5,803863
3786,33,Tamil Nadu,252441,3,Vikravandi,விக்ரவாண்டி,7,803430
3787,33,Tamil Nadu,252374,2,Vilapakkam,விளாப்பாக்கம்,7,803393
3788,33,Tamil Nadu,252968,1,Vilathikulam,விளாத்திக்குளம்,7,803820
3789,33,Tamil Nadu,253060,1,Vilavur,விளாவூர்,7,803906
3790,33,Tamil Nadu,253062,1,Villukuri,வில்லுக்குரி,7,803911
3791,33,Tamil Nadu,252442,6,Villupuram,Villupuram,5,803431
3792,33,Tamil Nadu,252787,1,Virudhachalam,Virudhachalam,5,803664
3793,33,Tamil Nadu,252943,1,Virudhunagar,Virudhunagar,5,803798
3794,33,Tamil Nadu,252967,3,V. Pudur,வி. புதூர்,7,803819
3795,33,Tamil Nadu,252341,3,Walajabad,வாலாஜாபாத்,7,803367
3796,33,Tamil Nadu,252365,3,Walajapet,வாலாஜாபேட்டை,5,803384
3797,33,Tamil Nadu,260677,1,Watrap,வத்திராயிருப்பு,7,803791
3798,33,Tamil Nadu,260678,1,W.Pudhupatti,வ. புதுப்பட்டி,7,803792
3799,33,Tamil Nadu,252673,1,Zamin Uthukuli,ஜமீன் ஊத்துக்குளி,7,804003
3800,36,Telangana,263214,3,Achampet,అచ్చంపేట్,5,0
3801,36,Telangana,290099,1,Adibatla,ఆదిభట్ల,5,0
3802,36,Telangana,248083,4,Adilabad,ఆదిలాబాద్,5,802896
3803,36,Telangana,290144,1,Alair,ఆలేర్,5,0
3804,36,Telangana,290062,1,Alampur,అలంపూర్,5,0
3805,36,Telangana,302811,1,Aliyadbad,,5,0
3806,36,Telangana,290104,1,Amangal,అమంగల్,5,0
3807,36,Telangana,290142,1,Amarchinta,అమరచింత,5,0
3808,36,Telangana,290153,3,Ameenpur,అమీన్ పూర్ ,5,0
3809,36,Telangana,260558,4,Andole Jogipet,అందోల్ జోగిపేట్,5,0
3810,36,Telangana,248090,4,Armoor,ఆర్మూర్,5,802903
3811,36,Telangana,301596,1,Asifabad,,5,0
3812,36,Telangana,302289,1,Aswaraopeta,,5,0
3813,36,Telangana,290140,1,Atmakur,ఆత్మకూర్,5,0
3814,36,Telangana,257865,6,Badangpet,బడంగ్ పేట్,4,0
3815,36,Telangana,290098,3,Bandlaguda Jagir,బండ్లగూడ జాగైర్,4,0
3816,36,Telangana,290201,1,Banswada,బాన్సు వాడ ,5,0
3817,36,Telangana,248084,3,Bellampalli,బెల్లంపల్లి,5,802900
3818,36,Telangana,248085,3,Bhainsa,భైంసా,5,802898
3819,36,Telangana,290093,1,Bheemgal,భీంగల్,5,0
3820,36,Telangana,251682,4,Bhongir,భువనగిరి,5,802926
3821,36,Telangana,290073,2,Bhootpur,భూత్ పూర్ ,5,0
3822,36,Telangana,253291,6,Bhupalpalle,భూపాలపల్లి,5,0
3823,36,Telangana,302728,1,Bichkunda,,5,0
3824,36,Telangana,248092,4,Bodhan,భోధన్,5,802905
3825,36,Telangana,290151,1,Bollaram,బొల్లారం,5,0
3826,36,Telangana,290091,1,Chandur,చందూర్,5,0
3827,36,Telangana,290075,1,Chennur,చెన్నూర్,5,0
3828,36,Telangana,290132,1,Cherial,చెరియాల్,5,0
3829,36,Telangana,302290,2,Chevella,,5,0
3830,36,Telangana,290089,1,Chityal, చిత్యల్,5,0
3831,36,Telangana,290063,1,Choppandandi,చొప్పదండి,5,0
3832,36,Telangana,290143,1,Choutuppal,చౌటుప్పల్,5,0
3833,36,Telangana,305330,1,Cyberabad Municipal Corporation,Cyberabad Municipal Corporation,4,0
3834,36,Telangana,290081,3,Dammaiguda,దమ్మాయిగూడ,5,0
3835,36,Telangana,302291,1,Devarakadara,,5,0
3836,36,Telangana,251686,4,Devarakonda,దేవరకొండ,5,0
3837,36,Telangana,290061,1,Dharmapuri,ధర్మపురి,5,0
3838,36,Telangana,290069,1,Dornakal,డోర్నకల్,5,0
3839,36,Telangana,260709,4,Dubbak,దుబ్బాక,5,0
3840,36,Telangana,290154,2,Dundigal,దుండిగల్,5,0
3841,36,Telangana,302293,1,Edulapuram,,5,0
3842,36,Telangana,302294,1,Gaddapotharam,,5,0
3843,36,Telangana,248103,5,Gadwal,గద్వాల్,5,802925
3844,36,Telangana,254930,5,Gajwel,గజ్వెల్,5,0
3845,36,Telangana,290084,2,Ghatkesar,ఘట్కేసర్,5,0
3846,36,Telangana,302324,1,Gummadidala,,5,0
3847,36,Telangana,290085,2,Gundlapochampally,గుండ్లపోచంపల్లి,5,0
3848,36,Telangana,290090,1,Haliya,హాలియా,5,0
3849,36,Telangana,253267,5,Husnabad,హుస్నాబాద్,5,0
3850,36,Telangana,253265,5,Huzurabad,హుజురాబాద్,5,0
3851,36,Telangana,253257,5,Huzurnagar,హుజుర్ నగర్,5,0
3852,36,Telangana,251664,10,Hyderabad,హైదరాబాద్,4,802918
3853,36,Telangana,258044,4,Ibrahimpatnam,ఇబ్రహీంపట్నం,5,0
3854,36,Telangana,257993,6,Ieeja,ఐఈజ,5,0
3855,36,Telangana,302732,1,Indresham ,,5,0
3856,36,Telangana,302304,2,Isnapur,,5,0
3857,36,Telangana,263216,6,Jadcherla,జడ్చర్ల,5,0
3858,36,Telangana,251651,4,Jagtial,జగిత్యాల్,5,802908
3859,36,Telangana,276409,3,Jalapally,జాలపల్లి,5,0
3860,36,Telangana,253266,6,Jammikunta,జమ్మికుంట,5,0
3861,36,Telangana,251690,3,Jangaon,జనగాం ,5,802931
3862,36,Telangana,302736,1,Jinnaram,,5,0
3863,36,Telangana,248086,3,Kagaz Nagar,కాగజ్ నగర్ ,5,802897
3864,36,Telangana,302727,1,Kalluru,,5,0
3865,36,Telangana,258029,5,Kalwakurthy,కల్వకుర్తి,5,0
3866,36,Telangana,248093,4,Kamareddy,కామారెడ్డి,5,802906
3867,36,Telangana,251653,9,Karimnagar,కరీంనగర్,4,802911
3868,36,Telangana,302303,1,Kesamudram,,5,0
3869,36,Telangana,248105,6,Khammam,ఖమ్మం,4,802937
3870,36,Telangana,290092,1,Khanapur,ఖానాపూర్,5,0
3871,36,Telangana,253255,4,Kodad,కోదాడ,5,0
3872,36,Telangana,290136,1,Kodangal,కొడంగల్,5,0
3873,36,Telangana,302302,1,Kohir,,5,0
3874,36,Telangana,257989,5,Kollapur,కొల్లాపూర్,5,0
3875,36,Telangana,290088,1,Kompally,కొంపల్లి,5,0
3876,36,Telangana,251652,5,Korutla,కోరుట్ల,5,802909
3877,36,Telangana,290074,1,Kosgi,కోసిగి,5,0
3878,36,Telangana,248109,5,Kothagudem,కొత్తగూడెం,5,802934
3879,36,Telangana,290138,1,Kothakota,కొత్తకోట,5,0
3880,36,Telangana,290064,1,Kothapally,కొత్తపల్లి,5,0
3881,36,Telangana,297017,2,Kothur,కొత్తూరు,5,0
3882,36,Telangana,290076,1,Kyathanpally,క్యాథనపల్లి,5,0
3883,36,Telangana,290077,1,Luxettipet,లక్షెట్టిపేట్,5,0
3884,36,Telangana,302301,2,Maddur,,5,0
3885,36,Telangana,257876,6,Madhira,మధిర,5,0
3886,36,Telangana,257971,4,Mahabubabad,మహబూబాబాద్,5,0
3887,36,Telangana,248101,7,Mahabubnagar,మహబూబ్ నగర్,5,802922
3888,36,Telangana,290072,1,Makthal,మక్తల్,5,0
3889,36,Telangana,305331,1,Malkajgiri Municipal Corporation,Malkajgiri Municipal corporation,4,0
3890,36,Telangana,248087,4,Mancherial,మంచిరియాల్,5,802902
3891,36,Telangana,248088,3,Mandamarri,మందమర్రి,5,802901
3892,36,Telangana,290096,1,Manikonda,మణికొండ,5,0
3893,36,Telangana,290094,1,Manthani,మంథని,5,0
3894,36,Telangana,248107,3,Manugur,మణుగూరు,5,802932
3895,36,Telangana,290070,1,Maripeda,మరిపెడ,5,0
3896,36,Telangana,248095,4,Medak,మెదక్,5,802913
3897,36,Telangana,263222,6,Medchal,మేడ్చల్,5,0
3898,36,Telangana,276410,5,Meerpet,మీర్ పేట్,4,0
3899,36,Telangana,253104,7,Metpalli,మెట్ పల్లి,5,802910
3900,36,Telangana,251689,2,Miryalaguda,మిర్యాలగూడ,5,802929
3901,36,Telangana,302299,2,Moinabad,,5,0
3902,36,Telangana,290141,1,Mothkur,మోత్కూర్,5,0
3903,36,Telangana,302710,2,Muduchinthalapally,,5,0
3904,36,Telangana,302731,1,Mulugu,,5,0
3905,36,Telangana,290082,4,Nagaram,నాగారం,5,0
3906,36,Telangana,251680,5,Nagarkurnool,నాగర్ కర్నూల్,5,0
3907,36,Telangana,297095,1,Nakrekal,నకిరేకల్,5,0
3908,36,Telangana,251685,5,Nalgonda,నల్గొండ,5,802928
3909,36,Telangana,294879,1,Nandikonda,నందికొండ,5,0
3910,36,Telangana,290131,1,Narayankhed,నారాయణఖేడ్,5,0
3911,36,Telangana,248102,3,Narayanpet,నారాయణపేట,5,802923
3912,36,Telangana,253275,7,Narsampet,నర్సంపేట్,5,0
3913,36,Telangana,290080,1,Narsapur,నర్సాపూర్,5,0
3914,36,Telangana,290097,4,Narsingi,నార్సింగి,5,0
3915,36,Telangana,290147,1,Naspur,నస్పూర్,5,0
3916,36,Telangana,290133,1,Nereducharla,నేరేడుచర్ల,5,0
3917,36,Telangana,248089,4,Nirmal,నిర్మల్,5,802899
3918,36,Telangana,248091,5,Nizamabad,నిజామాబాద్,4,802904
3919,36,Telangana,248110,3,Palwancha,పాల్వంచ,5,802933
3920,36,Telangana,290135,2,Parigi,పర్గి,5,0
3921,36,Telangana,257970,6,Parkal,పర్కల్,5,0
3922,36,Telangana,290139,1,Pebbair,పెబ్బైర్,5,0
3923,36,Telangana,257864,6,Pedda Amberpet,పెద్ద అంబర్ పేట్,5,0
3924,36,Telangana,253268,6,Peddapalli,పెద్దపల్లి,5,0
3925,36,Telangana,290145,1,Pochamapally,పోచంపల్లి,5,0
3926,36,Telangana,290083,2,Pocharam,పొచారమ్,5,0
3927,36,Telangana,289549,1,Raikal,రాయికల్,5,0
3928,36,Telangana,251648,7,Ramagundam,రామగుండం,4,802907
3929,36,Telangana,290078,1,Ramayampet,రామాయంపేట్,5,0
3930,36,Telangana,248098,4,Sadasivpet,సదాశివపేట,5,802916
3931,36,Telangana,248094,4,Sangareddy,సంగారెడ్డి,5,802917
3932,36,Telangana,248108,4,Sathupally,సత్తుపల్లి,5,802936
3933,36,Telangana,254925,5,Shadnagar,షాద్ నగర్,5,0
3934,36,Telangana,290149,3,Shamshabad,శంషాబాద్,5,0
3935,36,Telangana,290100,1,Shankarpally,శంకరపల్లి,5,0
3936,36,Telangana,248096,4,Siddipet,సిద్దిపేట్,5,802914
3937,36,Telangana,251654,4,Sircilla,సిరిసిల్ల,5,802912
3938,36,Telangana,302292,1,Station Ghanpur,,5,0
3939,36,Telangana,290095,1,Sulthanabad,సుల్తానాబాద్,5,0
3940,36,Telangana,251684,5,Suryapet,సూర్యాపేట్,5,802927
3941,36,Telangana,248099,3,Tandur,తాండూర్,5,802921
3942,36,Telangana,290152,2,Tellapur,తెల్లాపూర్,5,0
3943,36,Telangana,290134,2,Thirumalagiri,తిరుమలగిరి,5,0
3944,36,Telangana,290071,1,Thorrur,తొర్రూర్,5,0
3945,36,Telangana,290102,2,Thukkuguda,తుక్కుగూడ,5,0
3946,36,Telangana,290086,2,Thumkunta,తూముకుంట,5,0
3947,36,Telangana,290079,1,Toopran,తూప్రాన్,5,0
3948,36,Telangana,290150,2,Turkayamjal,తుర్కయంజాల్,5,0
3949,36,Telangana,253269,6,Vemulawada,వేములవాడ,5,0
3950,36,Telangana,248100,4,Vikarabad,వికారాబాద్,5,802920
3951,36,Telangana,290060,1,Waddepalle,వడ్డెపల్లి,5,0
3952,36,Telangana,248104,4,Wanaparthy,వనపర్తి,5,802924
3953,36,Telangana,251691,13,Warangal,వరంగల్,4,802930
3954,36,Telangana,290137,1,Wardhannapet,వర్దన్నపేట్,5,0
3955,36,Telangana,290068,2,Wyra,వైర,5,0
3956,36,Telangana,290146,1,Yadagirigutta,యాదగిరిగుట్ట,5,0
3957,36,Telangana,248106,3,Yellandu,ఎల్లందు,5,802935
3958,36,Telangana,302809,1,Yellapet,,5,0
3959,36,Telangana,290067,1,Yellareddy,ఎల్లారెడ్డి,5,0
3960,36,Telangana,248097,4,Zaheerabad,జహీరాబాద్,5,802915
3961,38,The Dadra And Nagar Haveli And Daman And Diu,251272,2,Daman,Daman,5,802638
3962,38,The Dadra And Nagar Haveli And Daman And Diu,251271,2,Diu,Diu,5,802637
3963,38,The Dadra And Nagar Haveli And Daman And Diu,251273,3,Silvassa,Silvassa,5,802639
3964,16,Tripura,249785,17,Agartala Municipal Corporation,আগরতলা মিউনিসিপাল কর্পোরেশন,4,801522
3965,16,Tripura,249797,3,Amarpur Nagar Panchayat,অমরপুর নগর পঞ্চায়েত,7,801527
3966,16,Tripura,249802,4,Ambassa Municipal Council,আমবাসা মিউনিসিপাল কাউন্সিল,5,801532
3967,16,Tripura,249794,2,Badharghat,Badharghat,7,0
3968,16,Tripura,249798,4,Belonia Municipal Council,বিলোনিয়া মিউনিসিপাল কাউন্সিল,5,801529
3969,16,Tripura,261690,2,Bishalgarh Municipal Council,বিশালগড় মিউনিসিপাল কাউন্সিল,5,0
3970,16,Tripura,249803,5,Dharmanagar Municipal Council,ধর্মনগর মিউনিসিপাল কাউন্সিল,5,801534
3971,16,Tripura,249789,2,Gandhigram,Gandhigram,7,0
3972,16,Tripura,249791,2,Indranagar,Indranagar,7,0
3973,16,Tripura,261687,3,Jirania Nagar Panchayat,জিরানিয়া নগর পঞ্চায়েত,7,0
3974,16,Tripura,249792,2,Jogendranagar,Jogendranagar,7,0
3975,16,Tripura,249804,4,Kailashahar Municipal Council,কৈলাশহর মিউনিসিপাল কাউন্সিল,5,801533
3976,16,Tripura,249800,5,Kamalpur Nagar Panchayat,কমলপুর নগর পঞ্চায়েত,7,801531
3977,16,Tripura,249783,5,Khowai Municipal Council,খোয়াই মিউনিসিপাল কাউন্সিল,5,801520
3978,16,Tripura,249805,7,Kumarghat Municipal Council,কুমারঘাট  পুর সভা,5,801535
3979,16,Tripura,249790,2,Kunjaban,Kunjaban,7,0
3980,16,Tripura,261691,3,Melaghar Municipal Council,মেলাঘর মিউনিসিপাল কাউন্সিল,5,0
3981,16,Tripura,261692,2,Mohanpur Municipal Council,মোহনপুর মিউনিসিপাল কাউন্সিল,5,0
3982,16,Tripura,249788,2,Narsingarh,Narsingarh,7,0
3983,16,Tripura,261688,2,Panisagar Nagar Panchayat,পানিসাগর নগর পঞ্চায়েত,7,0
3984,16,Tripura,249793,2,Pratapgarh,Pratapgarh,7,800628
3985,16,Tripura,249786,6,Ranirbazar Municipal Council,রানীরবাজার পৌর পরিষদ,5,801523
3986,16,Tripura,249799,5,Sabroom Nagar Panchayat,সাব্রুম পৌর পরিষদ,7,801530
3987,16,Tripura,261689,5,Santirbazar Municipal Council,শান্তিরবাজার পৌর পরিষদ,5,0
3988,16,Tripura,249787,5,Sonamura Nagar Panchayat,সোনামুড়া নগর পঞ্চায়েত,7,801525
3989,16,Tripura,249784,4,Teliamura Municipal Council,তেলিয়ামুরা মিউনিসিপাল কাউন্সিল,5,801521
3990,16,Tripura,249796,5,Udaipur Municipal Council,উদয়পুর মিউনিসিপাল কাউন্সিল,5,801526
3991,5,Uttarakhand,248449,9,Almora,Almora,4,800327
3992,5,Uttarakhand,262902,2,Augustmuni,Augustmuni,7,0
3993,5,Uttarakhand,248412,1,Badrinathpuri,Badrinathpuri,7,800290
3994,5,Uttarakhand,248447,8,Bageshwar,Bageshwar,5,800323
3995,5,Uttarakhand,248467,3,Bajpur,Bajpur,5,800344
3996,5,Uttarakhand,262922,3,Banbasa,Banbasa,7,0
3997,5,Uttarakhand,248410,5,Barahat-Uttarkashi,Barahat-Uttarkashi,5,800288
3998,5,Uttarakhand,248409,3,Barkot,Barkot,5,800287
3999,5,Uttarakhand,259826,3,Berinag,Berinag,5,0
4000,5,Uttarakhand,262847,1,Bhagwanpur,Bhagwanpur,7,0
4001,5,Uttarakhand,274457,4,Bhikiyasain,Bhikiyasain,7,0
4002,5,Uttarakhand,248456,6,Bhimtal,Bhimtal,5,800334
4003,5,Uttarakhand,248455,5,Bhowali,Bhowali,5,800333
4004,5,Uttarakhand,248423,3,Chamba,Chamba,5,800301
4005,5,Uttarakhand,277163,3,Chamiyala,Chamiyala,7,0
4006,5,Uttarakhand,248414,2,Chamoli Gopeshwar,Chamoli Gopeshwar,5,800292
4007,5,Uttarakhand,248451,3,Champawat,Champawat,5,800328
4008,5,Uttarakhand,297128,2,Chaukhutiya,Chaukhutiya,7,0
4009,5,Uttarakhand,262842,5,Chiniyalisaur,Chiniyalisaur,5,0
4010,5,Uttarakhand,248430,8,Dehradun,Dehradun,4,800309
4011,5,Uttarakhand,248421,5,Devprayag,Devprayag,5,800299
4012,5,Uttarakhand,299524,3,Dhandera,Dhandera,7,0
4013,5,Uttarakhand,248444,3,Dharchula,Dharchula,5,800320
4014,5,Uttarakhand,248445,3,Didihat,Didihat,5,800321
4015,5,Uttarakhand,248470,3,Dineshpur,Dineshpur,7,800349
4016,5,Uttarakhand,248440,2,Dogadda,Dogadda,5,800318
4017,5,Uttarakhand,248433,5,Doiwala,Doiwala,5,800312
4018,5,Uttarakhand,248448,2,Dwarahat,Dwarahat,7,800325
4019,5,Uttarakhand,248469,3,Gadarpur,Gadarpur,5,800348
4020,5,Uttarakhand,260112,4,Gairsain,GAIRSAIN,7,0
4021,5,Uttarakhand,277164,3,Gaja,Gaja,7,0
4022,5,Uttarakhand,262883,4,Gangolihat,Gangolihat,5,0
4023,5,Uttarakhand,248411,2,Gangotri,Gangotri,7,800289
4024,5,Uttarakhand,301880,2,Garhinegi,Garhinegi,7,0
4025,5,Uttarakhand,299525,7,Garud,Garud,7,0
4026,5,Uttarakhand,262832,2,Ghansali,Ghansali,7,0
4027,5,Uttarakhand,248416,3,Gochar,Gochar,5,800294
4028,5,Uttarakhand,277162,2,Gularbhoj,Gularbhoj,7,0
4029,5,Uttarakhand,301881,1,Guptkashi,Guptkashi,7,0
4030,5,Uttarakhand,248459,9,Haldwani-Cumkathgodam,Haldwani-CumKathgodam,4,800335
4031,5,Uttarakhand,248485,7,Haridwar,Haridwar,4,800359
4032,5,Uttarakhand,248428,3,Herbertpur,Herbertpur,5,800306
4033,5,Uttarakhand,300431,1,Imlikhera,Imlikhera,7,0
4034,5,Uttarakhand,248462,2,Jaspur,Jaspur,5,800342
4035,5,Uttarakhand,248481,3,Jhabrera,Jhabrera,7,800355
4036,5,Uttarakhand,248413,2,Joshimath,Joshimath,5,800291
4037,5,Uttarakhand,248458,4,Kaladhungi,Kaladhungi,5,800337
4038,5,Uttarakhand,248441,7,Kanvnagri Kotdwar,Kanvnagri Kotdwar,4,800319
4039,5,Uttarakhand,259921,5,Kapkot,Kapkot,7,0
4040,5,Uttarakhand,248417,6,Karnaprayag,Karnaprayag,5,800295
4041,5,Uttarakhand,248463,7,Kashipur,Kashipur,4,800339
4042,5,Uttarakhand,248418,3,Kedarnath,Kedarnath,7,800296
4043,5,Uttarakhand,248468,1,Kela Khera,Kela Khera,7,800345
4044,5,Uttarakhand,248477,11,Khatima,Khatima,5,800352
4045,5,Uttarakhand,248474,3,Kichha,Kichha,5,800347
4046,5,Uttarakhand,248420,3,Kirtinagar,Kirtinagar,7,800298
4047,5,Uttarakhand,248486,2,Laksar,Laksar,5,800360
4048,5,Uttarakhand,248460,1,Lalkuan,Lalkuan,7,800338
4049,5,Uttarakhand,299527,3,Lalpur,Lalpur,7,0
4050,5,Uttarakhand,277183,4,Lambgaon,Lambgaon,7,0
4051,5,Uttarakhand,248483,3,Landhaura,Landhaura,7,800357
4052,5,Uttarakhand,248450,3,Lohaghat,Lohaghat,5,800329
4053,5,Uttarakhand,248461,1,Mahua Dabra Haripura,Mahua Dabra Haripura,7,800341
4054,5,Uttarakhand,248465,3,Mahua Kheraganj,Mahua Kheraganj,5,800340
4055,5,Uttarakhand,248482,2,Manglaur,Manglaur,5,800356
4056,5,Uttarakhand,248426,4,Munikireti-Dhalwala,Munikireti-Dhalwala,5,800303
4057,5,Uttarakhand,301879,1,Munsyari,,7,0
4058,5,Uttarakhand,248429,2,Mussoorie,Mussoorie,5,800307
4059,5,Uttarakhand,299528,2,Nagla,Nagla,5,0
4060,5,Uttarakhand,248454,2,Nainital,Nainital,5,800331
4061,5,Uttarakhand,275661,2,Nanakmatta,Nanakmatta,7,0
4062,5,Uttarakhand,301882,6,Nandanagar,Nandanagar,7,0
4063,5,Uttarakhand,248415,4,Nandprayag,Nandprayag,7,800293
4064,5,Uttarakhand,248424,3,Narendranagar,Narendranagar,5,800302
4065,5,Uttarakhand,274461,2,Naugaon,NAUGAON,7,0
4066,5,Uttarakhand,299749,2,Padali Gurjar,Padali Gurjar,7,0
4067,5,Uttarakhand,301877,1,Pati,Pati,7,0
4068,5,Uttarakhand,248438,2,Pauri,Pauri,5,800316
4069,5,Uttarakhand,276459,2,Pipalkoti,Pipalkoti,7,0
4070,5,Uttarakhand,275670,2,Piran Kaliyar,Piran Kaliyar,7,0
4071,5,Uttarakhand,248446,7,Pithoragarh,Pithoragarh,4,800322
4072,5,Uttarakhand,259820,3,Pokhari,Pokhari,7,0
4073,5,Uttarakhand,262841,2,Purola,Purola,5,0
4074,5,Uttarakhand,248457,6,Ramnagar,Ramnagar,5,800336
4075,5,Uttarakhand,299529,1,Rampur,Rampur,7,0
4076,5,Uttarakhand,277190,1,Ranikhet Chiliyanaula,रानीखेत चिलियानौला,5,0
4077,5,Uttarakhand,248434,5,Rishikesh,Rishikesh,4,800313
4078,5,Uttarakhand,248478,6,Roorkee,Roorkee,4,800353
4079,5,Uttarakhand,248419,14,Rudraprayag,Rudraprayag,5,800297
4080,5,Uttarakhand,248471,6,Rudrapur,Rudrapur,4,800346
4081,5,Uttarakhand,262882,1,Satpuli,Satpuli,7,0
4082,5,Uttarakhand,275633,2,Selaqui(Central Hope Town),Selaqui(Central Hope Town),7,0
4083,5,Uttarakhand,248475,3,Shaktigarh,Shaktigarh,7,800350
4084,5,Uttarakhand,262858,2,Shivalik Nagar,Shivalik Nagar,5,0
4085,5,Uttarakhand,305322,1,Sirauli Kalan,सिरौली कलां,5,0
4086,5,Uttarakhand,248476,3,Sitarganj,Sitarganj,5,800351
4087,5,Uttarakhand,248437,14,Srinagar,Srinagar,4,800315
4088,5,Uttarakhand,248466,3,Sultanpur,Sultanpur,7,800343
4089,5,Uttarakhand,300592,1,Sultanpur-Adampur,Sultanpur -Adampur,7,0
4090,5,Uttarakhand,262843,3,Swargashram Jonk,Swargashram Jonk,7,0
4091,5,Uttarakhand,248452,2,Tanakpur,Tanakpur,5,800330
4092,5,Uttarakhand,299531,3,Tapovan,Tapovan,7,0
4093,5,Uttarakhand,248422,4,Tehri,Tehri,5,800300
4094,5,Uttarakhand,299532,2,Thalisain,Thalisain,7,0
4095,5,Uttarakhand,275665,4,Tharali,Tharali,7,0
4096,5,Uttarakhand,276616,1,Tilwara,TILWARA,7,0
4097,5,Uttarakhand,262901,4,Ukhimath,Ukhimath,7,0
4098,5,Uttarakhand,248427,3,Vikasnagar,Vikasnagar,5,800305
4099,9,Uttar Pradesh,297922,1,Achal Ganj,Achal Ganj,7,0
4100,9,Uttar Pradesh,249268,1,Achhalda,Achhalda,7,800987
4101,9,Uttar Pradesh,249066,1,Achhnera,Achhnera,5,800806
4102,9,Uttar Pradesh,249487,1,Adari,Adari,7,801199
4103,9,Uttar Pradesh,248917,1,Afzalgarh,Afzalgarh,5,800670
4104,9,Uttar Pradesh,248974,1,Agarwal Mandi,Agarwal Mandi,7,800725
4105,9,Uttar Pradesh,297071,4,Agawanpur,Agawanpur,7,0
4106,9,Uttar Pradesh,249062,11,Agra,Agra,4,800804
4107,9,Uttar Pradesh,249545,1,Ahraura,Ahraura,5,801247
4108,9,Uttar Pradesh,248887,3,Ailum,Ailum,7,800644
4109,9,Uttar Pradesh,297055,2,Ait,Ait,7,0
4110,9,Uttar Pradesh,249357,3,Ajhuwa,Ajhuwa,7,801075
4111,9,Uttar Pradesh,249277,7,Akbarpur,Akbarpur,7,800998
4112,9,Uttar Pradesh,249400,4,Akbarpur,Akbarpur,5,801116
4113,9,Uttar Pradesh,249095,1,Aliganj,Aliganj,5,801259
4114,9,Uttar Pradesh,249025,23,Aligarh,Aligarh,4,800768
4115,9,Uttar Pradesh,249175,2,Allahganj,Allahganj,7,800893
4116,9,Uttar Pradesh,249131,2,Allapur,Allapur,7,800849
4117,9,Uttar Pradesh,249088,2,Amanpur,Amanpur,7,801271
4118,9,Uttar Pradesh,248877,1,Ambehta,Ambehta,7,800634
4119,9,Uttar Pradesh,249402,5,Amethi(Amethi),Amethi(Amethi),7,801118
4120,9,Uttar Pradesh,249236,3,Amethi(Lucknow),Amethi(Lucknow),7,800954
4121,9,Uttar Pradesh,249484,4,Amila,Amila,7,801196
4122,9,Uttar Pradesh,248975,1,Aminagar Sarai,Aminagar Sarai,7,800726
4123,9,Uttar Pradesh,263353,2,Amraudhaa,Amraudhaa,7,0
4124,9,Uttar Pradesh,248950,24,Amroha,Amroha,5,800702
4125,9,Uttar Pradesh,249439,4,Anandnagar,Anandnagar,7,801155
4126,9,Uttar Pradesh,299053,6,Anpara,Anpara,7,0
4127,9,Uttar Pradesh,249352,2,Antu,Antu,7,801070
4128,9,Uttar Pradesh,249011,3,Anupshahr,Anupshahr,5,800755
4129,9,Uttar Pradesh,249145,2,Aonla,Aonla,5,800863
4130,9,Uttar Pradesh,249398,2,Ashrafpur Kichhauchha,Ashrafpur Kichhauchha,7,801114
4131,9,Uttar Pradesh,297623,1,Asothar,ASOTHAR,7,0
4132,9,Uttar Pradesh,249339,1,Atarra,Atarra,5,801056
4133,9,Uttar Pradesh,249270,1,Atasu,Atasu,7,800989
4134,9,Uttar Pradesh,249022,1,Atrauli,Atrauli,5,800765
4135,9,Uttar Pradesh,249468,1,Atraulia,Atraulia,7,801183
4136,9,Uttar Pradesh,249273,1,Auraiya,Auraiya,5,800992
4137,9,Uttar Pradesh,249004,2,Aurangabad,Aurangabad,7,800748
4138,9,Uttar Pradesh,249217,2,Auras,Auras,7,800934
4139,9,Uttar Pradesh,249102,1,Awagarh,Awagarh,7,801266
4140,9,Uttar Pradesh,249391,5,Ayodhya,Ayodhya,4,801109
4141,9,Uttar Pradesh,249477,1,Azamgarh,Azamgarh,5,801189
4142,9,Uttar Pradesh,249472,4,Azmatgarh,Azmatgarh,7,801187
4143,9,Uttar Pradesh,249428,2,Baansi,Baansi,5,801143
4144,9,Uttar Pradesh,249269,1,Babarpur Ajitmal,Babarpur Ajitmal,7,800988
4145,9,Uttar Pradesh,249336,1,Baberu,Baberu,7,801053
4146,9,Uttar Pradesh,297073,11,Babhnan Bazar,Babhnan Bazar,7,0
4147,9,Uttar Pradesh,263350,1,Babralaa,Babralaa,7,0
4148,9,Uttar Pradesh,248992,3,Babugarh,Babugarh,7,800738
4149,9,Uttar Pradesh,248947,2,Bachhraon,Bachhraon,5,800699
4150,9,Uttar Pradesh,249238,1,Bachhrawan,Bachhrawan,7,800956
4151,9,Uttar Pradesh,249313,2,Bada Gaon,Bada Gaon,7,801029
4152,9,Uttar Pradesh,249463,2,Badhani Bazar,BADHANI BAZAR,7,801178
4153,9,Uttar Pradesh,297056,5,Badhani Chafa,Badhani Chafa,7,0
4154,9,Uttar Pradesh,263358,4,Badlapur,Badlapur,7,0
4155,9,Uttar Pradesh,297053,4,Baghnagar Urf Bakhira,Baghnagar Urf Bakhira,7,0
4156,9,Uttar Pradesh,248973,1,Baghpat,Baghpat,5,800724
4157,9,Uttar Pradesh,249074,1,Bah,Bah,5,800814
4158,9,Uttar Pradesh,249513,1,Bahadurganj,Bahadurganj,7,801223
4159,9,Uttar Pradesh,249135,2,Bahedi,Bahedi,5,800853
4160,9,Uttar Pradesh,248935,3,Bahjoi,Bahjoi,5,800687
4161,9,Uttar Pradesh,249410,2,Bahraich,Bahraich,5,801125
4162,9,Uttar Pradesh,248959,2,Bahsuma,Bahsuma,7,800711
4163,9,Uttar Pradesh,249346,1,Bahuwa,Bahuwa,7,801063
4164,9,Uttar Pradesh,277185,1,Bairia,Bairia,7,0
4165,9,Uttar Pradesh,300768,4,Baitalpur,BAITALPUR,7,0
4166,9,Uttar Pradesh,249046,2,Bajna,Bajna,7,800789
4167,9,Uttar Pradesh,249265,2,Bakewar,Bakewar,7,800984
4168,9,Uttar Pradesh,249057,1,Baldeo,Baldeo,7,800793
4169,9,Uttar Pradesh,249497,1,Ballia,Ballia,5,801206
4170,9,Uttar Pradesh,249414,1,Balrampur,Balrampur,5,801129
4171,9,Uttar Pradesh,301242,1,Banaras Locomotive Works,बनारस लोकोमोटिव वर्क्स,6,0
4172,9,Uttar Pradesh,248889,3,Banat,Banat,7,800646
4173,9,Uttar Pradesh,249334,6,Banda,Banda,5,801051
4174,9,Uttar Pradesh,297057,2,Banda,Banda,7,0
4175,9,Uttar Pradesh,249212,2,Bangarmau,Bangarmau,5,800929
4176,9,Uttar Pradesh,249380,4,Banki,Banki,7,801097
4177,9,Uttar Pradesh,289237,15,Bankti,Bankti,7,0
4178,9,Uttar Pradesh,249498,1,Bansdih,Bansdih,7,801208
4179,9,Uttar Pradesh,249448,1,Bansgaon,Bansgaon,7,801163
4180,9,Uttar Pradesh,297048,6,Banthra,Banthra,7,0
4181,9,Uttar Pradesh,299018,6,Barauli,Barauli,7,0
4182,9,Uttar Pradesh,248972,4,Baraut,बड़ौत,5,800723
4183,9,Uttar Pradesh,249181,2,Barbar,Barbar,7,800899
4184,9,Uttar Pradesh,249149,1,Bareilly,Bareilly,4,800866
4185,9,Uttar Pradesh,249450,6,Barhalganj,Barhalganj,7,801165
4186,9,Uttar Pradesh,301390,2,Barhni Bazar,Barhni Bazar,7,0
4187,9,Uttar Pradesh,281989,2,Bariyarpur,Bariyarpur,7,0
4188,9,Uttar Pradesh,249161,2,Barkhera,Barkhera,7,800878
4189,9,Uttar Pradesh,297058,4,Barnahal,Barnahal,7,0
4190,9,Uttar Pradesh,249043,5,Barsana,Barsana,7,800786
4191,9,Uttar Pradesh,249311,1,Barua Sagar,Barua Sagar,5,801028
4192,9,Uttar Pradesh,249430,5,Basti,Basti,5,801147
4193,9,Uttar Pradesh,248870,2,Behat,Behat,7,800629
4194,9,Uttar Pradesh,249353,8,Belha,बेल्हा,5,801071
4195,9,Uttar Pradesh,277186,2,Belhara,Belhara,7,0
4196,9,Uttar Pradesh,297059,2,Belhar Kala,Belhar Kala,7,0
4197,9,Uttar Pradesh,301014,1,Belsar,BELSAR,7,0
4198,9,Uttar Pradesh,249492,1,Belthara Road,Belthara Road,7,801202
4199,9,Uttar Pradesh,249208,1,Beniganj,Beniganj,7,800926
4200,9,Uttar Pradesh,249031,1,Beswan,Beswan,7,800774
4201,9,Uttar Pradesh,249109,1,Bewar,Bewar,7,800827
4202,9,Uttar Pradesh,249389,13,Bhadarsa,Bhadarsa,7,801106
4203,9,Uttar Pradesh,249535,19,Bhadohi,Bhadohi,5,801239
4204,9,Uttar Pradesh,249229,6,Bhagwant Nagar,Bhagwant Nagar,7,800945
4205,9,Uttar Pradesh,300729,4,Bhaluani,BHALUANI,7,0
4206,9,Uttar Pradesh,297060,25,Bhanpur Kaswa,Bhanpur Kaswa,7,0
4207,9,Uttar Pradesh,297061,7,Bharatbhari,Bharatbhari,7,0
4208,9,Uttar Pradesh,249374,1,Bharatganj,Bharatganj,7,801091
4209,9,Uttar Pradesh,249093,3,Bhargain,Bhargain,7,801276
4210,9,Uttar Pradesh,249264,2,Bharthana,Bharthana,5,800983
4211,9,Uttar Pradesh,249361,8,Bharwari(Kaushambi),Bharwari(Kaushambi),5,801079
4212,9,Uttar Pradesh,249467,1,Bhatpar Rani,Bhatpar Rani,7,801182
4213,9,Uttar Pradesh,249007,2,Bhawan Bahadur Nagar,Bhawan Bahadur Nagar,7,800751
4214,9,Uttar Pradesh,297025,4,Bhinga,Bhinga,5,0
4215,9,Uttar Pradesh,300719,1,Bhira,BHIRA,7,0
4216,9,Uttar Pradesh,249108,1,Bhogaon,Bhogaon,7,800826
4217,9,Uttar Pradesh,248928,3,Bhojpur Dharampur,Bhojpur Dharampur,7,800681
4218,9,Uttar Pradesh,248902,2,Bhokarhedi,Bhokarhedi,7,800658
4219,9,Uttar Pradesh,249267,1,Bidhuna,Bidhuna,7,800986
4220,9,Uttar Pradesh,249228,4,Bighapur,Bighapur,7,800944
4221,9,Uttar Pradesh,248910,7,Bijnor,Bijnor,5,800665
4222,9,Uttar Pradesh,249393,2,Bikapur,Bikapur,7,801111
4223,9,Uttar Pradesh,248931,2,Bilari,Bilari,5,800684
4224,9,Uttar Pradesh,249470,4,Bilariaganj,Bilariaganj,5,801185
4225,9,Uttar Pradesh,248941,5,Bilaspur,Bilaspur,5,800693
4226,9,Uttar Pradesh,248997,2,Bilaspur,Bilaspur,7,800741
4227,9,Uttar Pradesh,249203,1,Bilgram,Bilgram,5,800921
4228,9,Uttar Pradesh,249282,2,Bilhaur,Bilhaur,5,801002
4229,9,Uttar Pradesh,249085,2,Bilram,Bilram,7,801268
4230,9,Uttar Pradesh,249163,2,Bilsanda,Bilsanda,7,800880
4231,9,Uttar Pradesh,249122,2,Bilsi,Bilsi,5,800840
4232,9,Uttar Pradesh,249345,2,Bindki,Bindki,5,801062
4233,9,Uttar Pradesh,249162,3,Bisalpur,Bisalpur,5,800879
4234,9,Uttar Pradesh,249338,1,Bisanda Buzurg,Bisanda Buzurg,7,801055
4235,9,Uttar Pradesh,249118,2,Bisauli,Bisauli,5,800836
4236,9,Uttar Pradesh,249144,1,Bisharatganj,Bisharatganj,7,800862
4237,9,Uttar Pradesh,297050,12,Biskohar,Biskohar,7,0
4238,9,Uttar Pradesh,249193,1,Biswan,Biswan,5,800911
4239,9,Uttar Pradesh,249285,2,Bithoor,Bithoor,7,801004
4240,9,Uttar Pradesh,263351,13,Bkt,bakshi ka talaab,7,800949
4241,9,Uttar Pradesh,297075,4,Boodhanpur,बूढ़नपुर,7,0
4242,9,Uttar Pradesh,297062,3,Brijmanganj,Brijmanganj,7,0
4243,9,Uttar Pradesh,249126,2,Budaun,Budaun,5,800844
4244,9,Uttar Pradesh,248897,2,Budhana,Budhana,7,800654
4245,9,Uttar Pradesh,249009,2,Bugrasi,Bugrasi,7,800753
4246,9,Uttar Pradesh,249005,4,Bulandshahr,Bulandshahr,5,800749
4247,9,Uttar Pradesh,297029,3,Campierganj,Campierganj,7,0
4248,9,Uttar Pradesh,249362,2,Chail,Chail,7,801080
4249,9,Uttar Pradesh,249522,1,Chakia,Chakia,7,801231
4250,9,Uttar Pradesh,249520,1,Chandauli,Chandauli,7,801229
4251,9,Uttar Pradesh,297076,2,Chandaus,Chandaus,7,0
4252,9,Uttar Pradesh,248937,2,Chandausi,Chandausi,5,800689
4253,9,Uttar Pradesh,248924,2,Chandpur,Chandpur,5,800677
4254,9,Uttar Pradesh,249330,1,Charkhari,Charkhari,5,801047
4255,9,Uttar Pradesh,248894,2,Charthaval,Charthaval,7,800651
4256,9,Uttar Pradesh,299009,3,Charwa,Charwa,7,0
4257,9,Uttar Pradesh,298915,2,Chauk,CHAUK,7,0
4258,9,Uttar Pradesh,249045,2,Chaumuha,Chaumuha,7,800788
4259,9,Uttar Pradesh,248969,1,Chhaprauli,Chhaprauli,7,800720
4260,9,Uttar Pradesh,249023,1,Chharra Rafatpur,Chharra Rafatpur,7,800766
4261,9,Uttar Pradesh,249044,1,Chhata,Chhata,7,800787
4262,9,Uttar Pradesh,249017,1,Chhatari,Chhatari,7,800761
4263,9,Uttar Pradesh,249256,2,Chhibramau,Chhibramau,5,800975
4264,9,Uttar Pradesh,297077,4,Chhitauni,Chhitauni,7,0
4265,9,Uttar Pradesh,296986,4,Chhutmalpura,Chhutmalpura,7,0
4266,9,Uttar Pradesh,277189,6,Chirayakot,Chirayakot,7,0
4267,9,Uttar Pradesh,249303,1,Chirgaon,Chirgaon,5,801020
4268,9,Uttar Pradesh,249496,1,Chitbara Gaon,Chitbara Gaon,7,801205
4269,9,Uttar Pradesh,249342,3,Chitrakoot Dham - Karwi,Chitrakoot Dham - Karwi,5,801059
4270,9,Uttar Pradesh,249549,1,Chopan,Chopan,7,801251
4271,9,Uttar Pradesh,249548,2,Chukradhumra,Chukradhumra,7,801250
4272,9,Uttar Pradesh,249543,1,Chunar,Chunar,5,801246
4273,9,Uttar Pradesh,249421,4,Colonelganj,Colonelganj,5,801136
4274,9,Uttar Pradesh,299069,1,Dadiyal,Dadiyal,7,0
4275,9,Uttar Pradesh,248996,1,Dadri,Dadri,5,800740
4276,9,Uttar Pradesh,297063,2,Dahagwan,Dahagwan,7,0
4277,9,Uttar Pradesh,297044,1,Dala Bazar,Dala Bazar,7,0
4278,9,Uttar Pradesh,249243,1,Dalmau,Dalmau,7,800961
4279,9,Uttar Pradesh,248998,1,Dankaur,Dankaur,7,800742
4280,9,Uttar Pradesh,297064,12,Daranagar,Daranagar,7,0
4281,9,Uttar Pradesh,249385,1,Dariyabad,Dariyabad,7,801101
4282,9,Uttar Pradesh,248989,3,Dasna,Dasna,7,800735
4283,9,Uttar Pradesh,297026,1,Dataganj,Dataganj,5,0
4284,9,Uttar Pradesh,248956,2,Daurala,Daurala,7,800708
4285,9,Uttar Pradesh,249060,1,Dayalbagh,Dayalbagh,7,800802
4286,9,Uttar Pradesh,249013,1,Debai,Debai,5,800757
4287,9,Uttar Pradesh,248882,1,Deoband,Deoband,5,800637
4288,9,Uttar Pradesh,249138,2,Deoranian,Deoranian,7,800856
4289,9,Uttar Pradesh,249460,5,Deoria,Deoria,5,801175
4290,9,Uttar Pradesh,263348,4,Derapur,Derapur,7,800995
4291,9,Uttar Pradesh,300772,3,Derva(Pratapgarh),DERVA(PRATAPGARH),7,0
4292,9,Uttar Pradesh,249378,1,Dewa,Dewa,7,801095
4293,9,Uttar Pradesh,290251,2,Dhakia,Dhakia,7,0
4294,9,Uttar Pradesh,299013,3,Dhakwa (Pratapgarh),Dhakwa (Pratapgarh),7,0
4295,9,Uttar Pradesh,248919,1,Dhampur,Dhampur,5,800672
4296,9,Uttar Pradesh,248946,1,Dhanaura,Dhanaura,5,800698
4297,9,Uttar Pradesh,301016,1,Dhanepur,DHANEPUR,7,0
4298,9,Uttar Pradesh,301363,2,Dharamsinghwa,Dharamsinghwa,7,0
4299,9,Uttar Pradesh,249185,2,Dhaurahara,Dhaurahara,7,800903
4300,9,Uttar Pradesh,249147,1,Dhaura Tanda,Dhaura Tanda,7,800865
4301,9,Uttar Pradesh,249272,1,Dibiyapur,Dibiyapur,7,800991
4302,9,Uttar Pradesh,249515,1,Dildarnagar Fatehpur Bazar,Dildarnagar Fatehpur Bazar,7,801225
4303,9,Uttar Pradesh,248971,1,Doghat,Doghat,7,800722
4304,9,Uttar Pradesh,249483,1,Dohrighat,Dohrighat,7,801195
4305,9,Uttar Pradesh,248145,1,Domariyaganj,Domariyaganj,7,801144
4306,9,Uttar Pradesh,249406,2,Dostpur,Dostpur,7,801121
4307,9,Uttar Pradesh,297078,6,Duddhi,Duddhi,7,0
4308,9,Uttar Pradesh,249551,1,Dudhi,Dudhi,7,801253
4309,9,Uttar Pradesh,277188,1,Eka,Eka,7,0
4310,9,Uttar Pradesh,249263,3,Ekdil,Ekdil,7,800982
4311,9,Uttar Pradesh,249304,1,Erich,Erich,7,801021
4312,9,Uttar Pradesh,249098,1,Etah,Etah,5,801262
4313,9,Uttar Pradesh,249262,3,Etawah,Etawah,5,800981
4314,9,Uttar Pradesh,249059,1,Etmadpur,Etmadpur,5,800801
4315,9,Uttar Pradesh,249116,2,Faizganj,Faizganj,7,800834
4316,9,Uttar Pradesh,249058,1,Farah,Farah,7,800794
4317,9,Uttar Pradesh,248982,3,Faridnagar,Faridnagar,7,800731
4318,9,Uttar Pradesh,249156,1,Faridpur,Faridpur,5,800873
4319,9,Uttar Pradesh,249136,2,Faridpur(Bareilly),Faridpur(Bareilly),7,800854
4320,9,Uttar Pradesh,249080,1,Fariha,Fariha,7,800817
4321,9,Uttar Pradesh,249250,3,Farrukhabad,Farrukhabad,5,800968
4322,9,Uttar Pradesh,249072,1,Fatehabad,Fatehabad,7,800812
4323,9,Uttar Pradesh,249142,2,Fatehganj Pashchimi,Fatehganj Pashchimi,7,800860
4324,9,Uttar Pradesh,249155,1,Fatehganj Purvi,Fatehganj Purvi,7,800872
4325,9,Uttar Pradesh,249376,3,Fatehpur(Barabanki),Fatehpur(Barabanki),7,801093
4326,9,Uttar Pradesh,249213,2,Fatehpur Chaurasi,Fatehpur Chaurasi,7,800930
4327,9,Uttar Pradesh,249347,2,Fatehpur(Fatehpur),Fatehpur(Fatehpur),5,801064
4328,9,Uttar Pradesh,249068,1,Fatehpur Sikri,Fatehpur Sikri,5,800808
4329,9,Uttar Pradesh,297065,3,Fazilnagar,Fazilnagar,7,0
4330,9,Uttar Pradesh,249079,4,Firozabad,Firozabad,4,800816
4331,9,Uttar Pradesh,297066,13,Gaayghat,Gaayghat,7,0
4332,9,Uttar Pradesh,298115,10,Gabhana,Gabhana,7,0
4333,9,Uttar Pradesh,300512,12,Gaisari,Gaisari,7,0
4334,9,Uttar Pradesh,297027,3,Gajralua,Gajralua,5,0
4335,9,Uttar Pradesh,297031,7,Ganeshpur,Ganeshpur,7,0
4336,9,Uttar Pradesh,297022,2,Gangaghat,Gangaghat,5,0
4337,9,Uttar Pradesh,249524,3,Gangapur,Gangapur,7,801232
4338,9,Uttar Pradesh,248878,1,Gangoh,Gangoh,5,800635
4339,9,Uttar Pradesh,249090,2,Ganj Dundwara,Ganj Dundwara,5,801273
4340,9,Uttar Pradesh,249211,2,Ganj Muradabad,Ganj Muradabad,7,800928
4341,9,Uttar Pradesh,249306,1,Garautha,Garautha,7,801023
4342,9,Uttar Pradesh,248890,3,Garhi Pukhta,Garhi Pukhta,7,800647
4343,9,Uttar Pradesh,248993,3,Garhmukteshwar,Garhmukteshwar,5,800739
4344,9,Uttar Pradesh,300693,8,Garwara,GARWARA,7,0
4345,9,Uttar Pradesh,297034,8,Gaurabadshahpur,Gaurabadshahpur,7,0
4346,9,Uttar Pradesh,249462,4,Gaura Barhaj,Gaura Barhaj,5,801177
4347,9,Uttar Pradesh,249458,1,Gauri Bazar,Gauri Bazar,7,801173
4348,9,Uttar Pradesh,276425,1,Gauriganj,Gauriganj,5,0
4349,9,Uttar Pradesh,249112,2,Gawan,Gawan,7,800830
4350,9,Uttar Pradesh,300750,7,Ghaghsarabazar,GHAGHSARABAZAR,7,0
4351,9,Uttar Pradesh,249290,2,Ghatampur,Ghatampur,5,801007
4352,9,Uttar Pradesh,248988,5,Ghaziabad,Ghaziabad,4,800734
4353,9,Uttar Pradesh,249512,1,Ghazipur,Ghazipur,5,801222
4354,9,Uttar Pradesh,249105,1,Ghiraur,Ghiraur,7,800823
4355,9,Uttar Pradesh,249546,1,Ghorawal,Ghorawal,7,801248
4356,9,Uttar Pradesh,249485,1,Ghosi,Ghosi,7,801197
4357,9,Uttar Pradesh,249539,2,Ghosia Bazar,Ghosia Bazar,7,801243
4358,9,Uttar Pradesh,249440,1,Ghughuli,Ghughuli,7,801156
4359,9,Uttar Pradesh,274823,8,Gnida,GNIDA,6,0
4360,9,Uttar Pradesh,249325,1,Gohand,Gohand,7,801041
4361,9,Uttar Pradesh,249055,1,Gokul,Gokul,7,800791
4362,9,Uttar Pradesh,249449,7,Gola Bazar,Gola Bazar,7,801164
4363,9,Uttar Pradesh,249179,1,Gola Gokarannath,Gola Gokarannath,5,800897
4364,9,Uttar Pradesh,249419,1,Gonda,Gonda,5,801134
4365,9,Uttar Pradesh,249200,2,Gopamau,Gopamau,7,800918
4366,9,Uttar Pradesh,249537,1,Gopi Ganj,Gopi Ganj,5,801241
4367,9,Uttar Pradesh,249444,11,Gorakhpur,Gorakhpur,4,801160
4368,9,Uttar Pradesh,249235,2,Gosainganj (Ayodhya),Gosainganj (Ayodhya),7,800953
4369,9,Uttar Pradesh,249392,2,Gosainganj (Lucknow),Gosainganj (Lucknow),7,801110
4370,9,Uttar Pradesh,249050,2,Govardhan,Govardhan,7,800797
4371,9,Uttar Pradesh,301249,1,Grasim Industries Ltd,GRASIM INDUSTRIES LTD,6,0
4372,9,Uttar Pradesh,249006,1,Gulaothi,Gulaothi,5,800750
4373,9,Uttar Pradesh,249157,2,Gularia Bhindara,Gularia Bhindara,7,800874
4374,9,Uttar Pradesh,249128,4,Gulariya,Gulariya,7,800846
4375,9,Uttar Pradesh,249114,2,Gunnaur,Gunnaur,7,800832
4376,9,Uttar Pradesh,249254,1,Gursahaiganj,Gursahaiganj,5,800973
4377,9,Uttar Pradesh,249305,1,Gursarai,Gursarai,5,801022
4378,9,Uttar Pradesh,249536,4,Gyanpur,Gyanpur,7,801240
4379,9,Uttar Pradesh,249387,2,Haidergarh,Haidergarh,7,801103
4380,9,Uttar Pradesh,300532,1,Hainsar Bazar Dhanghata,Hainsar Bazar Dhanghata,7,0
4381,9,Uttar Pradesh,248914,1,Haldaur,Haldaur,5,800667
4382,9,Uttar Pradesh,249322,8,Hamirpur,Hamirpur,5,801039
4383,9,Uttar Pradesh,249372,1,Handia,Handia,7,801089
4384,9,Uttar Pradesh,248991,4,Hapur,Hapur,5,800737
4385,9,Uttar Pradesh,249201,1,Hardoi,Hardoi,5,800919
4386,9,Uttar Pradesh,249024,1,Harduaganj,Harduaganj,7,800767
4387,9,Uttar Pradesh,249190,1,Hargaon,Hargaon,7,800908
4388,9,Uttar Pradesh,249435,2,Hariharpur,Hariharpur,7,801151
4389,9,Uttar Pradesh,301364,1,Harra,Harra,7,0
4390,9,Uttar Pradesh,249429,8,Harraiya,Harraiya,7,801145
4391,9,Uttar Pradesh,248952,2,Hasanpur,Hasanpur,5,800704
4392,9,Uttar Pradesh,249035,2,Hasayan,Hasayan,7,800778
4393,9,Uttar Pradesh,248960,1,Hastinapur,Hastinapur,7,800712
4394,9,Uttar Pradesh,297020,7,Hata,Hata,5,0
4395,9,Uttar Pradesh,253113,4,Hathgam,HATHGAM,7,801067
4396,9,Uttar Pradesh,249037,26,Hathras,Hathras,5,800780
4397,9,Uttar Pradesh,300707,6,Heeraganj Bazaar,हीरागंज बाजार,7,0
4398,9,Uttar Pradesh,300779,3,Hetimpur,HETIMPUR,7,0
4399,9,Uttar Pradesh,301244,1,Hindalco Industries Ltd. Renukoot,हिंडाल्को इंडस्ट्रीज़ लिमि. रेनूकूट,6,0
4400,9,Uttar Pradesh,249218,1,Hyderabad,Hyderabad,7,800935
4401,9,Uttar Pradesh,249030,1,Iglas,Iglas,7,800773
4402,9,Uttar Pradesh,249413,1,Ikauna,Ikauna,7,801128
4403,9,Uttar Pradesh,249394,6,Iltifatganj Bazar,Iltifatganj Bazar,7,801112
4404,9,Uttar Pradesh,249115,2,Islamnagar,Islamnagar,7,800833
4405,9,Uttar Pradesh,249232,12,Itaunja,Itaunja,7,800948
4406,9,Uttar Pradesh,297067,6,Itwa,Itwa,7,0
4407,9,Uttar Pradesh,249069,1,Jagner,Jagner,7,800809
4408,9,Uttar Pradesh,298935,10,Jahagirganj,जहागीरगंज,7,0
4409,9,Uttar Pradesh,249159,6,Jahanabad,Jahanabad,7,800876
4410,9,Uttar Pradesh,301253,3,Jahanaganj,Jahanaganj,7,0
4411,9,Uttar Pradesh,249012,1,Jahangirabad,Jahangirabad,5,800756
4412,9,Uttar Pradesh,249001,1,Jahangirpur,Jahangirpur,7,800744
4413,9,Uttar Pradesh,249240,2,Jais,Jais,5,800958
4414,9,Uttar Pradesh,249096,1,Jaithara,Jaithara,7,801260
4415,9,Uttar Pradesh,249174,1,Jalalabad,Jalalabad,5,800892
4416,9,Uttar Pradesh,248892,6,Jalalabad(Bijnor),Jalalabad(Bijnor),7,800649
4417,9,Uttar Pradesh,248907,2,Jalalabad(Shamli),Jalalabad(Shamli),7,800662
4418,9,Uttar Pradesh,249026,1,Jalali,Jalali,7,800769
4419,9,Uttar Pradesh,249399,5,Jalalpur,Jalalpur,5,801115
4420,9,Uttar Pradesh,249294,1,Jalaun,Jalaun,5,801011
4421,9,Uttar Pradesh,249101,1,Jalesar,Jalesar,5,801265
4422,9,Uttar Pradesh,249511,1,Jangipur,Jangipur,7,801221
4423,9,Uttar Pradesh,248901,2,Jansath,Jansath,7,800657
4424,9,Uttar Pradesh,249411,1,Jarwal,Jarwal,7,801126
4425,9,Uttar Pradesh,249081,1,Jasrana,Jasrana,7,800818
4426,9,Uttar Pradesh,249261,2,Jaswantnagar,Jaswantnagar,5,800980
4427,9,Uttar Pradesh,249019,1,Jatari,Jatari,7,800763
4428,9,Uttar Pradesh,249505,15,Jaunpur,Jaunpur,5,801215
4429,9,Uttar Pradesh,299023,7,Jawan Sikandpur,Jawan Sikandpur,7,0
4430,9,Uttar Pradesh,249002,1,Jewar,Jewar,7,800745
4431,9,Uttar Pradesh,248913,1,Jhalu,Jhalu,7,800666
4432,9,Uttar Pradesh,249314,2,Jhansi,Jhansi,4,801030
4433,9,Uttar Pradesh,301241,1,Jhansi Railway Settlement,Jhansi Railway Settlement,6,0
4434,9,Uttar Pradesh,263354,4,Jhinjhak,Jhinjhak,5,800994
4435,9,Uttar Pradesh,248884,3,Jhinjhana,Jhinjhana,7,800641
4436,9,Uttar Pradesh,249471,3,Jiyanpur,Jiyanpur,7,801186
4437,9,Uttar Pradesh,248951,1,Joya,Joya,7,800703
4438,9,Uttar Pradesh,249104,1,Jyoti Khuria,Jyoti Khuria,7,800822
4439,9,Uttar Pradesh,249086,3,Kaasganj,Kaasganj,5,801269
4440,9,Uttar Pradesh,249332,1,Kabrai,Kabrai,7,801049
4441,9,Uttar Pradesh,297068,5,Kachgaon,Kachgaon,7,0
4442,9,Uttar Pradesh,249207,1,Kachhauna Patseni,Kachhauna Patseni,7,800925
4443,9,Uttar Pradesh,249124,2,Kachhla,Kachhla,7,800842
4444,9,Uttar Pradesh,249542,1,Kachhwa,Kachhwa,7,801245
4445,9,Uttar Pradesh,249296,2,Kadaura,Kadaura,7,801013
4446,9,Uttar Pradesh,249407,1,Kadipur,Kadipur,7,801122
4447,9,Uttar Pradesh,249248,1,Kaimganj,Kaimganj,5,800966
4448,9,Uttar Pradesh,248885,3,Kairana,Kairana,5,800642
4449,9,Uttar Pradesh,299017,8,Kaisharganj,कैसरगंज,7,0
4450,9,Uttar Pradesh,248999,1,Kakod,Kakod,7,800747
4451,9,Uttar Pradesh,249233,2,Kakori,Kakori,7,800950
4452,9,Uttar Pradesh,249130,2,Kakrala,Kakrala,5,800848
4453,9,Uttar Pradesh,297807,2,Kalan,Kalan,7,0
4454,9,Uttar Pradesh,249164,2,Kalinagar,Kalinagar,7,800881
4455,9,Uttar Pradesh,249295,2,Kalpi,Kalpi,5,801012
4456,9,Uttar Pradesh,249252,1,Kamalganj,Kamalganj,7,800971
4457,9,Uttar Pradesh,249247,4,Kampil,Kampil,7,800965
4458,9,Uttar Pradesh,297864,1,Kanchausi,कन्चौसी,7,0
4459,9,Uttar Pradesh,248886,3,Kandhla,Kandhla,5,800643
4460,9,Uttar Pradesh,249259,5,Kannauj,Kannauj,5,800978
4461,9,Uttar Pradesh,249286,12,Kanpur,Kanpur,4,801005
4462,9,Uttar Pradesh,248926,5,Kanth(Moradabad),Kanth(Moradabad),7,800679
4463,9,Uttar Pradesh,249173,2,Kanth(Shahjhanpur),Kanth(Shahjhanpur),7,800891
4464,9,Uttar Pradesh,297051,2,Kapilavastu,Kapilavastu,7,0
4465,9,Uttar Pradesh,249454,1,Kaptanganj,Kaptanganj,7,801169
4466,9,Uttar Pradesh,298096,6,Kaptanganj Basti,Kaptanganj Basti,7,0
4467,9,Uttar Pradesh,249360,1,Karari,Karari,7,801078
4468,9,Uttar Pradesh,249107,1,Karhal,Karhal,7,800825
4469,9,Uttar Pradesh,300833,4,Karikan Dhata,KARIKAN DHATA,7,0
4470,9,Uttar Pradesh,248954,1,Karnawal,Karnawal,7,800706
4471,9,Uttar Pradesh,297495,4,Kasba Sangrampur Urf Unwal,Kasba Sangrampur Urf Unwal,7,0
4472,9,Uttar Pradesh,249481,2,Katghar Lalganj,Katghar Lalganj,7,801193
4473,9,Uttar Pradesh,249310,1,Kathera,Kathera,7,801027
4474,9,Uttar Pradesh,249169,1,Katra,Katra,7,800886
4475,9,Uttar Pradesh,249420,3,Katra Bazar,Katra Bazar,7,801135
4476,9,Uttar Pradesh,300776,7,Katra Gulab Singh,कटरा गुलाब सिंह,7,0
4477,9,Uttar Pradesh,249355,3,Katra Medniganj,Katra Medniganj,7,801073
4478,9,Uttar Pradesh,249027,2,Kauriaganj,Kauriaganj,7,800770
4479,9,Uttar Pradesh,248942,1,Kemri,Kemri,7,800694
4480,9,Uttar Pradesh,249508,1,Kerakat,Kerakat,7,801218
4481,9,Uttar Pradesh,249451,3,Khadda,Khadda,7,801166
4482,9,Uttar Pradesh,249348,12,Khaga,Khaga,7,801065
4483,9,Uttar Pradesh,249020,1,Khair,Khair,5,800764
4484,9,Uttar Pradesh,249188,1,Khairabad,Khairabad,5,800906
4485,9,Uttar Pradesh,249070,3,Khairragarh,Khairragarh,7,800810
4486,9,Uttar Pradesh,300839,7,Khakhareru,KHAKHARERU,7,0
4487,9,Uttar Pradesh,249433,7,Khalilabad,Khalilabad,5,801149
4488,9,Uttar Pradesh,249538,2,Khamaria,Khamaria,7,801242
4489,9,Uttar Pradesh,249010,1,Khanpur,Khanpur,7,800754
4490,9,Uttar Pradesh,249329,1,Kharela,Kharela,7,801046
4491,9,Uttar Pradesh,249418,1,Khargupur,Khargupur,7,801133
4492,9,Uttar Pradesh,248968,1,Kharkhoda,Kharkhoda,7,800719
4493,9,Uttar Pradesh,248899,3,Khatauli,Khatauli,5,800656
4494,9,Uttar Pradesh,297023,1,Khekada,Khekada,5,0
4495,9,Uttar Pradesh,249183,1,Kheri,Kheri,7,800901
4496,9,Uttar Pradesh,249502,4,Kheta Sarai,Kheta Sarai,7,801212
4497,9,Uttar Pradesh,300652,1,Khimsepur,KHIMSEPUR,7,0
4498,9,Uttar Pradesh,297756,1,Khirauni(Suchittaganj),खिरौनी (सुचित्तागंज ),7,0
4499,9,Uttar Pradesh,297079,2,Khiwai,Khiwai,7,0
4500,9,Uttar Pradesh,274820,2,Khoda Makanpur,Khoda Makanpur,5,0
4501,9,Uttar Pradesh,249168,2,Khudaganj,Khudaganj,7,800885
4502,9,Uttar Pradesh,249018,1,Khurja,Khurja,5,800762
4503,9,Uttar Pradesh,249166,3,Khutar,Khutar,7,800883
4504,9,Uttar Pradesh,249067,3,Kiraoli,Kiraoli,7,800807
4505,9,Uttar Pradesh,248908,3,Kiratpur,Kiratpur,5,800663
4506,9,Uttar Pradesh,249111,2,Kishni,Kishni,7,800829
4507,9,Uttar Pradesh,249349,1,Kishunpur,Kishunpur,7,801066
4508,9,Uttar Pradesh,248963,1,Kithaur,Kithaur,7,800715
4509,9,Uttar Pradesh,249405,1,Koeripur,Koeripur,7,801120
4510,9,Uttar Pradesh,297042,8,Kohdaur,Kohdaur,7,0
4511,9,Uttar Pradesh,249299,2,Konch,Konch,5,801016
4512,9,Uttar Pradesh,249486,3,Kopaganj,Kopaganj,7,801198
4513,9,Uttar Pradesh,249344,3,Kora Jahanabad,Kora Jahanabad,7,801061
4514,9,Uttar Pradesh,249375,1,Koraon,Koraon,7,801092
4515,9,Uttar Pradesh,249041,2,Kosi Kalan,Kosi Kalan,5,800784
4516,9,Uttar Pradesh,249298,1,Kotra,Kotra,7,801015
4517,9,Uttar Pradesh,249328,1,Kulpahar,Kulpahar,7,801045
4518,9,Uttar Pradesh,297758,2,Kumarganj,कुमारगंज ,7,0
4519,9,Uttar Pradesh,249351,1,Kunda,Kunda,7,801069
4520,9,Uttar Pradesh,248930,2,Kundarki,Kundarki,7,800683
4521,9,Uttar Pradesh,249127,2,Kunwargaon,Kunwargaon,7,800845
4522,9,Uttar Pradesh,249103,1,Kuraoli,Kuraoli,7,800821
4523,9,Uttar Pradesh,249321,1,Kurara,Kurara,7,801038
4524,9,Uttar Pradesh,249216,2,Kursath (Hardoi),Kursath (Hardoi),7,800933
4525,9,Uttar Pradesh,249206,2,Kursath (Unnao),Kursath (Unnao),7,800924
4526,9,Uttar Pradesh,299071,6,Kurthijafarpur,Kurthijafarpur,7,0
4527,9,Uttar Pradesh,297024,7,Kushinagar,Kushinagar,5,0
4528,9,Uttar Pradesh,249110,1,Kusmara,Kusmara,7,800828
4529,9,Uttar Pradesh,277531,6,Laalganj,Laalganj,7,0
4530,9,Uttar Pradesh,249191,1,Laharpur,Laharpur,5,800909
4531,9,Uttar Pradesh,249182,1,Lakhimpur,Lakhimpur,5,800900
4532,9,Uttar Pradesh,249266,2,Lakhna,Lakhna,7,800985
4533,9,Uttar Pradesh,249242,10,Lalganj,Lalganj,7,800960
4534,9,Uttar Pradesh,249365,2,Lal Gopal Ganj,LAL GOPAL GANJ,7,801083
4535,9,Uttar Pradesh,249318,3,Lalitpur,Lalitpur,5,801035
4536,9,Uttar Pradesh,297038,9,Lambhua,Lambhua,7,0
4537,9,Uttar Pradesh,249466,1,Lar,Lar,7,801181
4538,9,Uttar Pradesh,248957,1,Lawar,Lawar,7,800709
4539,9,Uttar Pradesh,248985,8,Loni,Loni,5,800733
4540,9,Uttar Pradesh,249234,193,Lucknow,Lucknow,4,800951
4541,9,Uttar Pradesh,300865,3,Maa Kamakhya,MAA KAMAKHYA,7,0
4542,9,Uttar Pradesh,249504,2,Machhlishahr,Machhlishahr,7,801214
4543,9,Uttar Pradesh,300789,2,Madanpur,MADANPUR,7,0
4544,9,Uttar Pradesh,249204,1,Madhoganj,Madhoganj,7,800922
4545,9,Uttar Pradesh,249293,1,Madhogarh,Madhogarh,7,801010
4546,9,Uttar Pradesh,301254,3,Madhuban,Madhuban,7,0
4547,9,Uttar Pradesh,297033,9,Madrak,Madrak,7,0
4548,9,Uttar Pradesh,249434,1,Maghar,Maghar,7,801150
4549,9,Uttar Pradesh,249056,1,Mahaban,Mahaban,7,800792
4550,9,Uttar Pradesh,249441,5,Maharajganj,महाराजगंज,5,801157
4551,9,Uttar Pradesh,249239,6,Maharajganj(Azamgarh),Maharajganj(Azamgarh),7,800957
4552,9,Uttar Pradesh,249469,4,Maharajganj(Raibareilly),Maharajganj(Raibareilly),7,801184
4553,9,Uttar Pradesh,299027,3,Mahmoodpur Mafi,महमूदपुर माफ़ी,7,0
4554,9,Uttar Pradesh,249194,8,Mahmudabad,Mahmudabad,5,800912
4555,9,Uttar Pradesh,249331,2,Mahoba,Mahoba,5,801048
4556,9,Uttar Pradesh,249186,7,Maholi,Maholi,7,800904
4557,9,Uttar Pradesh,249231,9,Mahona,Mahona,7,800947
4558,9,Uttar Pradesh,249320,3,Mahroni,Mahroni,7,801037
4559,9,Uttar Pradesh,263356,5,Mahul,Mahul,7,0
4560,9,Uttar Pradesh,249178,1,Mailani,Mailani,7,800896
4561,9,Uttar Pradesh,249106,5,Mainpuri,Mainpuri,5,800824
4562,9,Uttar Pradesh,249464,1,Majhauliraj,Majhauliraj,7,801179
4563,9,Uttar Pradesh,297081,4,Makkhanpur,Makkhanpur,7,0
4564,9,Uttar Pradesh,249230,5,Malihabad,Malihabad,7,800946
4565,9,Uttar Pradesh,249205,2,Mallawan,Mallawan,5,800923
4566,9,Uttar Pradesh,248909,1,Mandawar,Mandawar,7,800664
4567,9,Uttar Pradesh,300774,5,Mandhata(Pratapgarh),MANDHATA(PRATAPGARH),7,0
4568,9,Uttar Pradesh,249350,6,Manikpur(Pratapgarh),Manikpur(Pratapgarh),7,801068
4569,9,Uttar Pradesh,249341,2,Manikpur Sarhat (Chitrakoot),Manikpur Sarhat (Chitrakoot),7,801058
4570,9,Uttar Pradesh,249494,1,Maniyar,Maniyar,7,801207
4571,9,Uttar Pradesh,249359,21,Manjhanpur,Manjhanpur,5,801077
4572,9,Uttar Pradesh,249423,2,Mankapur,Mankapur,7,801138
4573,9,Uttar Pradesh,249099,2,Marehra,Marehra,5,801263
4574,9,Uttar Pradesh,249507,1,Mariahu,Mariahu,7,801217
4575,9,Uttar Pradesh,300510,4,Martinganj,Martinganj,7,0
4576,9,Uttar Pradesh,248938,1,Maswasi,Maswasi,7,800690
4577,9,Uttar Pradesh,249333,2,Mataundh,Mataundh,7,801050
4578,9,Uttar Pradesh,300705,4,Mathauli,Mathauli,7,0
4579,9,Uttar Pradesh,249052,19,Mathura-Vrindavan,Mathura-Vrindavan,4,800799
4580,9,Uttar Pradesh,249364,1,Mau Aima,Mau Aima,7,801082
4581,9,Uttar Pradesh,249327,3,Maudaha,Maudaha,5,801044
4582,9,Uttar Pradesh,299010,3,Mau Mustkil,MAU MUSTKIL,7,0
4583,9,Uttar Pradesh,249488,12,Maunath Bhanjan,मऊनाथ भंजन,5,801200
4584,9,Uttar Pradesh,249308,1,Mauranipur,Mauranipur,5,801025
4585,9,Uttar Pradesh,249227,1,Maurawan,Maurawan,7,800943
4586,9,Uttar Pradesh,248961,2,Mawana,Mawana,5,800713
4587,9,Uttar Pradesh,248903,3,Meerapur,Meerapur,7,800659
4588,9,Uttar Pradesh,248964,8,Meerut,Meerut,4,800716
4589,9,Uttar Pradesh,249431,13,Mehdawal,Mehdawal,7,801148
4590,9,Uttar Pradesh,249482,1,Mehnagar,Mehnagar,7,801194
4591,9,Uttar Pradesh,249036,2,Mendu,Mendu,7,800779
4592,9,Uttar Pradesh,300930,3,Mihinpurwa,Mihinpurwa,7,0
4593,9,Uttar Pradesh,248945,2,Milak,Milak,5,800697
4594,9,Uttar Pradesh,249141,2,Mirganj,Mirganj,7,800859
4595,9,Uttar Pradesh,300713,1,Mirhachi,Mirhachi,7,0
4596,9,Uttar Pradesh,249540,1,Mirzapur-Cum-Vindhyachal,Mirzapur-Cum-Vindhyachal,5,801244
4597,9,Uttar Pradesh,249187,2,Misrikh Cum Neemsar,Misrikh Cum Neemsar,5,800905
4598,9,Uttar Pradesh,248981,5,Modinagar,Modinagar,5,800730
4599,9,Uttar Pradesh,249490,4,Mohammadabad (Farrukhabad),Mohammadabad (Farrukhabad),7,801201
4600,9,Uttar Pradesh,249514,2,Mohammadabad(Gazipur),Mohammadabad(Gazipur),5,801224
4601,9,Uttar Pradesh,249251,2,Mohammadabad Gohna,Mohammadabad Gohna,7,800970
4602,9,Uttar Pradesh,249180,3,Mohammadi,Mohammadi,5,800898
4603,9,Uttar Pradesh,249220,1,Mohan,Mohan,7,800937
4604,9,Uttar Pradesh,297039,9,Mohanlalganj,Mohanlalganj,7,0
4605,9,Uttar Pradesh,249089,2,Mohanpur,Mohanpur,7,801272
4606,9,Uttar Pradesh,248929,2,Moradabad,Moradabad,4,800682
4607,9,Uttar Pradesh,249302,1,Moth,Moth,7,801019
4608,9,Uttar Pradesh,249474,3,Mubarakpur,Mubarakpur,5,801188
4609,9,Uttar Pradesh,249447,3,Mundera Bazar,Mundera Bazar,7,801162
4610,9,Uttar Pradesh,298093,6,Munderwa,Munderwa,7,0
4611,9,Uttar Pradesh,249117,2,Mundia,Mundia,7,800835
4612,9,Uttar Pradesh,249503,10,Mungra Badshahpur,Mungra Badshahpur,5,801213
4613,9,Uttar Pradesh,248983,5,Muradnagar,Muradnagar,5,800732
4614,9,Uttar Pradesh,249038,2,Mursan,Mursan,7,800781
4615,9,Uttar Pradesh,249401,4,Musafirkhana,Musafirkhana,7,801117
4616,9,Uttar Pradesh,297651,1,Musanagar,मूसानगर,7,0
4617,9,Uttar Pradesh,248895,15,Muzaffarnagar,Muzaffarnagar,5,800652
4618,9,Uttar Pradesh,249300,1,Nadigaon,Nadigaon,7,801017
4619,9,Uttar Pradesh,298095,8,Nagar Bazar,Nagar Bazar,7,0
4620,9,Uttar Pradesh,248915,2,Nagina,Nagina,5,800668
4621,9,Uttar Pradesh,297083,2,Nagra,Nagra,7,0
4622,9,Uttar Pradesh,249237,2,Nagram,Nagram,7,800955
4623,9,Uttar Pradesh,249534,2,Nai Bazar,Nai Bazar,7,801238
4624,9,Uttar Pradesh,248905,2,Najibabad,Najibabad,5,800661
4625,9,Uttar Pradesh,248876,1,Nakur,Nakur,5,800633
4626,9,Uttar Pradesh,248880,1,Nanauta,Nanauta,7,800638
4627,9,Uttar Pradesh,249042,1,Nandgaon,Nandgaon,7,800785
4628,9,Uttar Pradesh,249408,1,Nanpara,Nanpara,5,801123
4629,9,Uttar Pradesh,249340,6,Naraini,Naraini,7,801057
4630,9,Uttar Pradesh,248936,2,Narauli,Narauli,7,800688
4631,9,Uttar Pradesh,249014,3,Naraura,Naraura,7,800758
4632,9,Uttar Pradesh,297047,2,Narpat Nagar Doondawala,Narpat Nagar Doondawala,7,0
4633,9,Uttar Pradesh,297084,1,Nasirabad,Nasirabad,7,0
4634,9,Uttar Pradesh,248949,1,Naugawan Sadat,Naugawan Sadat,7,800701
4635,9,Uttar Pradesh,249436,1,Nautanwa,Nautanwa,5,801152
4636,9,Uttar Pradesh,297735,6,Nawabganj,NAWABGANJ,7,0
4637,9,Uttar Pradesh,301389,2,Nawabganj (Bara Banki),Nawabganj,5,0
4638,9,Uttar Pradesh,249154,3,Nawabganj(Bareilly),Nawabganj(Bareilly),5,800871
4639,9,Uttar Pradesh,249422,2,Nawabganj(Gonda),Nawabganj(Gonda),5,801137
4640,9,Uttar Pradesh,249222,2,Nawabganj (Unnao),Nawabganj (Unnao),7,800939
4641,9,Uttar Pradesh,248920,1,Nehtaur,Nehtaur,5,800673
4642,9,Uttar Pradesh,249437,1,Nichlaul,Nichlaul,7,801153
4643,9,Uttar Pradesh,249100,1,Nidhauli Kalan,Nidhauli Kalan,7,801264
4644,9,Uttar Pradesh,297085,2,Nighasan,Nighasan,7,0
4645,9,Uttar Pradesh,297049,4,Nigohi,Nigohi,7,0
4646,9,Uttar Pradesh,248978,3,Niwari,Niwari,7,800729
4647,9,Uttar Pradesh,249478,4,Nizamabad,Nizamabad,7,801190
4648,9,Uttar Pradesh,301210,2,Noida,NOIDA,6,0
4649,9,Uttar Pradesh,248923,1,Noorpur,Noorpur,5,800676
4650,9,Uttar Pradesh,249158,1,Nyoria Husainpur,Nyoria Husainpur,7,800875
4651,9,Uttar Pradesh,249221,1,Nyotini,Nyotini,7,800938
4652,9,Uttar Pradesh,249550,1,Obra,Obra,7,801252
4653,9,Uttar Pradesh,249184,1,Oel Dhakwa,Oel Dhakwa,7,800902
4654,9,Uttar Pradesh,249297,3,Orai,Orai,5,801014
4655,9,Uttar Pradesh,249337,1,Oran,Oran,7,801054
4656,9,Uttar Pradesh,249416,4,Pachperwa,Pachperwa,7,801131
4657,9,Uttar Pradesh,249452,5,Padrauna,Padrauna,5,801167
4658,9,Uttar Pradesh,249016,1,Pahasu,Pahasu,7,800760
4659,9,Uttar Pradesh,249195,1,Paintepur,Paintepur,7,800913
4660,9,Uttar Pradesh,297046,2,Pakadia Naugawa,Pakadia Naugawa,7,0
4661,9,Uttar Pradesh,290250,3,Pakbara,PAKBARA,7,0
4662,9,Uttar Pradesh,249176,1,Palia Kalan,Palia Kalan,5,800895
4663,9,Uttar Pradesh,249199,7,Pali (Hardoi),Pali (Hardoi),7,800917
4664,9,Uttar Pradesh,249319,2,Pali (Lalitpur),Pali (Lalitpur),7,801036
4665,9,Uttar Pradesh,297041,4,Paniyara,Paniyara,7,0
4666,9,Uttar Pradesh,301245,1,Paraspur,परसपुर,7,0
4667,9,Uttar Pradesh,248962,1,Parikshitgarh,Parikshitgarh,7,800714
4668,9,Uttar Pradesh,249245,2,Parsadepur,Parsadepur,7,800963
4669,9,Uttar Pradesh,297040,6,Partawal,Partawal,7,0
4670,9,Uttar Pradesh,300782,2,Pathardewa,PATHARDEWA,7,0
4671,9,Uttar Pradesh,249091,2,Patiyali,Patiyali,7,801274
4672,9,Uttar Pradesh,248977,3,Patla,Patla,7,800728
4673,9,Uttar Pradesh,249356,1,Patti,Patti,7,801074
4674,9,Uttar Pradesh,297070,6,Payagpur,Payagpur,7,0
4675,9,Uttar Pradesh,248958,1,Phalauda,Phalauda,7,800710
4676,9,Uttar Pradesh,249271,3,Phaphund,Phaphund,7,800990
4677,9,Uttar Pradesh,249480,3,Phoolpur,फूलपुर,7,801192
4678,9,Uttar Pradesh,249368,3,Phulpur,फूलपुर,7,801085
4679,9,Uttar Pradesh,249198,1,Pihani,Pihani,5,800916
4680,9,Uttar Pradesh,249160,2,Pilibhit,Pilibhit,5,800877
4681,9,Uttar Pradesh,249028,1,Pilkhana,Pilkhana,7,800771
4682,9,Uttar Pradesh,248990,3,Pilkhuwa,Pilkhuwa,5,800736
4683,9,Uttar Pradesh,249073,1,Pinahat,Pinahat,7,800813
4684,9,Uttar Pradesh,249442,6,Pipiganj,Pipiganj,7,801158
4685,9,Uttar Pradesh,249446,4,Pipraich,Pipraich,7,801161
4686,9,Uttar Pradesh,249553,1,Pipri,Pipri,7,801257
4687,9,Uttar Pradesh,297045,3,Pisawa,Pisawa,7,0
4688,9,Uttar Pradesh,297086,3,Poorav Pashchim Shareera,Poorav Pashchim Shareera,7,0
4689,9,Uttar Pradesh,249167,2,Powayan,Powayan,5,800884
4690,9,Uttar Pradesh,249354,1,Pratapgarh City,Pratapgarh City,7,801072
4691,9,Uttar Pradesh,249369,18,Prayagraj,Prayagraj,4,801086
4692,9,Uttar Pradesh,297087,4,Prithviganj,Prithviganj,7,0
4693,9,Uttar Pradesh,249518,2,Pt Deen Dayal Nagar(Mughalsarai),Pt Deen Dayal Nagar(Mughalsarai),5,801227
4694,9,Uttar Pradesh,301243,1,Pt. Deen Dayal Upadhyaya Nagar,पं० दीन दयाल उपाध्याय नगर,6,0
4695,9,Uttar Pradesh,249279,4,Pukhrayan,Pukhrayan,5,801000
4696,9,Uttar Pradesh,249165,1,Puranpur,Puranpur,5,800882
4697,9,Uttar Pradesh,249034,2,Purdilnagar,Purdilnagar,7,800777
4698,9,Uttar Pradesh,248893,3,Purquazi,Purquazi,7,800650
4699,9,Uttar Pradesh,249226,4,Purwa,Purwa,7,800942
4700,9,Uttar Pradesh,249000,1,Rabupura,Rabupura,7,800743
4701,9,Uttar Pradesh,249049,2,Radhakund,Radhakund,7,800796
4702,9,Uttar Pradesh,249241,2,Rae Bareli,Rae Bareli,5,800959
4703,9,Uttar Pradesh,249094,1,Raja Ka Rampur,Raja Ka Rampur,7,801258
4704,9,Uttar Pradesh,249343,5,Rajapur,Rajapur,7,801060
4705,9,Uttar Pradesh,300509,4,Rajesultanpur,Rajesultanpur,7,0
4706,9,Uttar Pradesh,297037,2,Rajpur,Rajpur,7,0
4707,9,Uttar Pradesh,299012,4,Ramganj (Pratapgarh),Ramganj (Pratapgarh),7,0
4708,9,Uttar Pradesh,249453,3,Ramkola,Ramkola,7,801168
4709,9,Uttar Pradesh,249377,3,Ramnagar,Ramnagar,7,801094
4710,9,Uttar Pradesh,248943,4,Rampur,Rampur,5,800695
4711,9,Uttar Pradesh,249291,1,Rampura,Rampura,7,801008
4712,9,Uttar Pradesh,297088,6,Rampur (Jaunpur),Rampur (Jaunpur),7,0
4713,9,Uttar Pradesh,249459,1,Rampur Karkhana,Rampur Karkhana,7,801174
4714,9,Uttar Pradesh,248881,2,Rampur Maniharan,Rampur Maniharan,7,800639
4715,9,Uttar Pradesh,299081,1,Ram Sanehi Ghat,RAM SANEHI GHAT,7,0
4716,9,Uttar Pradesh,277192,9,Raniganj,Raniganj,7,0
4717,9,Uttar Pradesh,249309,1,Ranipur,Ranipur,7,801026
4718,9,Uttar Pradesh,297089,2,Raniya,Raniya,7,0
4719,9,Uttar Pradesh,249495,1,Rasra,Rasra,5,801204
4720,9,Uttar Pradesh,263352,4,Rasulabaad(Kanpur Dehat),Rasulabaad(Kanpur Dehat),7,0
4721,9,Uttar Pradesh,249219,2,Rasulabaad(Unnao),Rasulabaad(Unnao),7,800936
4722,9,Uttar Pradesh,297820,1,Rataul,RATAUL,7,0
4723,9,Uttar Pradesh,249326,4,Rath,Rath,5,801042
4724,9,Uttar Pradesh,297861,5,Ratsar Kala,Ratsar Kala,7,0
4725,9,Uttar Pradesh,249047,1,Raya,Raya,7,800790
4726,9,Uttar Pradesh,249552,4,Renukoot,Renukoot,7,801254
4727,9,Uttar Pradesh,249500,1,Reoti,Reoti,7,801210
4728,9,Uttar Pradesh,249137,1,Richha,Richha,7,800855
4729,9,Uttar Pradesh,249409,1,Risia Bazar,Risia Bazar,7,801124
4730,9,Uttar Pradesh,249152,1,Rithora,Rithora,7,800869
4731,9,Uttar Pradesh,249547,5,Robertsganj,Robertsganj,5,801249
4732,9,Uttar Pradesh,249388,10,Rudauli,Rudauli,5,801105
4733,9,Uttar Pradesh,249121,2,Rudayan,Rudayan,7,800839
4734,9,Uttar Pradesh,263359,3,Rudhauli Bazar,Rudhauli Bazar,7,0
4735,9,Uttar Pradesh,249461,1,Rudrapur,Rudrapur,7,801176
4736,9,Uttar Pradesh,300511,5,Rupaideeha,Rupaideeha,7,0
4737,9,Uttar Pradesh,249276,1,Rura,Rura,7,800997
4738,9,Uttar Pradesh,249039,1,Sadabad,Sadabad,7,800782
4739,9,Uttar Pradesh,249509,1,Sadat,Sadat,7,801219
4740,9,Uttar Pradesh,249215,3,Safipur,Safipur,7,800932
4741,9,Uttar Pradesh,248904,1,Sahanpur,Sahanpur,7,800660
4742,9,Uttar Pradesh,248873,2,Saharanpur,Saharanpur,4,800630
4743,9,Uttar Pradesh,248922,3,Sahaspur,Sahaspur,7,800675
4744,9,Uttar Pradesh,249123,2,Sahaswan,Sahaswan,5,800841
4745,9,Uttar Pradesh,249499,1,Sahatwar,Sahatwar,7,801209
4746,9,Uttar Pradesh,249087,2,Sahawar,Sahawar,7,801270
4747,9,Uttar Pradesh,249443,1,Sahjanwa,Sahjanwa,7,801159
4748,9,Uttar Pradesh,249040,3,Sahpau,Sahpau,7,800783
4749,9,Uttar Pradesh,297714,2,Said Nagli,SAID NAGLI,7,0
4750,9,Uttar Pradesh,249119,3,Saidpur(Badaun),Saidpur(Badaun),7,800837
4751,9,Uttar Pradesh,249510,2,Saidpur(Gazipur),Saidpur(Gazipur),7,801220
4752,9,Uttar Pradesh,297090,2,Saifani,Saifani,7,0
4753,9,Uttar Pradesh,249153,1,Sainthal,Sainthal,7,800870
4754,9,Uttar Pradesh,249521,1,Saiyad Raja,Saiyad Raja,7,801230
4755,9,Uttar Pradesh,249129,2,Sakhanu,Sakhanu,7,800847
4756,9,Uttar Pradesh,249097,1,Sakit,Sakit,7,801261
4757,9,Uttar Pradesh,249465,1,Salempur,Salempur,7,801180
4758,9,Uttar Pradesh,249246,3,Salon,Salon,7,800964
4759,9,Uttar Pradesh,248934,2,Sambhal,Sambhal,5,800686
4760,9,Uttar Pradesh,249253,1,Samdhan,Samdhan,7,800972
4761,9,Uttar Pradesh,249301,1,Samthar,Samthar,5,801018
4762,9,Uttar Pradesh,249202,1,Sandi,Sandi,5,800920
4763,9,Uttar Pradesh,249209,4,Sandila,Sandila,5,800927
4764,9,Uttar Pradesh,300651,1,Sankisa Basantpur,Sankisa Basantpur,7,0
4765,9,Uttar Pradesh,249363,2,Sarai Aquil,Sarai Aquil,7,801081
4766,9,Uttar Pradesh,249479,2,Sarai Mir,Sarai Mir,7,801191
4767,9,Uttar Pradesh,248955,1,Sardhana,Sardhana,5,800707
4768,9,Uttar Pradesh,249324,2,Sarila,Sarila,7,801043
4769,9,Uttar Pradesh,248875,1,Sarsawan,Sarsawan,5,800632
4770,9,Uttar Pradesh,249032,1,Sasni,Sasni,7,800775
4771,9,Uttar Pradesh,249381,1,Satrikh,Satrikh,7,801098
4772,9,Uttar Pradesh,249051,1,Saunkh,Saunkh,7,800798
4773,9,Uttar Pradesh,249257,1,Saurikh,Saurikh,7,800976
4774,9,Uttar Pradesh,248921,1,Seohara,Seohara,5,800674
4775,9,Uttar Pradesh,248967,1,Sewalkhas,Sewalkhas,7,800718
4776,9,Uttar Pradesh,249457,5,Sewarhi,Sewarhi,7,801172
4777,9,Uttar Pradesh,249197,17,Shahabad,Shahabad,5,800915
4778,9,Uttar Pradesh,248944,6,Shahbad,SHAHBAD,7,800696
4779,9,Uttar Pradesh,249501,1,Shahganj,Shahganj,5,801211
4780,9,Uttar Pradesh,249143,2,Shahi,Shahi,7,800861
4781,9,Uttar Pradesh,301349,1,Shahjaganpur,Shahjaganpur,7,0
4782,9,Uttar Pradesh,297802,9,Shahjahanpur,Shahjahanpur,4,0
4783,9,Uttar Pradesh,248898,2,Shahpur,Shahpur,7,800655
4784,9,Uttar Pradesh,248888,3,Shamli,Shamli,5,800645
4785,9,Uttar Pradesh,249071,1,Shamsabad,Shamsabad,5,800811
4786,9,Uttar Pradesh,297032,4,Shamshabad,Shamshabad,7,0
4787,9,Uttar Pradesh,249370,1,Shankargarh,Shankargarh,7,801088
4788,9,Uttar Pradesh,249139,1,Shergarh,Shergarh,7,800857
4789,9,Uttar Pradesh,248918,1,Sherkot,Sherkot,5,800671
4790,9,Uttar Pradesh,249015,1,Shikarpur,Shikarpur,5,800759
4791,9,Uttar Pradesh,249082,2,Shikohabad,Shikohabad,5,800819
4792,9,Uttar Pradesh,249140,1,Shishgarh,Shishgarh,7,800858
4793,9,Uttar Pradesh,300739,7,Shivgarh,SHIVGARH,7,0
4794,9,Uttar Pradesh,249275,1,Shivli,Shivli,7,800996
4795,9,Uttar Pradesh,249283,2,Shivrajpur,Shivrajpur,7,801003
4796,9,Uttar Pradesh,249426,5,Shohratgarh,Shohratgarh,7,801140
4797,9,Uttar Pradesh,249008,1,Siana,Siana,5,800752
4798,9,Uttar Pradesh,249427,11,Siddharth Nagar (Tetri Bazar),Siddharth Nagar (Tetri Bazar),5,801141
4799,9,Uttar Pradesh,249386,1,Siddhaur,Siddhaur,7,801102
4800,9,Uttar Pradesh,249196,1,Sidhauli,Sidhauli,7,800914
4801,9,Uttar Pradesh,249092,3,Sidhpura,Sidhpura,7,801275
4802,9,Uttar Pradesh,263355,2,Sikandara,Sikandara,7,0
4803,9,Uttar Pradesh,249493,2,Sikanderpur (Ballia),Sikanderpur (Ballia),7,801203
4804,9,Uttar Pradesh,249255,3,Sikanderpur (Kannauj),Sikanderpur (Kannauj),7,800974
4805,9,Uttar Pradesh,249003,1,Sikandrabad,Sikandrabad,5,800746
4806,9,Uttar Pradesh,249033,1,Sikandra Rao,Sikandra Rao,5,800776
4807,9,Uttar Pradesh,249177,1,Singahi Bhiraura,Singahi Bhiraura,7,800894
4808,9,Uttar Pradesh,249358,2,Sirathu,Sirathu,7,801076
4809,9,Uttar Pradesh,249146,1,Sirauli,Sirauli,7,800864
4810,9,Uttar Pradesh,249373,1,Sirsa,Sirsa,7,801090
4811,9,Uttar Pradesh,249083,3,Sirsaganj,Sirsaganj,5,800820
4812,9,Uttar Pradesh,248933,2,Sirsi,Sirsi,7,800685
4813,9,Uttar Pradesh,248896,2,Sisauli,Sisauli,7,800653
4814,9,Uttar Pradesh,249438,7,Siswa Bazar,Siswa Bazar,5,801154
4815,9,Uttar Pradesh,249189,2,Sitapur,Sitapur,5,800907
4816,9,Uttar Pradesh,277139,2,Sonauli,Sonauli,7,0
4817,9,Uttar Pradesh,249084,2,Soron,Soron,5,801267
4818,9,Uttar Pradesh,248939,2,Suar,Suar,5,800691
4819,9,Uttar Pradesh,253131,1,Subeha,Subeha,7,801104
4820,9,Uttar Pradesh,249412,7,Sukrauli,Sukrauli,7,801127
4821,9,Uttar Pradesh,249404,2,Sultanpur,Sultanpur,5,801119
4822,9,Uttar Pradesh,248874,2,Sultanpur Chilkana,SULTANPUR CHILKANA,7,800631
4823,9,Uttar Pradesh,249323,2,Sumerpur,Sumerpur,7,801040
4824,9,Uttar Pradesh,249533,1,Suriyawan,Suriyawan,7,801237
4825,9,Uttar Pradesh,297054,4,Suwansa Bazar,Suwansa Bazar,7,0
4826,9,Uttar Pradesh,249061,1,Swamibagh,Swamibagh,7,800803
4827,9,Uttar Pradesh,249317,1,Talbehat,Talbehat,7,801034
4828,9,Uttar Pradesh,249258,1,Talgram,Talgram,7,800977
4829,9,Uttar Pradesh,249192,3,Tambaur Cum Ahmadabad,Tambaur Cum Ahmadabad,7,800910
4830,9,Uttar Pradesh,297036,3,Tamkuhi Raj,Tamkuhi Raj,7,0
4831,9,Uttar Pradesh,248940,4,Tanda,टांडा,5,800692
4832,9,Uttar Pradesh,249396,4,Tanda (Ambedkar Nagar),टांडा,5,801113
4833,9,Uttar Pradesh,301012,2,Tarabganj,TARABGANJ,7,0
4834,9,Uttar Pradesh,300807,3,Tarkulwa,TARKULWA,7,0
4835,9,Uttar Pradesh,248925,2,Thakurdwara,Thakurdwara,5,800678
4836,9,Uttar Pradesh,248891,3,Thana Bhawan,Thana Bhawan,7,800648
4837,9,Uttar Pradesh,249151,1,Thiriya Nizamat Khan,Thiriya Nizamat Khan,7,800868
4838,9,Uttar Pradesh,249384,1,Tikait Nagar,Tikait Nagar,7,801100
4839,9,Uttar Pradesh,248970,1,Tikri,Tikri,7,800721
4840,9,Uttar Pradesh,249170,1,Tilhar,Tilhar,5,800887
4841,9,Uttar Pradesh,249335,3,Tindwari,Tindwari,7,801052
4842,9,Uttar Pradesh,249260,1,Tirwaganj,Tirwaganj,7,800979
4843,9,Uttar Pradesh,248879,1,Titron,Titron,7,800636
4844,9,Uttar Pradesh,249307,1,Tondi Fatehpur,Tondi Fatehpur,7,801024
4845,9,Uttar Pradesh,249415,2,Tulsipur,Tulsipur,7,801130
4846,9,Uttar Pradesh,249075,3,Tundla,Tundla,5,800815
4847,9,Uttar Pradesh,249214,3,Ugu,Ugu,7,800931
4848,9,Uttar Pradesh,249125,2,Ujhani,Ujhani,5,800843
4849,9,Uttar Pradesh,248953,2,Ujhari,Ujhari,7,800705
4850,9,Uttar Pradesh,249292,3,Umri,Umri,7,801009
4851,9,Uttar Pradesh,248927,2,Umri Kalan,Umri Kalan,7,800680
4852,9,Uttar Pradesh,249244,1,Unchahar,Unchahar,7,800962
4853,9,Uttar Pradesh,248883,3,Unn,Unn,7,800640
4854,9,Uttar Pradesh,249223,2,Unnao,Unnao,5,800940
4855,9,Uttar Pradesh,300721,15,Uruwa Bazar,URUWA BAZAR,7,0
4856,9,Uttar Pradesh,249133,2,Usawan,Usawan,7,800851
4857,9,Uttar Pradesh,249134,2,Usehat,Usehat,7,800852
4858,9,Uttar Pradesh,257826,2,Uska Bazar,Uska Bazar,7,801142
4859,9,Uttar Pradesh,249417,1,Utraula,Utraula,5,801132
4860,9,Uttar Pradesh,249531,18,Varanasi,Varanasi,4,801235
4861,9,Uttar Pradesh,249029,1,Vijaigarh,Vijaigarh,7,800772
4862,9,Uttar Pradesh,270654,1,Walidpur,Walidpur,7,0
4863,9,Uttar Pradesh,248916,1,Warhapur,Warhapur,7,800669
4864,9,Uttar Pradesh,249120,2,Wazirganj,Wazirganj,7,800838
4865,9,Uttar Pradesh,274822,24,Yeida,YEIDA,6,0
4866,9,Uttar Pradesh,297091,1,Zafrabad,Zafrabad,7,0
4867,9,Uttar Pradesh,249382,2,Zaidpur,Zaidpur,7,801099
4868,9,Uttar Pradesh,249516,1,Zamania,Zamania,5,801226
4869,19,West Bengal,249958,5,Alipurduar,Alipurduar,5,801642
4870,19,West Bengal,250168,1,Arambag,Arambag,5,801724
4871,19,West Bengal,250032,3,Asansol,Asansol,4,801671
4872,19,West Bengal,250128,2,Ashokenagar Kalyangarh,অশোকনগর কল্যাণগড়,5,801698
4873,19,West Bengal,250134,1,Baduria,Baduria,5,801706
4874,19,West Bengal,250175,1,Baidyabati,Baidyabati,5,801727
4875,19,West Bengal,250246,1,Bally,Bally,5,801739
4876,19,West Bengal,249989,1,Balurghat,Balurghat,5,801654
4877,19,West Bengal,250209,1,Bankura,Bankura,5,801733
4878,19,West Bengal,250170,1,Bansberia,Bansberia,5,801720
4879,19,West Bengal,250141,1,Baranagar,Baranagar,5,801712
4880,19,West Bengal,250135,1,Barasat,Barasat,5,801707
4881,19,West Bengal,250132,1,Barrackpur,Barrackpur,5,801702
4882,19,West Bengal,250304,1,Baruipur,Baruipur,5,801747
4883,19,West Bengal,250147,1,Basirhat,Basirhat,5,801718
4884,19,West Bengal,250001,1,Beldanga,Beldanga,5,801663
4885,19,West Bengal,249999,2,Berhampore,বহরমপুর,5,801662
4886,19,West Bengal,250173,1,Bhadreswar,Bhadreswar,5,801725
4887,19,West Bengal,250125,1,Bhatpara,Bhatpara,5,801695
4888,19,West Bengal,250145,3,Bidhannagar,Bidhannagar,4,801716
4889,19,West Bengal,250100,1,Birnagar,Birnagar,5,801685
4890,19,West Bengal,250210,1,Bishnupur,Bishnupur,5,801735
4891,19,West Bengal,250028,1,Bolpur,Bolpur,5,801669
4892,19,West Bengal,250121,2,Bongaon,বনগাঁও,5,801691
4893,19,West Bengal,250301,1,Budge Budge,Budge Budge,5,801744
4894,19,West Bengal,289244,2,Buniadpur,Buniadpur,5,0
4895,19,West Bengal,250038,2,Burdwan,বর্ধমান,5,801678
4896,19,West Bengal,250103,1,Chakdaha,Chakdaha,5,801688
4897,19,West Bengal,250174,2,Champdany,চ্যাম্পডানি,5,801726
4898,19,West Bengal,250172,1,Chandannagar,Chandannagar,4,801722
4899,19,West Bengal,250226,1,Chandrakona,Chandrakona,5,801752
4900,19,West Bengal,250236,1,Contai,Contai,5,801762
4901,19,West Bengal,249975,2,Cooch Behar,কোচবিহার,5,801646
4902,19,West Bengal,250102,1,Cooper S Camp,Cooper S Camp,6,801687
4903,19,West Bengal,250036,1,Dainhat,Dainhat,5,801676
4904,19,West Bengal,249985,1,Dalkhola,Dalkhola,5,801650
4905,19,West Bengal,298972,2,Dankuni,ডানকুনি,5,0
4906,19,West Bengal,249946,2,Darjeeling,দার্জিলিং,5,801634
4907,19,West Bengal,249995,1,Dhulian,Dhulian,5,801657
4908,19,West Bengal,249970,1,Dhupguri,Dhupguri,5,801641
4909,19,West Bengal,250305,1,Diamond Harbour,Diamond Harbour,5,801748
4910,19,West Bengal,249977,1,Dinhata,Dinhata,5,801648
4911,19,West Bengal,273007,1,Domkal,Domkal,5,0
4912,19,West Bengal,250027,1,Dubrajpur,Dubrajpur,5,801668
4913,19,West Bengal,250143,1,Dum Dum,Dum Dum,5,801713
4914,19,West Bengal,250034,3,Durgapur,Durgapur,4,801674
4915,19,West Bengal,250235,1,Egra,Egra,5,801761
4916,19,West Bengal,249991,1,English Bazar,English Bazar,5,801656
4917,19,West Bengal,299774,1,Falakata,Falakata,5,0
4918,19,West Bengal,249988,2,Gangarampore,গঙ্গারামপুর,5,801653
4919,19,West Bengal,250129,1,Garulia,Garulia,5,801699
4920,19,West Bengal,250105,2,Gayeshpur,গয়েশপুর,5,801690
4921,19,West Bengal,250229,1,Ghatal,Ghatal,5,801754
4922,19,West Bengal,250126,1,Gobardanga,Gobardanga,5,801696
4923,19,West Bengal,250037,1,Guskara,Guskara,5,801677
4924,19,West Bengal,250127,1,Habra,Habra,5,801697
4925,19,West Bengal,250234,1,Haldia,Haldia,5,801760
4926,19,West Bengal,249972,1,Haldibari,Haldibari,5,801643
4927,19,West Bengal,250123,1,Halisahar,Halisahar,5,801692
4928,19,West Bengal,273006,1,Haringhata,Haringhata,5,0
4929,19,West Bengal,250171,2,Hooghly Chinsurah,হুগলি চিনসূরা,5,801721
4930,19,West Bengal,250247,2,Howrah,হাওড়া,4,801740
4931,19,West Bengal,249982,2,Islampore,ইসলামপুর,5,801649
4932,19,West Bengal,249956,1,Jalpaiguri,Jalpaiguri,5,801640
4933,19,West Bengal,249996,1,Jangipur,Jangipur,5,801658
4934,19,West Bengal,250306,1,Jaynagar Mazilpur,Jaynagar Mazilpur,5,801749
4935,19,West Bengal,250214,1,Jhalda,Jhalda,5,801736
4936,19,West Bengal,250231,1,Jhargram,Jhargram,5,801756
4937,19,West Bengal,249997,1,Jiaganj Azimganj,Jiaganj Azimganj,5,801659
4938,19,West Bengal,249984,1,Kaliaganj,Kaliaganj,5,801652
4939,19,West Bengal,249947,1,Kalimpong,Kalimpong,5,801635
4940,19,West Bengal,250040,1,Kalna,Kalna,5,801679
4941,19,West Bengal,250104,1,Kalyani,Kalyani,5,801689
4942,19,West Bengal,250140,1,Kamarhati,Kamarhati,5,801711
4943,19,West Bengal,250122,1,Kanchrapara,Kanchrapara,5,801693
4944,19,West Bengal,250000,1,Kandi,Kandi,5,801661
4945,19,West Bengal,250035,1,Katwa,Katwa,5,801675
4946,19,West Bengal,250232,1,Kharagpur,Kharagpur,5,801757
4947,19,West Bengal,250228,1,Kharar,Kharar,5,801753
4948,19,West Bengal,250137,2,Khardah,খরদহ,5,801704
4949,19,West Bengal,250227,2,Khirpai,খিরপাই,5,801751
4950,19,West Bengal,250299,2,Kolkata,Kolkata,4,801742
4951,19,West Bengal,250178,1,Konnagar,Konnagar,5,801730
4952,19,West Bengal,250096,1,Krishnanagar,Krishnanagar,5,801682
4953,19,West Bengal,249949,1,Kurseong,Kurseong,5,801637
4954,19,West Bengal,250136,1,Madhyamgram,Madhyamgram,5,801708
4955,19,West Bengal,250300,1,Maheshtala,Maheshtala,5,801743
4956,19,West Bengal,249955,1,Mal,Mal,5,801639
4957,19,West Bengal,249974,1,Mathabhanga,Mathabhanga,5,801645
4958,19,West Bengal,301103,1,Maynaguri,Maynaguri,5,0
4959,19,West Bengal,249973,1,Mekliganj,Mekliganj,5,801644
4960,19,West Bengal,250039,1,Memari,Memari,5,801680
4961,19,West Bengal,250230,2,Midnapore,মেদিনীপুর,5,801755
4962,19,West Bengal,249948,1,Mirik,Mirik,6,801636
4963,19,West Bengal,249998,1,Murshidabad,Murshidabad,5,801660
4964,19,West Bengal,250097,1,Nabadwip,Nabadwip,5,801681
4965,19,West Bengal,250124,1,Naihati,Naihati,5,801694
4966,19,West Bengal,253250,1,Nalhati,Nalhati,5,801664
4967,19,West Bengal,250139,2,New Barrackpore,নিউ ব্যারাকপুর,5,801709
4968,19,West Bengal,250131,2,North Barrackpore,উত্তর ব্যারাকপুর,5,801700
4969,19,West Bengal,250142,1,North Dum Dum,North Dum Dum,5,801710
4970,19,West Bengal,249990,2,Old Malda,পুরাতন মালদা,5,801655
4971,19,West Bengal,250138,1,Panihati,Panihati,5,801705
4972,19,West Bengal,253229,1,Panskura,Panskura,5,801758
4973,19,West Bengal,250302,1,Pujali,Pujali,5,801745
4974,19,West Bengal,250215,2,Purulia,পুরুলিয়া,5,801738
4975,19,West Bengal,250213,1,Raghunathpur,Raghunathpur,5,801737
4976,19,West Bengal,249983,1,Raiganj,Raiganj,5,801651
4977,19,West Bengal,250303,1,Rajpur Sonarpur,Rajpur Sonarpur,5,801746
4978,19,West Bengal,250225,1,Ramjibanpur,Ramjibanpur,5,801750
4979,19,West Bengal,250024,1,Rampurhat,Rampurhat,5,801665
4980,19,West Bengal,250101,1,Ranaghat,Ranaghat,5,801686
4981,19,West Bengal,250177,1,Rishra,Rishra,5,801729
4982,19,West Bengal,250025,1,Sainthia,Sainthia,5,801667
4983,19,West Bengal,250099,1,Santipur,Santipur,5,801683
4984,19,West Bengal,250176,1,Serampore,Serampore,5,801728
4985,19,West Bengal,249957,1,Siliguri,Siliguri,4,801638
4986,19,West Bengal,250208,1,Sonamukhi,Sonamukhi,5,801734
4987,19,West Bengal,250144,1,South Dum Dum,South Dum Dum,5,801714
4988,19,West Bengal,250026,3,Suri,Suri,5,801666
4989,19,West Bengal,250098,1,Taherpur,Taherpur,6,801684
4990,19,West Bengal,250148,1,Taki,Taki,5,801719
4991,19,West Bengal,250233,2,Tamralipta,তাম্রলিপ্ত,5,801759
4992,19,West Bengal,250169,1,Tarakeswar,Tarakeswar,5,801723
4993,19,West Bengal,250133,1,Titagarh,Titagarh,5,801703
4994,19,West Bengal,249976,1,Tufanganj,Tufanganj,5,801647
4995,19,West Bengal,250248,1,Uluberia,Uluberia,5,801741
4996,19,West Bengal,250179,1,Uttarpara Kotrung,Uttarpara Kotrung,5,801732
